file	label	scene	speaker	text
activity_menu.rpy	unknown		narrator	gain
activity_menu.rpy	unknown		narrator	cost
activity_menu.rpy	unknown		narrator	need
activity_menu.rpy	unknown		narrator	time
activity_menu.rpy	unknown		narrator	info
activity_menu.rpy	unknown		narrator	earn
activity_menu.rpy	unknown		narrator	
activity_menu.rpy	unknown		narrator	
activity_menu.rpy	unknown		insensitive_color	#3a4a56
activity_menu.rpy	unknown		focus	tooltip
activity_menu.rpy	unknown		background	#12161ef2
activity_menu.rpy	unknown		background	#000000aa
activity_menu.rpy	unknown		narrator	location_library
activity_menu.rpy	unknown		narrator	location_office
activity_menu.rpy	unknown		narrator	location_casino
ambient_npc.rpy	unknown		narrator	darren
ambient_npc.rpy	unknown		narrator	name
ambient_npc.rpy	unknown		narrator	interests
ambient_npc.rpy	unknown		narrator	blurb
ambient_npc.rpy	unknown		narrator	maya
ambient_npc.rpy	unknown		narrator	name
ambient_npc.rpy	unknown		narrator	interests
ambient_npc.rpy	unknown		narrator	blurb
ambient_npc.rpy	unknown		narrator	chris
ambient_npc.rpy	unknown		narrator	name
ambient_npc.rpy	unknown		narrator	interests
ambient_npc.rpy	unknown		narrator	blurb
ambient_npc.rpy	unknown		narrator	rachel
ambient_npc.rpy	unknown		narrator	name
ambient_npc.rpy	unknown		narrator	interests
ambient_npc.rpy	unknown		narrator	blurb
ambient_npc.rpy	unknown		narrator	ben
ambient_npc.rpy	unknown		narrator	name
ambient_npc.rpy	unknown		narrator	interests
ambient_npc.rpy	unknown		narrator	blurb
ambient_npc.rpy	unknown		narrator	tony
ambient_npc.rpy	unknown		narrator	name
ambient_npc.rpy	unknown		narrator	interests
ambient_npc.rpy	unknown		narrator	blurb
ambient_npc.rpy	unknown		narrator	priya
ambient_npc.rpy	unknown		narrator	name
ambient_npc.rpy	unknown		narrator	interests
ambient_npc.rpy	unknown		narrator	blurb
ambient_npc.rpy	unknown		narrator	oskar_j
ambient_npc.rpy	unknown		narrator	name
ambient_npc.rpy	unknown		narrator	interests
ambient_npc.rpy	unknown		narrator	blurb
ambient_npc.rpy	unknown		narrator	dee
ambient_npc.rpy	unknown		narrator	name
ambient_npc.rpy	unknown		narrator	interests
ambient_npc.rpy	unknown		narrator	blurb
ambient_npc.rpy	unknown		narrator	hana
ambient_npc.rpy	unknown		narrator	name
ambient_npc.rpy	unknown		narrator	interests
ambient_npc.rpy	unknown		narrator	blurb
ambient_npc.rpy	unknown		narrator	vic
ambient_npc.rpy	unknown		narrator	name
ambient_npc.rpy	unknown		narrator	interests
ambient_npc.rpy	unknown		narrator	blurb
ambient_npc.rpy	unknown		narrator	sonia
ambient_npc.rpy	unknown		narrator	name
ambient_npc.rpy	unknown		narrator	interests
ambient_npc.rpy	unknown		narrator	blurb
ambient_npc.rpy	unknown		narrator	
ambient_npc.rpy	unknown		narrator	%s is here. She waves you over without looking up.
ambient_npc.rpy	unknown		narrator	eli_hub_laptop
ambient_npc.rpy	unknown		narrator	npc
ambient_npc.rpy	unknown		narrator	weight
ambient_npc.rpy	unknown		narrator	hours
ambient_npc.rpy	unknown		narrator	intro
ambient_npc.rpy	unknown		narrator	label
ambient_npc.rpy	unknown		narrator	marcus_bar_pool
ambient_npc.rpy	unknown		narrator	npc
ambient_npc.rpy	unknown		narrator	weight
ambient_npc.rpy	unknown		narrator	hours
ambient_npc.rpy	unknown		narrator	intro
ambient_npc.rpy	unknown		narrator	label
ambient_npc.rpy	unknown		narrator	zoe_art_market
ambient_npc.rpy	unknown		narrator	npc
ambient_npc.rpy	unknown		narrator	event_context
ambient_npc.rpy	unknown		narrator	weight
ambient_npc.rpy	unknown		narrator	hours
ambient_npc.rpy	unknown		narrator	intro
ambient_npc.rpy	unknown		narrator	label
ambient_npc.rpy	unknown		narrator	nora_cafe_busy
ambient_npc.rpy	unknown		narrator	npc
ambient_npc.rpy	unknown		narrator	incident_context
ambient_npc.rpy	unknown		narrator	weight
ambient_npc.rpy	unknown		narrator	hours
ambient_npc.rpy	unknown		narrator	intro
ambient_npc.rpy	unknown		narrator	label
ambient_npc.rpy	unknown		narrator	sam_gym_challenge
ambient_npc.rpy	unknown		narrator	npc
ambient_npc.rpy	unknown		narrator	event_context
ambient_npc.rpy	unknown		narrator	weight
ambient_npc.rpy	unknown		narrator	hours
ambient_npc.rpy	unknown		narrator	intro
ambient_npc.rpy	unknown		narrator	label
ambient_npc.rpy	unknown		narrator	
ambient_npc.rpy	unknown		narrator	[_wp_name] — [_wp_blurb]
ambient_npc.rpy	unknown		narrator	You spot [_wp_names] in the crowd.
ambient_npc.rpy	unknown		narrator	[_inc_intro]
ambient_npc.rpy	unknown		narrator	([_inc_result])
ambient_npc.rpy	unknown		narrator	[_amb_intro]
ambient_npc.rpy	unknown		narrator	You don't know them. They're just here, the way people are.
ambient_npc.rpy	unknown		narrator	Say hello
ambient_npc.rpy	unknown		narrator	\"Hey.\" A short nod back. That's the whole exchange, and it's fine.
ambient_npc.rpy	unknown		narrator	Leave them to it
ambient_npc.rpy	unknown		narrator	You've seen [_amb_name] enough times now that not saying anything would be odd.
ambient_npc.rpy	unknown		narrator	Chat for a minute
ambient_npc.rpy	unknown		narrator	[_amb_tip]
ambient_npc.rpy	unknown		narrator	Just a nod
ambient_npc.rpy	unknown		narrator	\"There you are,\" [_amb_name] says, like you were expected.
ambient_npc.rpy	unknown		narrator	Catch up
ambient_npc.rpy	unknown		narrator	[_amb_tip]
ambient_npc.rpy	unknown		narrator	Not today
ambient_npc.rpy	unknown		narrator	[_enc_intro]
ambient_npc.rpy	eli_encounter_hub		Eli	Someone donated this to the club. It boots. That is the whole of its good news.
ambient_npc.rpy	eli_encounter_hub		narrator	Offer to help
ambient_npc.rpy	eli_encounter_hub		Eli	Hold the case open. Don't let it close on my hand again.
ambient_npc.rpy	eli_encounter_hub		narrator	Twenty minutes later it has a working fan and a slightly different problem.
ambient_npc.rpy	eli_encounter_hub		narrator	Ask why she bothers
ambient_npc.rpy	eli_encounter_hub		Eli	Because someone will use it. That's usually enough of a reason.
ambient_npc.rpy	marcus_encounter_bar_pool		Marcus	You're just in time to lose at something.
ambient_npc.rpy	marcus_encounter_bar_pool		narrator	Play a frame
ambient_npc.rpy	marcus_encounter_bar_pool		narrator	You lose. He is unbearable about it for exactly one minute, then buys the next round.
ambient_npc.rpy	marcus_encounter_bar_pool		narrator	Just watch
ambient_npc.rpy	marcus_encounter_bar_pool		Marcus	Fine. But you're calling the shots then.
ambient_npc.rpy	zoe_encounter_art_market		Zoe	He's selling primed board as canvas. At canvas prices.
ambient_npc.rpy	zoe_encounter_art_market		narrator	Back her up
ambient_npc.rpy	zoe_encounter_art_market		Zoe	See, that's why I like having you around. Witnesses.
ambient_npc.rpy	zoe_encounter_art_market		narrator	Suggest she let it go
ambient_npc.rpy	zoe_encounter_art_market		Zoe	I will. In a minute. After he admits it.
ambient_npc.rpy	nora_encounter_busy		Nora	Two minutes. Or forty. I genuinely can't tell yet.
ambient_npc.rpy	nora_encounter_busy		narrator	Wait it out
ambient_npc.rpy	nora_encounter_busy		narrator	You wait. When the queue finally breaks she puts a coffee down in front of you without being asked.
ambient_npc.rpy	nora_encounter_busy		narrator	Come back later
ambient_npc.rpy	nora_encounter_busy		Nora	Smart. Go on.
ambient_npc.rpy	sam_encounter_challenge		Sam	Half of these are going to hurt themselves for a number on a whiteboard.
ambient_npc.rpy	sam_encounter_challenge		narrator	Ask what she'd do differently
ambient_npc.rpy	sam_encounter_challenge		Sam	Publish the programme, not the total. Nobody would come.
ambient_npc.rpy	sam_encounter_challenge		narrator	Point out she's still here
ambient_npc.rpy	sam_encounter_challenge		Sam	...Someone has to spot them.
arcs.rpy	arc_zoe_art_1		Zoe	What do I draw? Mostly this.
arcs.rpy	arc_zoe_art_1		narrator	She flips to a page in her sketchbook — waterfront buildings caught in the reflection of broken waves. Lines precise, light somehow alive.
arcs.rpy	arc_zoe_art_1		Zoe	I've been trying to get it right for months. Every time I think I'm close the water changes.
arcs.rpy	arc_zoe_art_1		narrator	Can I look?
arcs.rpy	arc_zoe_art_1		Zoe	Sure.
arcs.rpy	arc_zoe_art_1		narrator	She holds it out. The lines are very good. The light is better than good.
arcs.rpy	arc_zoe_art_1		narrator	It's good.
arcs.rpy	arc_zoe_art_1		Zoe	It's not, yet. But thanks.
arcs.rpy	arc_zoe_art_2		Zoe	There's an exhibition next month. Small gallery, nothing major.
arcs.rpy	arc_zoe_art_2		Zoe	I submitted three pieces. We'll see what they do with them.
arcs.rpy	arc_zoe_art_2		narrator	I'd like to see it.
arcs.rpy	arc_zoe_art_2		Zoe	Yeah?
arcs.rpy	arc_zoe_art_2		narrator	She looks briefly caught off guard — the expression of someone who had already braced for the more likely response.
arcs.rpy	arc_zoe_art_2		Zoe	I'll let you know when the opening is.
arcs.rpy	arc_zoe_art_2		narrator	What's the theme?
arcs.rpy	arc_zoe_art_2		Zoe	The city. How it changes while you're looking at something else.
arcs.rpy	arc_zoe_art_3		Zoe	The gallery rejected the funding application.
arcs.rpy	arc_zoe_art_3		narrator	She says it the way you'd read out a weather report. Factual. Completely flat.
arcs.rpy	arc_zoe_art_3		Zoe	Three years of work. Five hundred words of justification. Apparently not quite what they were looking for.
arcs.rpy	arc_zoe_art_3		narrator	That's genuinely awful. I'm sorry.
arcs.rpy	arc_zoe_art_3		Zoe	Yeah.
arcs.rpy	arc_zoe_art_3		narrator	A long pause. She looks somewhere past your shoulder.
arcs.rpy	arc_zoe_art_3		Zoe	Thanks for not telling me I'll bounce back.
arcs.rpy	arc_zoe_art_3		narrator	What did they say, exactly?
arcs.rpy	arc_zoe_art_3		Zoe	That the work is 'technically accomplished but lacks clear commercial direction.'
arcs.rpy	arc_zoe_art_3		narrator	She says it in perfect quotation marks. Something tightens in her jaw.
arcs.rpy	arc_zoe_art_3		narrator	Maybe the commercial angle isn't the point.
arcs.rpy	arc_zoe_art_3		Zoe	That's a nice thought.
arcs.rpy	arc_zoe_art_3		narrator	Pause.
arcs.rpy	arc_zoe_art_3		Zoe	Doesn't pay for materials, though.
arcs.rpy	arc_zoe_art_4		Zoe	The opening is Friday. I've been standing in the space trying to decide if the work is done, or if I just ran out of time to change it.
arcs.rpy	arc_zoe_art_4		narrator	I'll be there.
arcs.rpy	arc_zoe_art_4		Zoe	Yeah?
arcs.rpy	arc_zoe_art_4		narrator	A real smile this time — not the careful one she usually has available.
arcs.rpy	arc_zoe_art_4		Zoe	Okay. Good.
arcs.rpy	arc_zoe_art_4		narrator	You'll know when you see it in the room.
arcs.rpy	arc_zoe_art_4		Zoe	Maybe.
arcs.rpy	arc_zoe_art_4		narrator	She's quiet for a moment.
arcs.rpy	arc_zoe_art_4		Zoe	Maybe.
arcs.rpy	arc_zoe_music_1		Zoe	Depends on the time of day. Morning is usually something without words. Evening is everything.
arcs.rpy	arc_zoe_music_1		Zoe	Right now there's this band out of Warsaw — they play like they're running out of time.
arcs.rpy	arc_zoe_music_2		Zoe	I used to play bass, actually. Did for years.
arcs.rpy	arc_zoe_music_2		Zoe	Just... stopped one day. I think I was trying to be too many things at once.
arcs.rpy	arc_zoe_music_2		narrator	Do you miss it?
arcs.rpy	arc_zoe_music_2		Zoe	Sometimes I see a bass in a shop window and think about it for about thirty seconds.
arcs.rpy	arc_zoe_music_2		Zoe	Then I keep walking.
arcs.rpy	arc_zoe_music_2		narrator	You should pick it up again.
arcs.rpy	arc_zoe_music_2		Zoe	Yeah, maybe.
arcs.rpy	arc_zoe_music_2		narrator	She's already looking somewhere else.
arcs.rpy	arc_nora_food_1		Nora	I make this pasta. My grandmother's recipe. I've been making it since I was about eight.
arcs.rpy	arc_nora_food_1		Nora	It's nothing special if you write it down. But there's something about making it.
arcs.rpy	arc_nora_food_2		Nora	I took a pastry course last year. Night classes, three months.
arcs.rpy	arc_nora_food_2		Nora	Turns out I'm better at desserts than main courses. No idea what to do with that information.
arcs.rpy	arc_nora_food_2		narrator	Open a patisserie.
arcs.rpy	arc_nora_food_2		Nora	Oh sure. No capital, tiny kitchen, perfect plan.
arcs.rpy	arc_nora_food_2		narrator	She's smiling though. It's a real smile.
arcs.rpy	arc_nora_food_2		narrator	Maybe it means something.
arcs.rpy	arc_nora_food_2		Nora	Maybe. Or maybe I just really like eating the results.
arcs.rpy	arc_nora_ambition_1		Nora	I've been putting money aside. Not much. But steadily.
arcs.rpy	arc_nora_ambition_1		narrator	She doesn't elaborate. The coffee machine does something loud and she lets it.
arcs.rpy	arc_nora_ambition_1		narrator	For what?
arcs.rpy	arc_nora_ambition_1		Nora	Does it count as a dream if it's not allowed to be a plan yet?
arcs.rpy	arc_nora_ambition_1		narrator	That's smart.
arcs.rpy	arc_nora_ambition_1		Nora	Or just scared of nothing changing.
arcs.rpy	arc_nora_ambition_2		Nora	I got in. Culinary programme, other side of the city.
arcs.rpy	arc_nora_ambition_2		Nora	September intake. I have until Friday to say yes.
arcs.rpy	arc_nora_ambition_2		narrator	She's looking at the counter. Not at you.
arcs.rpy	arc_nora_ambition_2		narrator	What's stopping you?
arcs.rpy	arc_nora_ambition_2		Nora	Fear, I think. Which is not actually a reason. But here we are.
arcs.rpy	arc_nora_ambition_2		narrator	You should go.
arcs.rpy	arc_nora_ambition_2		Nora	Yeah.
arcs.rpy	arc_nora_ambition_2		narrator	A pause.
arcs.rpy	arc_nora_ambition_2		Nora	Yeah.
arcs.rpy	arc_nora_ambition_2		narrator	What would you lose if you don't go?
arcs.rpy	arc_nora_ambition_2		Nora	That's a worse question than you think.
arcs.rpy	arc_nora_ambition_2		narrator	She finally looks up.
arcs.rpy	arc_marcus_sports_1		Marcus	Six AM every day. Even weekends.
arcs.rpy	arc_marcus_sports_1		Marcus	People think it's discipline. Really it's just that I can't sleep past five anyway.
arcs.rpy	arc_marcus_sports_2		Marcus	I got an offer at eighteen. Semi-pro basketball, small league, city about three hours from here.
arcs.rpy	arc_marcus_sports_2		Marcus	Didn't take it.
arcs.rpy	arc_marcus_sports_2		narrator	He doesn't say why. You wait.
arcs.rpy	arc_marcus_sports_2		narrator	Why not?
arcs.rpy	arc_marcus_sports_2		Marcus	My dad was sick. Couldn't leave.
arcs.rpy	arc_marcus_sports_2		narrator	Flat. End of subject.
arcs.rpy	arc_marcus_sports_2		narrator	Any regrets?
arcs.rpy	arc_marcus_sports_2		Marcus	I try not to deal in those.
arcs.rpy	arc_marcus_sports_2		narrator	Then, after a moment:
arcs.rpy	arc_marcus_sports_2		Marcus	Sometimes.
arcs.rpy	arc_marcus_food_1		Marcus	I can cook exactly one thing properly. Chili.
arcs.rpy	arc_marcus_food_1		Marcus	Everything else I've ever made has been edible, but wrong.
arcs.rpy	arc_marcus_food_1		narrator	What goes in it?
arcs.rpy	arc_marcus_food_1		Marcus	Classified.
arcs.rpy	arc_marcus_food_1		narrator	He's smiling.
arcs.rpy	arc_marcus_food_1		narrator	One thing's enough.
arcs.rpy	arc_marcus_food_1		Marcus	That's what I keep telling myself.
arcs.rpy	arc_marcus_food_2		Marcus	It's my mom's recipe. She wrote it down on a notepad — the actual notepad, which I still have.
arcs.rpy	arc_marcus_food_2		Marcus	I've made it maybe two hundred times. I still check the notepad every time.
arcs.rpy	arc_marcus_food_2		narrator	There's a pause. He doesn't explain further and you don't ask.
arcs.rpy	arc_eli_work_1		Eli	I'm finishing a part-time MSc. Environmental systems — urban data, policy modelling, that kind of thing.
arcs.rpy	arc_eli_work_1		Eli	It's one of those topics where the more you read, the worse things look.
arcs.rpy	arc_eli_work_2		Eli	Sometimes I think — what if the thesis is good and it still doesn't matter?
arcs.rpy	arc_eli_work_2		Eli	Like the work is fine but the problem is just too big for anyone to fix from a library.
arcs.rpy	arc_eli_work_2		narrator	It still matters that you tried.
arcs.rpy	arc_eli_work_2		Eli	I hope so.
arcs.rpy	arc_eli_work_2		narrator	She sounds like she almost believes it.
arcs.rpy	arc_eli_work_2		narrator	So what's the alternative — give up?
arcs.rpy	arc_eli_work_2		Eli	No. But sometimes I'd like to be angry about it without also having to be hopeful.
arcs.rpy	arc_eli_work_2		narrator	She's quiet for a second, then nods once.
arcs.rpy	arc_elle_travel_1		Elle	If I could leave tomorrow? Georgia. The country, not the state.
arcs.rpy	arc_elle_travel_1		Elle	I've had this image in my head for years — mountains, those old stone towers, fog coming off the valleys.
arcs.rpy	arc_elle_travel_1		Elle	I don't know anyone who's been. I just know I want to go.
arcs.rpy	arc_elle_travel_2		Elle	I got offered a position. Marine research project, eighteen months, based in Portugal.
arcs.rpy	arc_elle_travel_2		Elle	It's everything I wanted three years ago.
arcs.rpy	arc_elle_travel_2		narrator	What's changed?
arcs.rpy	arc_elle_travel_2		Elle	I don't know. Maybe nothing. Maybe me.
arcs.rpy	arc_elle_travel_2		narrator	Take it.
arcs.rpy	arc_elle_travel_2		Elle	Yeah?
arcs.rpy	arc_elle_travel_2		narrator	She looks at you for a full second.
arcs.rpy	arc_elle_travel_2		Elle	Just like that?
arcs.rpy	arc_elle_travel_2		narrator	What would you miss?
arcs.rpy	arc_elle_travel_2		Elle	That's the part I keep circling.
arcs.rpy	zoe_exhibition_opening	expression	narrator	The opening has been running for an hour.
arcs.rpy	zoe_exhibition_opening	expression	narrator	The gallery is small — three rooms, white walls, track lighting.
arcs.rpy	zoe_exhibition_opening	expression	narrator	People cluster near the entrance with drinks they're holding but not drinking.
arcs.rpy	zoe_exhibition_opening	expression	narrator	Zoe is standing near the far wall, not exactly with the other artists.
arcs.rpy	zoe_exhibition_opening	expression	narrator	She has a glass of something she hasn't touched.
arcs.rpy	zoe_exhibition_opening	expression	narrator	She's watching the entrance.
arcs.rpy	zoe_exhibition_opening	expression	narrator	She sees you.
arcs.rpy	zoe_exhibition_opening	expression	Zoe	You came.
arcs.rpy	zoe_exhibition_opening	expression	[mc_name]	You said I could.
arcs.rpy	zoe_exhibition_opening	expression	Zoe	I said you were allowed to. That's different.
arcs.rpy	zoe_exhibition_opening	expression	narrator	She moves away from the wall. Doesn't lead you anywhere in particular.
arcs.rpy	zoe_exhibition_opening	expression	narrator	Four pieces. Three are confident — colour, scale, the kind of statement that fills a room.
arcs.rpy	zoe_exhibition_opening	expression	narrator	The fourth is smaller. It's in the corner. The framing is different. The light falls on it wrong, as if it wasn't planned.
arcs.rpy	zoe_exhibition_opening	expression	narrator	Zoe hasn't looked at it since you arrived.
arcs.rpy	zoe_exhibition_opening	expression	narrator	Near the second room, a woman who might be Elle is taking notes in a small pad.
arcs.rpy	zoe_exhibition_opening	expression	narrator	Later — near closing — Nora appears briefly at the entrance. She stands in front of one piece for a moment, then leaves without staying.
arcs.rpy	zoe_exhibition_opening	expression	narrator	Ask about the piece in the corner.
arcs.rpy	zoe_exhibition_opening	expression	Zoe	That one isn't in the programme notes.
arcs.rpy	zoe_exhibition_opening	expression	[mc_name]	I know. That's why I'm asking.
arcs.rpy	zoe_exhibition_opening	expression	narrator	She looks at it. The first time since you arrived.
arcs.rpy	zoe_exhibition_opening	expression	Zoe	It's older. I almost didn't include it.
arcs.rpy	zoe_exhibition_opening	expression	[mc_name]	Why did you?
arcs.rpy	zoe_exhibition_opening	expression	narrator	A long pause.
arcs.rpy	zoe_exhibition_opening	expression	Zoe	Because I made it when I thought no one was going to see it.
arcs.rpy	zoe_exhibition_opening	expression	Zoe	And that's when I actually made something.
arcs.rpy	zoe_exhibition_opening	expression	narrator	Help with something practical.
arcs.rpy	zoe_exhibition_opening	expression	narrator	A label on the third piece has slipped — slightly crooked, visibly wrong.
arcs.rpy	zoe_exhibition_opening	expression	narrator	You straighten it.
arcs.rpy	zoe_exhibition_opening	expression	Zoe	That was bothering me since setup.
arcs.rpy	zoe_exhibition_opening	expression	narrator	She doesn't say thank you out loud. She looks at you the way someone does when they mean it.
arcs.rpy	zoe_exhibition_opening	expression	narrator	A visitor asks you a question about the work, clearly confusing you for staff.
arcs.rpy	zoe_exhibition_opening	expression	narrator	You answer it. Badly, but confidently enough that they seem satisfied.
arcs.rpy	zoe_exhibition_opening	expression	Zoe	You just made something up.
arcs.rpy	zoe_exhibition_opening	expression	[mc_name]	It was plausible.
arcs.rpy	zoe_exhibition_opening	expression	Zoe	It was.
arcs.rpy	zoe_exhibition_opening	expression	narrator	Ask whether this will lead anywhere useful.
arcs.rpy	zoe_exhibition_opening	expression	[mc_name]	Is this the kind of thing that gets you commissions? Work?
arcs.rpy	zoe_exhibition_opening	expression	narrator	A short silence.
arcs.rpy	zoe_exhibition_opening	expression	Zoe	I don't know. Maybe.
arcs.rpy	zoe_exhibition_opening	expression	narrator	She picks up her glass. Doesn't drink from it.
arcs.rpy	zoe_exhibition_opening	expression	Zoe	That wasn't really what tonight was.
arcs.rpy	zoe_exhibition_opening	expression	narrator	She doesn't explain further.
arcs.rpy	zoe_exhibition_opening	expression	narrator	The opening runs another hour.
arcs.rpy	zoe_exhibition_opening	expression	narrator	She doesn't say much more. Neither do you.
arcs.rpy	zoe_exhibition_opening	expression	narrator	That's fine.
arcs.rpy	story_aftermath_zoe_exhibition	expression	Zoe	You asked about the one nobody else asked about.
arcs.rpy	story_aftermath_zoe_exhibition	expression	[mc_name]	It was the most interesting piece.
arcs.rpy	story_aftermath_zoe_exhibition	expression	narrator	A beat.
arcs.rpy	story_aftermath_zoe_exhibition	expression	Zoe	It wasn't meant to be.
arcs.rpy	story_aftermath_zoe_exhibition	expression	narrator	She says it as a fact, not a complaint.
arcs.rpy	story_aftermath_zoe_exhibition	expression	Zoe	I kept it small because I didn't think anyone would know what they were looking at.
arcs.rpy	story_aftermath_zoe_exhibition	expression	[mc_name]	I didn't, exactly. I just noticed you weren't looking at it.
arcs.rpy	story_aftermath_zoe_exhibition	expression	narrator	Another beat.
arcs.rpy	story_aftermath_zoe_exhibition	expression	Zoe	That's the same thing.
arcs.rpy	story_aftermath_zoe_exhibition	expression	narrator	She doesn't say more than that.
arcs.rpy	story_aftermath_zoe_exhibition	expression	Zoe	The label thing.
arcs.rpy	story_aftermath_zoe_exhibition	expression	[mc_name]	I fixed it.
arcs.rpy	story_aftermath_zoe_exhibition	expression	Zoe	I know.
arcs.rpy	story_aftermath_zoe_exhibition	expression	narrator	She's quiet for a moment.
arcs.rpy	story_aftermath_zoe_exhibition	expression	Zoe	The opening would have been a lot worse.
arcs.rpy	story_aftermath_zoe_exhibition	expression	[mc_name]	It went fine.
arcs.rpy	story_aftermath_zoe_exhibition	expression	Zoe	It went fine because of that. And the visitor.
arcs.rpy	story_aftermath_zoe_exhibition	expression	narrator	She means the one you lied to.
arcs.rpy	story_aftermath_zoe_exhibition	expression	Zoe	I'm saying it practically.
arcs.rpy	story_aftermath_zoe_exhibition	expression	narrator	She does mean it practically. It still lands.
arcs.rpy	story_aftermath_zoe_exhibition	expression	Zoe	The work was finished before anyone decided whether it was useful.
arcs.rpy	story_aftermath_zoe_exhibition	expression	narrator	She's not angry. She's settled.
arcs.rpy	story_aftermath_zoe_exhibition	expression	[mc_name]	I know. I shouldn't have framed it that way.
arcs.rpy	story_aftermath_zoe_exhibition	expression	Zoe	No.
arcs.rpy	story_aftermath_zoe_exhibition	expression	narrator	A pause.
arcs.rpy	story_aftermath_zoe_exhibition	expression	Zoe	It's a fair question for most things. It wasn't the right moment.
arcs.rpy	story_aftermath_zoe_exhibition	expression	narrator	She gives you space to sit with that.
arcs.rpy	story_aftermath_zoe_exhibition	expression	[mc_name]	I was wrong to ask it then.
arcs.rpy	story_aftermath_zoe_exhibition	expression	Zoe	Yeah.
arcs.rpy	story_aftermath_zoe_exhibition	expression	narrator	She nods. That's enough for her.
arcs.rpy	talk_followup_zoe_exhibition	expression	Zoe	I took the small one down this morning.
arcs.rpy	talk_followup_zoe_exhibition	expression	[mc_name]	The corner piece?
arcs.rpy	talk_followup_zoe_exhibition	expression	Zoe	I kept it at home.
arcs.rpy	talk_followup_zoe_exhibition	expression	narrator	She doesn't explain why.
arcs.rpy	talk_followup_zoe_exhibition	expression	narrator	She doesn't need to.
arcs.rpy	talk_followup_zoe_exhibition	expression	Zoe	The gallery's wrapped. I left one piece — the lighting was still good on it.
arcs.rpy	talk_followup_zoe_exhibition	expression	[mc_name]	Which one?
arcs.rpy	talk_followup_zoe_exhibition	expression	Zoe	Near the window. I'll collect it.
arcs.rpy	talk_followup_zoe_exhibition	expression	narrator	She probably won't for a while.
arcs.rpy	talk_followup_zoe_exhibition	expression	Zoe	Everything's down. One piece wasn't collected.
arcs.rpy	talk_followup_zoe_exhibition	expression	narrator	A beat.
arcs.rpy	talk_followup_zoe_exhibition	expression	Zoe	It's in storage. I'll work it out.
arcs.rpy	talk_followup_zoe_exhibition	expression	narrator	She says it without tension. The opening is behind her.
arcs.rpy	zoe_gallery_talk	expression	Zoe	I'm still deciding how much of it I want to explain to people.
arcs.rpy	zoe_gallery_talk	expression	[mc_name]	You don't have to explain it.
arcs.rpy	zoe_gallery_talk	expression	Zoe	I know.
arcs.rpy	zoe_gallery_talk	expression	narrator	She looks at the corner piece.
arcs.rpy	zoe_gallery_talk	expression	Zoe	That's the problem.
arcs.rpy	zoe_gallery_talk	expression	Zoe	Someone moved the third piece two centimetres to the left. I can tell.
arcs.rpy	zoe_gallery_talk	expression	[mc_name]	Does it matter?
arcs.rpy	zoe_gallery_talk	expression	Zoe	No. But I notice.
arcs.rpy	zoe_gallery_talk	expression	narrator	She's scanning the room with the focus of someone doing a silent inventory.
arcs.rpy	zoe_gallery_talk	expression	Zoe	People keep asking me what it sold for.
arcs.rpy	zoe_gallery_talk	expression	narrator	A beat.
arcs.rpy	zoe_gallery_talk	expression	Zoe	That's not what it was.
arcs.rpy	zoe_gallery_talk	expression	[mc_name]	I know.
arcs.rpy	zoe_gallery_talk	expression	narrator	She looks at you briefly. Something settles.
bar_games.rpy	unknown		narrator	pool
bar_games.rpy	unknown		narrator	entry
bar_games.rpy	unknown		narrator	entry
bar_games.rpy	unknown		narrator	requires_met
bar_games.rpy	unknown		narrator	entry
bar_games.rpy	unknown		narrator	entry
bar_games.rpy	unknown		narrator	min_mastery
bar_games.rpy	unknown		narrator	darts
bar_games.rpy	unknown		narrator	entry
bar_games.rpy	unknown		narrator	entry
bar_games.rpy	unknown		narrator	requires_met
bar_games.rpy	unknown		narrator	entry
bar_games.rpy	unknown		narrator	days_only
bar_games.rpy	unknown		narrator	arm_wrestling
bar_games.rpy	unknown		narrator	entry
bar_games.rpy	unknown		narrator	entry
bar_games.rpy	unknown		narrator	min_mastery
bar_games.rpy	unknown		narrator	entry
bar_games.rpy	unknown		narrator	requires_met
bar_games.rpy	unknown		narrator	
bar_games.rpy	unknown		narrator	raw_roll
bar_games.rpy	unknown		narrator	final
bar_games.rpy	unknown		narrator	tier
bar_games.rpy	unknown		narrator	modifiers
bar_games.rpy	unknown		narrator	breakdown
bar_games.rpy	unknown		narrator	
bar_games.rpy	unknown		narrator	critical_failure
bar_games.rpy	unknown		narrator	success
bar_games.rpy	unknown		narrator	
bar_games.rpy	unknown		background	#1a2a3a
bar_games.rpy	unknown		hover_background	#1e3a5f
bar_games.rpy	unknown		background	#12161ef8
bar_games.rpy	unknown		background	#1e3a5f
bar_games.rpy	unknown		background	#12161ef8
bar_games.rpy	unknown		background	#0a0e15
bar_games.rpy	unknown		background	#1e3a5f
bar_games.rpy	unknown		hover_background	#2a5080
bar_games.rpy	unknown		background	#1a2030
bar_games.rpy	unknown		hover_background	#222835
bar_games.rpy	unknown		narrator	You don't have enough for the entry fee.
bar_games.rpy	unknown		narrator	[_opp['label']] concedes. You collect the pot.
bar_games.rpy	unknown		narrator	bar_win_
bar_games.rpy	unknown		narrator	Defeated 
bar_games.rpy	unknown		narrator	Word travels. [_opp['label']] remembers that.
bar_games.rpy	unknown		narrator	[_bar_rare]
bar_games.rpy	unknown		narrator	You lose badly. [_opp['label']] doesn't say anything, which is almost worse.
bar_games.rpy	unknown		narrator	You lose. [_opp['label']] offers a nod.
busking.rpy	unknown		narrator	exceptional
busking.rpy	unknown		narrator	great
busking.rpy	unknown		narrator	average
busking.rpy	unknown		narrator	quiet
busking.rpy	unknown		narrator	empty
busking.rpy	unknown		narrator	
busking.rpy	unknown		narrator	
busking.rpy	unknown		narrator	
busking.rpy	unknown		narrator	
busking.rpy	unknown		narrator	
busking.rpy	unknown		narrator	crowd_tier
busking.rpy	unknown		narrator	crowd_text
busking.rpy	unknown		narrator	perf_result
busking.rpy	unknown		narrator	perf_tier
busking.rpy	unknown		narrator	tips
busking.rpy	unknown		narrator	followers
busking.rpy	unknown		narrator	rep_gain
busking.rpy	unknown		narrator	xp_base
busking.rpy	unknown		narrator	rare
busking.rpy	unknown		narrator	
busking.rpy	unknown		narrator	great
busking.rpy	unknown		narrator	great
busking.rpy	unknown		narrator	great
busking.rpy	unknown		narrator	result
busking.rpy	unknown		narrator	tier
busking.rpy	unknown		narrator	rep_gain
busking.rpy	unknown		narrator	followers
busking.rpy	unknown		narrator	tips
busking.rpy	unknown		narrator	xp_base
busking.rpy	unknown		narrator	rare
busking.rpy	unknown		background	#12161ef8
busking.rpy	unknown		background	#1e3a5f
busking.rpy	unknown		background	#241824
busking.rpy	unknown		background	#12161ef8
busking.rpy	unknown		background	#1e3a5f
busking.rpy	unknown		background	#12161ef8
busking.rpy	unknown		background	#1e3a5f
busking.rpy	busking_performance		narrator	You've played the good pitches out for today. Come back tomorrow.
busking.rpy	busking_performance		narrator	[_perf['crowd_text']]
busking.rpy	busking_performance		narrator	[SKILL_LABEL_FOR[_bt['skill']]] breakthrough! +[_bt['bonus']] bonus XP.
busking.rpy	busking_performance		narrator	[_perf['rare']]
busking.rpy	open_mic_performance		narrator	You need more guitar practice before taking the open mic stage.
busking.rpy	open_mic_performance		narrator	You need more local reputation first. Try busking to build your following.
busking.rpy	open_mic_performance		narrator	The venue is filling up.  Success: [_odds_now['success_or_better']]%%  |  Rehearsed: [_reh_after]%%
busking.rpy	open_mic_performance		narrator	Rehearse your setlist (2h)
busking.rpy	open_mic_performance		narrator	You're too worn out to rehearse properly.
busking.rpy	open_mic_performance		narrator	You run through your set twice. Fingers know where to go.
busking.rpy	open_mic_performance		narrator	Take the stage now
busking.rpy	open_mic_performance		narrator	[SKILL_LABEL_FOR[_bt['skill']]] breakthrough! +[_bt['bonus']] bonus XP.
busking.rpy	open_mic_performance		narrator	[_perf['rare']]
calendar.rpy	unknown		narrator	id
calendar.rpy	unknown		narrator	category
calendar.rpy	unknown		narrator	invitation_id
calendar.rpy	unknown		narrator	consequence_processed
calendar.rpy	unknown		narrator	
calendar.rpy	unknown		scrollbars	vertical
capabilities.rpy	unknown		narrator	
capabilities.rpy	unknown		narrator	professional_painting
capabilities.rpy	unknown		narrator	
capabilities.rpy	unknown		narrator	
capabilities.rpy	unknown		narrator	nora
capabilities.rpy	unknown		narrator	marcus
capabilities.rpy	unknown		narrator	zoe
capabilities.rpy	unknown		narrator	eli
capabilities.rpy	unknown		narrator	sam
capabilities.rpy	unknown		narrator	elle
capabilities.rpy	unknown		narrator	lena
capabilities.rpy	unknown		narrator	rena
capabilities.rpy	unknown		narrator	martha
capabilities.rpy	unknown		narrator	
careers.rpy	unknown		narrator	med
careers.rpy	unknown		narrator	prog
careers.rpy	unknown		narrator	biz
careers.rpy	unknown		narrator	cook
careers.rpy	unknown		narrator	fit
careers.rpy	unknown		narrator	mech
careers.rpy	unknown		narrator	art
careers.rpy	unknown		narrator	music
careers.rpy	unknown		narrator	prog
careers.rpy	unknown		narrator	music
careers.rpy	unknown		narrator	med
careers.rpy	unknown		narrator	biz
careers.rpy	unknown		narrator	cook
careers.rpy	unknown		narrator	fit
careers.rpy	unknown		narrator	mech
careers.rpy	unknown		narrator	art
careers.rpy	unknown		narrator	prog
careers.rpy	unknown		narrator	music
careers.rpy	unknown		narrator	med
careers.rpy	unknown		narrator	biz
careers.rpy	unknown		narrator	cook
careers.rpy	unknown		narrator	fit
careers.rpy	unknown		narrator	mech
careers.rpy	unknown		narrator	art
careers.rpy	unknown		narrator	
careers.rpy	unknown		narrator	
careers.rpy	unknown		narrator	
careers.rpy	unknown		narrator	hospital
careers.rpy	unknown		narrator	name
careers.rpy	unknown		narrator	ranks
careers.rpy	unknown		narrator	it
careers.rpy	unknown		narrator	name
careers.rpy	unknown		narrator	ranks
careers.rpy	unknown		narrator	corporate
careers.rpy	unknown		narrator	name
careers.rpy	unknown		narrator	ranks
careers.rpy	unknown		narrator	trainer
careers.rpy	unknown		narrator	name
careers.rpy	unknown		narrator	ranks
careers.rpy	unknown		narrator	culinary
careers.rpy	unknown		narrator	name
careers.rpy	unknown		narrator	ranks
careers.rpy	unknown		narrator	
careers.rpy	unknown		narrator	corporate
careers.rpy	unknown		narrator	it
careers.rpy	unknown		narrator	hospital
careers.rpy	unknown		narrator	culinary
careers.rpy	unknown		narrator	trainer
careers.rpy	unknown		narrator	
careers.rpy	unknown		narrator	
careers.rpy	unknown		narrator	
careers.rpy	unknown		narrator	it
careers.rpy	unknown		narrator	hospital
careers.rpy	unknown		narrator	corporate
careers.rpy	unknown		narrator	trainer
careers.rpy	unknown		narrator	culinary
careers.rpy	unknown		narrator	
careers.rpy	unknown		narrator	
careers.rpy	unknown		narrator	promote_%s_r%d_day%d
careers.rpy	unknown		narrator	career
careers.rpy	unknown		narrator	it
careers.rpy	unknown		narrator	corporate
careers.rpy	unknown		narrator	hospital
careers.rpy	unknown		narrator	culinary
careers.rpy	unknown		narrator	trainer
careers.rpy	unknown		narrator	
careers.rpy	unknown		narrator	
careers.rpy	unknown		narrator	
careers.rpy	unknown		narrator	
careers.rpy	unknown		narrator	career_id
careers.rpy	unknown		narrator	success
careers.rpy	unknown		narrator	roll
careers.rpy	unknown		narrator	threshold
careers.rpy	unknown		narrator	opportunity_only
careers.rpy	unknown		narrator	chance_pct
careers.rpy	unknown		narrator	it
careers.rpy	unknown		narrator	culinary
careers.rpy	unknown		narrator	it
careers.rpy	unknown		narrator	
careers.rpy	unknown		narrator	
careers.rpy	unknown		narrator	
careers.rpy	unknown		narrator	
careers.rpy	unknown		narrator	
careers.rpy	unknown		narrator	med_bach
careers.rpy	unknown		narrator	med_mast
careers.rpy	unknown		narrator	prog_bach
careers.rpy	unknown		narrator	prog_mast
careers.rpy	unknown		narrator	biz_bach
careers.rpy	unknown		narrator	biz_mast
careers.rpy	unknown		narrator	med_mast
careers.rpy	unknown		narrator	prog_mast
careers.rpy	unknown		narrator	biz_mast
careers.rpy	unknown		narrator	prog
careers.rpy	unknown		narrator	med
careers.rpy	unknown		narrator	biz
careers.rpy	unknown		narrator	cook
careers.rpy	unknown		narrator	fit
careers.rpy	unknown		narrator	mech
careers.rpy	unknown		narrator	art
careers.rpy	unknown		narrator	music
careers.rpy	unknown		narrator	
careers.rpy	unknown		narrator	
careers.rpy	unknown		narrator	
careers.rpy	unknown		narrator	
careers.rpy	unknown		narrator	
careers.rpy	unknown		narrator	
careers.rpy	unknown		narrator	
careers.rpy	unknown		narrator	
careers.rpy	unknown		narrator	
careers.rpy	unknown		narrator	
careers.rpy	unknown		narrator	
careers.rpy	unknown		narrator	
careers.rpy	unknown		narrator	
careers.rpy	unknown		narrator	
careers.rpy	unknown		narrator	
casino.rpy	unknown		narrator	
casino.rpy	location_casino		narrator	The casino doesn't open until 8 PM.
casino.rpy	location_casino		narrator	The doorman barely glances at you. \"Members and guests only.\" He doesn't move.
casino.rpy	casino_floor_actions	casino_night	narrator	Blackjack Table (0.25h per hand)
casino.rpy	casino_floor_actions	casino_night	narrator	Roulette Table (0.25h per spin)
casino.rpy	casino_floor_actions	casino_night	narrator	Casino Bar — have a drink ($8, 0.5h)
casino.rpy	casino_floor_actions	casino_night	narrator	The bartender sets down a heavy crystal glass. You nurse it slowly, watching the tables.
casino.rpy	casino_floor_actions	casino_night	narrator	Look Around (0.5h)
casino.rpy	casino_floor_actions	casino_night	narrator	The casino hums with restrained energy — the soft clatter of chips, a dealer's murmur, the faint click of a roulette ball finding its number.
casino.rpy	casino_floor_actions	casino_night	narrator	Leave
casino.rpy	casino_roulette_loop	casino_night	background	#161616f5
casino.rpy	casino_roulette_loop	casino_night	background	#0d0d0dee
casino.rpy	casino_roulette_loop	casino_night	text_color	#7a8a7a
casino.rpy	casino_roulette_loop	casino_night	background	#0b2e0bdd
casino.rpy	casino_roulette_loop	casino_night	background	#00000000
casino.rpy	casino_roulette_loop	casino_night	background	#1e5a1e
casino.rpy	casino_roulette_loop	casino_night	background	#092e09
casino.rpy	casino_roulette_loop	casino_night	text_color	#883030
casino.rpy	casino_roulette_loop	casino_night	background	#161616f5
casino.rpy	casino_roulette_loop	casino_night	background	#0d0d0dee
casino.rpy	casino_roulette_loop	casino_night	text_color	#7a8a7a
casino.rpy	casino_roulette_loop	casino_night	background	#00000000
casino.rpy	casino_roulette_loop	casino_night	background	#0b2e0bcc
casino.rpy	casino_roulette_loop	casino_night	background	#145214dd
casino.rpy	casino_roulette_loop	casino_night	background	#141a10cc
casino.rpy	casino_roulette_loop	casino_night	background	#00000000
casino.rpy	casino_roulette_loop	casino_night	text_color	#cc6060
casino.rpy	casino_roulette_loop	casino_night	text_color	#664444
casino.rpy	casino_roulette_loop	casino_night	background	#111111dd
city_challenges.rpy	unknown		narrator	critical_failure
city_challenges.rpy	unknown		narrator	weak
city_challenges.rpy	unknown		narrator	success
city_challenges.rpy	unknown		narrator	great
city_challenges.rpy	unknown		narrator	critical
city_challenges.rpy	unknown		narrator	portfolio
city_challenges.rpy	unknown		narrator	location
city_challenges.rpy	unknown		narrator	desc
city_challenges.rpy	unknown		narrator	req
city_challenges.rpy	unknown		narrator	challenge
city_challenges.rpy	unknown		narrator	outcomes
city_challenges.rpy	unknown		narrator	location
city_challenges.rpy	unknown		narrator	desc
city_challenges.rpy	unknown		narrator	req
city_challenges.rpy	unknown		narrator	challenge
city_challenges.rpy	unknown		narrator	outcomes
city_challenges.rpy	unknown		narrator	location
city_challenges.rpy	unknown		narrator	desc
city_challenges.rpy	unknown		narrator	req
city_challenges.rpy	unknown		narrator	challenge
city_challenges.rpy	unknown		narrator	outcomes
city_challenges.rpy	unknown		narrator	location
city_challenges.rpy	unknown		narrator	desc
city_challenges.rpy	unknown		narrator	req
city_challenges.rpy	unknown		narrator	challenge
city_challenges.rpy	unknown		narrator	outcomes
city_challenges.rpy	unknown		narrator	location
city_challenges.rpy	unknown		narrator	desc
city_challenges.rpy	unknown		narrator	req
city_challenges.rpy	unknown		narrator	challenge
city_challenges.rpy	unknown		narrator	outcomes
city_challenges.rpy	unknown		narrator	location
city_challenges.rpy	unknown		narrator	desc
city_challenges.rpy	unknown		narrator	req
city_challenges.rpy	unknown		narrator	challenge
city_challenges.rpy	unknown		narrator	outcomes
city_challenges.rpy	unknown		narrator	location
city_challenges.rpy	unknown		narrator	desc
city_challenges.rpy	unknown		narrator	req
city_challenges.rpy	unknown		narrator	challenge
city_challenges.rpy	unknown		narrator	outcomes
city_challenges.rpy	unknown		narrator	location
city_challenges.rpy	unknown		narrator	desc
city_challenges.rpy	unknown		narrator	req
city_challenges.rpy	unknown		narrator	rewards
city_challenges.rpy	unknown		narrator	challenge
city_challenges.rpy	unknown		narrator	min_skill
city_challenges.rpy	unknown		narrator	outcomes
city_challenges.rpy	unknown		narrator	critical_failure
city_challenges.rpy	unknown		narrator	weak
city_challenges.rpy	unknown		narrator	success
city_challenges.rpy	unknown		narrator	great
city_challenges.rpy	unknown		narrator	critical
city_challenges.rpy	unknown		narrator	journal
city_challenges.rpy	unknown		narrator	location
city_challenges.rpy	unknown		narrator	desc
city_challenges.rpy	unknown		narrator	req
city_challenges.rpy	unknown		narrator	challenge
city_challenges.rpy	unknown		narrator	outcomes
city_challenges.rpy	unknown		narrator	
city_challenges.rpy	unknown		narrator	
city_challenges.rpy	unknown		narrator	
city_challenges.rpy	unknown		narrator	%s — %s
city_challenges.rpy	unknown		narrator	%s — %s
city_challenges.rpy	unknown		narrator	%s — %s
city_challenges.rpy	unknown		narrator	title
city_challenges.rpy	unknown		narrator	
city_challenges.rpy	unknown		narrator	You can't cover the entry fee.
city_challenges.rpy	unknown		background	#12161ef8
city_challenges.rpy	unknown		background	#1a2a3a
city_challenges.rpy	unknown		hover_background	#1e3a5f
city_challenges.rpy	unknown		text_hover_color	#ffffff
city_events.rpy	unknown		narrator	location
city_events.rpy	unknown		narrator	desc
city_events.rpy	unknown		narrator	req
city_events.rpy	unknown		narrator	location
city_events.rpy	unknown		narrator	desc
city_events.rpy	unknown		narrator	req
city_events.rpy	unknown		narrator	location
city_events.rpy	unknown		narrator	desc
city_events.rpy	unknown		narrator	req
city_events.rpy	unknown		narrator	location
city_events.rpy	unknown		narrator	desc
city_events.rpy	unknown		narrator	req
city_events.rpy	unknown		narrator	location
city_events.rpy	unknown		narrator	desc
city_events.rpy	unknown		narrator	req
city_events.rpy	unknown		narrator	location
city_events.rpy	unknown		narrator	desc
city_events.rpy	unknown		narrator	req
city_events.rpy	unknown		narrator	id
city_events.rpy	unknown		narrator	category
city_events.rpy	unknown		narrator	day
city_events.rpy	unknown		narrator	desc
city_events.rpy	unknown		narrator	status
city_events.rpy	unknown		narrator	attended
city_events.rpy	unknown		narrator	
city_events.rpy	unknown		narrator	
city_events.rpy	unknown		narrator	
city_events.rpy	unknown		narrator	
city_events.rpy	unknown		narrator	nora
city_events.rpy	unknown		narrator	marcus
city_events.rpy	unknown		narrator	zoe
city_events.rpy	unknown		narrator	eli
city_events.rpy	unknown		narrator	sam
city_events.rpy	unknown		scrollbars	vertical
clients.rpy	unknown		narrator	crane_logistics
clients.rpy	unknown		narrator	display_name
clients.rpy	unknown		narrator	domain
clients.rpy	unknown		narrator	initial_project_ids
clients.rpy	unknown		narrator	follow_up_projects
clients.rpy	unknown		narrator	min_skill
clients.rpy	unknown		narrator	mail_on_complete
clients.rpy	unknown		narrator	min_skill
clients.rpy	unknown		narrator	mail_on_complete
clients.rpy	unknown		narrator	hazel_creative
clients.rpy	unknown		narrator	display_name
clients.rpy	unknown		narrator	domain
clients.rpy	unknown		narrator	initial_project_ids
clients.rpy	unknown		narrator	follow_up_projects
clients.rpy	unknown		narrator	min_skill
clients.rpy	unknown		narrator	mail_on_complete
clients.rpy	unknown		narrator	min_skill
clients.rpy	unknown		narrator	mail_on_complete
clients.rpy	unknown		narrator	pulse_digital
clients.rpy	unknown		narrator	display_name
clients.rpy	unknown		narrator	domain
clients.rpy	unknown		narrator	initial_project_ids
clients.rpy	unknown		narrator	follow_up_projects
clients.rpy	unknown		narrator	min_skill
clients.rpy	unknown		narrator	mail_on_complete
clients.rpy	unknown		narrator	min_skill
clients.rpy	unknown		narrator	mail_on_complete
clients.rpy	unknown		narrator	id
clients.rpy	unknown		narrator	title
clients.rpy	unknown		narrator	client
clients.rpy	unknown		narrator	client_id
clients.rpy	unknown		narrator	min_skill
clients.rpy	unknown		narrator	min_rep
clients.rpy	unknown		narrator	hours
clients.rpy	unknown		narrator	days
clients.rpy	unknown		narrator	pay
clients.rpy	unknown		narrator	exp
clients.rpy	unknown		narrator	mail_on_complete
clients.rpy	unknown		narrator	client_id
clients.rpy	unknown		narrator	completed_projects
clients.rpy	unknown		narrator	trust
clients.rpy	unknown		narrator	next_offer_day
clients.rpy	unknown		narrator	referred_clients
clients.rpy	unknown		narrator	
clients.rpy	unknown		narrator	
clients.rpy	unknown		narrator	New project available: 
clients.rpy	unknown		narrator	We have another project we'd like you to handle. Check the freelance board for details.
clients.rpy	unknown		narrator	freelance
clients.rpy	unknown		narrator	rc_offer_%s_%d
computer_os.rpy	unknown		narrator	stub
computer_os.rpy	unknown		narrator	stub
computer_os.rpy	unknown		narrator	stub
computer_os.rpy	unknown		narrator	stub
computer_os.rpy	unknown		narrator	stub
computer_os.rpy	unknown		narrator	stub
computer_os.rpy	unknown		narrator	stub
computer_os.rpy	unknown		narrator	
computer_os.rpy	unknown		narrator	
computer_os.rpy	unknown		text_color	#9fb6d6
computer_os.rpy	unknown		text_hover_color	#ffffff
computer_os.rpy	unknown		text_color	#9fb6d6
computer_os.rpy	unknown		text_hover_color	#ffdd88
computer_os.rpy	unknown		text_color	#9fb6d6
computer_os.rpy	unknown		text_hover_color	#ff8888
computer_os.rpy	capp_programming_practice_ctx		narrator	You work through a few exercises. Good for keeping the fundamentals sharp.
computer_os.rpy	capp_programming_practice_ctx		text_hover_color	#ffffff
computer_os.rpy	capp_home_upgrades_ctx		scrollbars	vertical
computer_os.rpy	capp_home_upgrades_ctx		text_hover_color	#ffffff
computer_os.rpy	capp_home_upgrades_ctx		scrollbars	vertical
computer_os.rpy	capp_home_upgrades_ctx		scrollbars	vertical
computer_os.rpy	capp_freelance_ctx		scrollbars	vertical
computer_os.rpy	capp_freelance_ctx		text_hover_color	#ffffff
computer_os.rpy	capp_freelance_ctx		text_hover_color	#ffffff
computer_os.rpy	capp_freelance_ctx		scrollbars	vertical
computer_os.rpy	capp_freelance_ctx		text_color	#8fe0a0
computer_os.rpy	capp_freelance_ctx		text_hover_color	#ffffff
computer_os.rpy	capp_freelance_ctx		text_color	#cc9040
computer_os.rpy	capp_freelance_ctx		text_hover_color	#ffffff
computer_os.rpy	capp_freelance_ctx		scrollbars	vertical
computer_os.rpy	capp_freelance_ctx		narrator	  (today)
computer_os.rpy	capp_freelance_ctx		scrollbars	vertical
computer_os.rpy	capp_freelance_ctx		scrollbars	vertical
computer_os.rpy	capp_freelance_ctx		scrollbars	vertical
computer_os.rpy	capp_freelance_ctx		text_hover_color	#ffffff
computer_os.rpy	capp_freelance_ctx		scrollbars	vertical
cooking.rpy	unknown		narrator	scrambled_eggs
cooking.rpy	unknown		narrator	time
cooking.rpy	unknown		narrator	grilled_sandwich
cooking.rpy	unknown		narrator	time
cooking.rpy	unknown		narrator	veggie_soup
cooking.rpy	unknown		narrator	time
cooking.rpy	unknown		narrator	pasta_primavera
cooking.rpy	unknown		narrator	time
cooking.rpy	unknown		narrator	pancakes
cooking.rpy	unknown		narrator	time
cooking.rpy	unknown		narrator	chicken_stirfry
cooking.rpy	unknown		narrator	time
cooking.rpy	unknown		narrator	beef_tacos
cooking.rpy	unknown		narrator	time
cooking.rpy	unknown		narrator	baked_salmon
cooking.rpy	unknown		narrator	time
cooking.rpy	unknown		narrator	mushroom_risotto
cooking.rpy	unknown		narrator	time
cooking.rpy	unknown		narrator	sunday_roast
cooking.rpy	unknown		narrator	time
cooking.rpy	unknown		narrator	chocolate_souffle
cooking.rpy	unknown		narrator	time
cooking.rpy	unknown		narrator	seared_duck
cooking.rpy	unknown		narrator	time
cooking.rpy	unknown		narrator	tasting_menu
cooking.rpy	unknown		narrator	time
cooking.rpy	unknown		narrator	signature_dish
cooking.rpy	unknown		narrator	time
cooking.rpy	unknown		narrator	
cooking.rpy	unknown		narrator	cook_
cooking.rpy	unknown		narrator	critical_failure
cooking.rpy	unknown		narrator	weak
cooking.rpy	unknown		narrator	success
cooking.rpy	unknown		narrator	great
cooking.rpy	unknown		narrator	critical
cooking.rpy	unknown		narrator	
cooking.rpy	unknown		narrator	great
cooking.rpy	unknown		narrator	
cooking.rpy	unknown		narrator	Cooked an exceptional %s
cooking.rpy	unknown		narrator	roll
cooking.rpy	unknown		narrator	hunger_gain
cooking.rpy	unknown		narrator	xp
cooking.rpy	unknown		narrator	
cooking.rpy	unknown		background	#12161ef8
cooking.rpy	unknown		scrollbars	vertical
cooking.rpy	unknown		background	#1a2230
cooking.rpy	unknown		background	#1e3a5f
cooking.rpy	unknown		background	#1e3a5f
cooking.rpy	do_cook_flow		narrator	You can't cover the ingredients for that.
cooking.rpy	do_cook_flow	cheap_home_cook	narrator	[_rt]
cooking.rpy	do_cook_flow	cheap_home_cook	narrator	[NPC_DATA[_ct_npc]['name']] rolls up their sleeves. \"Right — what are we making?\"
cooking.rpy	do_cook_flow	cheap_home_cook	narrator	\"I'm no chef, but I'll chop whatever you point at.\"
cooking.rpy	do_cook_flow	cheap_home_cook	narrator	You share the meal. Easy company. [NPC_DATA[_ct_npc]['name']] lingers a while.
cooking.rpy	do_cook_flow	cheap_home_cook	narrator	Nice enough, though you've done this a lot lately.
cooking.rpy	do_cook_flow	cheap_home_cook	background	#12161ef8
cooking.rpy	do_cook_flow	cheap_home_cook	background	#1a2a3a
cooking.rpy	do_cook_flow	cheap_home_cook	hover_background	#1e3a5f
cooking.rpy	do_cook_flow	cheap_home_cook	background	#1e3a5f
cooking.rpy	do_cook_flow	cheap_home_cook	narrator	hours
cooking.rpy	do_cook_flow	cheap_home_cook	narrator	hours
cooking.rpy	do_cook_flow	cheap_home_cook	narrator	hours
cooking.rpy	do_cook_flow	cheap_home_cook	narrator	success
cooking.rpy	do_cook_flow	cheap_home_cook	narrator	
cooking.rpy	do_cook_flow	cheap_home_cook	narrator	
cooking.rpy	do_cook_flow	cheap_home_cook	narrator	
cooking.rpy	do_cook_flow	cheap_home_cook	narrator	
cooking.rpy	do_cook_flow	cheap_home_cook	narrator	project
cooking.rpy	do_cook_flow	cheap_home_cook	narrator	net
cooking.rpy	do_catering_flow	cheap_home_cook	narrator	No orders waiting.
cooking.rpy	do_catering_flow	cheap_home_cook	narrator	A message: [_cat_lbl].
cooking.rpy	do_catering_flow	cheap_home_cook	narrator	Takes [_cat_hrs]h, $[_cat_cost] of ingredients. Net $[_cat_lo]-[_cat_hi]. [_cat_chance]% to hit the brief.
cooking.rpy	do_catering_flow	cheap_home_cook	narrator	Take the order
cooking.rpy	do_catering_flow	cheap_home_cook	narrator	Turn it down
cooking.rpy	do_catering_flow	cheap_home_cook	narrator	You can't cover the ingredients for that.
cooking.rpy	do_catering_flow	cheap_home_cook	narrator	They pay, but they don't look thrilled. You know exactly which part let it down.
cooking.rpy	do_catering_flow	cheap_home_cook	narrator	They're delighted. Someone asks whether you do this regularly.
corporate_arc.rpy	corporate_recruit	goodoffice1	narrator	Nexus Tower. Glass and steel and the specific kind of quiet that means people are performing productivity.
corporate_arc.rpy	corporate_recruit	goodoffice1	narrator	The receptionist checks your name against a list and points you upstairs. Third floor. Caroline Vance, HR Director.
corporate_arc.rpy	corporate_recruit	goodoffice1	Caroline	On time. Good start.
corporate_arc.rpy	corporate_recruit	goodoffice1	Caroline	I'll be direct — we don't hire on credentials alone. We hire for how people handle pressure and ambiguity.
corporate_arc.rpy	corporate_recruit	goodoffice1	Caroline	One scenario. You're three days from a client deadline. Your analyst flags a significant error. Fixing it properly takes two days. Patching it takes four hours.
corporate_arc.rpy	corporate_recruit	goodoffice1	narrator	Fix it properly and tell the client there's a delay.
corporate_arc.rpy	corporate_recruit	goodoffice1	Caroline	Integrity over optics. I can work with that.
corporate_arc.rpy	corporate_recruit	goodoffice1	narrator	She makes a note. Something in her expression settles — not warmth, but a kind of respect for the answer.
corporate_arc.rpy	corporate_recruit	goodoffice1	narrator	Patch it, deliver on time, fix it quietly after.
corporate_arc.rpy	corporate_recruit	goodoffice1	Caroline	Pragmatic. Possibly too pragmatic — depends what's in the patch.
corporate_arc.rpy	corporate_recruit	goodoffice1	narrator	The pause before she writes is doing something. You can't tell what yet.
corporate_arc.rpy	corporate_recruit	goodoffice1	narrator	Tell the client, offer a discount, fix it right.
corporate_arc.rpy	corporate_recruit	goodoffice1	Caroline	Client-facing instinct. Expensive, but defensible.
corporate_arc.rpy	corporate_recruit	goodoffice1	narrator	She tilts her head slightly, as if recalibrating something.
corporate_arc.rpy	corporate_recruit	goodoffice1	Caroline	We'll be in touch.
corporate_arc.rpy	corporate_recruit	goodoffice1	narrator	She isn't immediately.
corporate_arc.rpy	corporate_recruit	goodoffice1	narrator	The email arrives three days later. Start Monday.
corporate_arc.rpy	corporate_recruit	goodoffice1	narrator	On the way out, someone holds the elevator door.
corporate_arc.rpy	corporate_recruit	goodoffice1	Martha	New intake?
corporate_arc.rpy	corporate_recruit	goodoffice1	narrator	Just got the call.
corporate_arc.rpy	corporate_recruit	goodoffice1	Martha	Congratulations.
corporate_arc.rpy	corporate_recruit	goodoffice1	narrator	She says it plainly, without filler. You weren't expecting that.
corporate_arc.rpy	corporate_recruit	goodoffice1	narrator	Looks that way.
corporate_arc.rpy	corporate_recruit	goodoffice1	Martha	They moved fast. They must have liked you.
corporate_arc.rpy	corporate_recruit	goodoffice1	Martha	Martha. Analytics.
corporate_arc.rpy	corporate_recruit	goodoffice1	narrator	The elevator opens. She goes left. You go right. You don't know yet which direction matters more.
corporate_arc.rpy	corporate_first_day	goodoffice1	narrator	The desk is clean. That's about all you can say for it.
corporate_arc.rpy	corporate_first_day	goodoffice1	narrator	HR sends three documents, a badge, and a message: 'Ask Martha if you need anything.'
corporate_arc.rpy	corporate_first_day	goodoffice1	Martha	Survived the morning?
corporate_arc.rpy	corporate_first_day	goodoffice1	narrator	Mostly. The system logins took forty minutes.
corporate_arc.rpy	corporate_first_day	goodoffice1	Martha	Standard. IT lost the onboarding doc last quarter and nobody's noticed yet.
corporate_arc.rpy	corporate_first_day	goodoffice1	narrator	It's a lot to take in.
corporate_arc.rpy	corporate_first_day	goodoffice1	Martha	It levels off. By week three you'll know which meetings you can skip.
corporate_arc.rpy	corporate_first_day	goodoffice1	Martha	Your first real task will come from Caroline. Probably tomorrow.
corporate_arc.rpy	corporate_first_day	goodoffice1	Martha	In the meantime — the Kellner account files are on the shared drive. Read them. Even if nobody asks, you'll want to know.
corporate_arc.rpy	corporate_first_day	goodoffice1	narrator	Why the Kellner account specifically?
corporate_arc.rpy	corporate_first_day	goodoffice1	Martha	Because it comes up in every meeting and most people here still don't understand it.
corporate_arc.rpy	corporate_first_day	goodoffice1	narrator	She goes back to her screen. Conversation apparently over.
corporate_arc.rpy	corporate_first_day	goodoffice1	narrator	Good to know. Thanks.
corporate_arc.rpy	corporate_first_day	goodoffice1	Martha	Don't thank me. Just do it.
corporate_arc.rpy	corporate_first_day	goodoffice1	narrator	You find the Kellner files. They take three hours. You understand about sixty percent of it.
corporate_arc.rpy	corporate_first_day	goodoffice1	narrator	That's a start.
corporate_arc.rpy	corporate_task_1	cg_corp_first_day	narrator	Caroline doesn't knock. She stands in the doorway long enough to confirm you're paying attention.
corporate_arc.rpy	corporate_task_1	goodoffice1	Caroline	I need a competitive analysis on Vantage Corp by Friday. Summary, three pages, key risks highlighted.
corporate_arc.rpy	corporate_task_1	goodoffice1	narrator	She doesn't say where the data is. Doesn't say what format. Doesn't define 'key risks.'
corporate_arc.rpy	corporate_task_1	cg_corp_task_arrive	narrator	The internal archive is quieter than the main floor. Older filing systems, better lighting.
corporate_arc.rpy	corporate_task_1	cg_corp_task_files	narrator	Two hours of reports, public filings, industry summaries. The shape of it starts coming together.
corporate_arc.rpy	corporate_task_1	goodoffice1	narrator	Ask for more detail before she leaves.
corporate_arc.rpy	corporate_task_1	goodoffice1	Caroline	Sources: internal reports, public filings. Format: executive summary at the top, detail below.
corporate_arc.rpy	corporate_task_1	goodoffice1	Caroline	Key risks: whatever keeps the client awake. I appreciate the question — most people just guess.
corporate_arc.rpy	corporate_task_1	goodoffice1	narrator	Figure it out yourself. Ask if you get stuck.
corporate_arc.rpy	corporate_task_1	goodoffice1	narrator	You do figure it out. Mostly. The version you hand in is tighter than it has any right to be.
corporate_arc.rpy	corporate_task_1	goodoffice1	narrator	Ask Martha after Caroline leaves.
corporate_arc.rpy	corporate_task_1	goodoffice1	Martha	She wants two columns: what Vantage is doing right and what they're hiding.
corporate_arc.rpy	corporate_task_1	goodoffice1	Martha	She never says it that way, but that's what she means.
corporate_arc.rpy	corporate_task_1	goodoffice1	narrator	Push for a presentation slot instead of a written report.
corporate_arc.rpy	corporate_task_1	goodoffice1	Caroline	...
corporate_arc.rpy	corporate_task_1	goodoffice1	Caroline	That's not what I asked for.
corporate_arc.rpy	corporate_task_1	goodoffice1	narrator	A beat.
corporate_arc.rpy	corporate_task_1	goodoffice1	Caroline	But if you can make it land in ten minutes, Thursday, three o'clock.
corporate_arc.rpy	corporate_task_1	goodoffice1	narrator	High risk. You prepare for two days straight.
corporate_arc.rpy	corporate_task_1	goodoffice1	narrator	Document your methodology as you go — make it reproducible.
corporate_arc.rpy	corporate_task_1	goodoffice1	narrator	You write the analysis and a clean methodology note alongside it. Nobody asked for the second document.
corporate_arc.rpy	corporate_task_1	goodoffice1	narrator	Caroline finds it on Friday. Doesn't say anything. Forwards it to the team.
corporate_arc.rpy	corporate_task_1	goodoffice1	narrator	Run a quick read-through with a colleague before submitting.
corporate_arc.rpy	corporate_task_1	goodoffice1	Martha	You want me to proofread it?
corporate_arc.rpy	corporate_task_1	goodoffice1	Martha	Fine. Page two, third paragraph — Vantage's market share figure is wrong by a year.
corporate_arc.rpy	corporate_task_1	goodoffice1	narrator	It would have been embarrassing.
corporate_arc.rpy	corporate_martha_1	cg_corp_martha1_desk	narrator	Martha stops by your desk at ten past six.
corporate_arc.rpy	corporate_martha_1	goodoffice1	Martha	You turned the Vantage analysis in early.
corporate_arc.rpy	corporate_martha_1	goodoffice1	narrator	It wasn't that complicated once I had the framing.
corporate_arc.rpy	corporate_martha_1	goodoffice1	Martha	No. But most people take until Friday to work out what they're actually being asked.
corporate_arc.rpy	corporate_martha_1	goodoffice1	narrator	Something shifts in her face — very slightly, in a way you'd miss if you weren't paying attention.
corporate_arc.rpy	corporate_martha_1	goodoffice1	narrator	I had help getting there.
corporate_arc.rpy	corporate_martha_1	goodoffice1	Martha	I know. I'm not asking you to deny it.
corporate_arc.rpy	corporate_martha_1	goodoffice1	Martha	I'm saying you used the help well. That's the relevant part.
corporate_arc.rpy	corporate_martha_1	goodoffice1	Martha	Caroline mentioned your interview answer. The pragmatic one.
corporate_arc.rpy	corporate_martha_1	goodoffice1	Martha	Works here, up to a point. Past that point it works against you.
corporate_arc.rpy	corporate_martha_1	goodoffice1	narrator	She says it like she's done it herself once.
corporate_arc.rpy	corporate_martha_1	goodoffice1	Martha	You told Caroline you'd take the delay over the patch.
corporate_arc.rpy	corporate_martha_1	goodoffice1	Martha	She didn't say it, but that answer stayed with her.
corporate_arc.rpy	corporate_martha_1	goodoffice1	Martha	The client-first answer. I wouldn't have taken it at face value.
corporate_arc.rpy	corporate_martha_1	goodoffice1	Martha	Apparently Caroline did. That's worth knowing.
corporate_arc.rpy	corporate_martha_1	goodoffice1	narrator	What are you actually testing me for?
corporate_arc.rpy	corporate_martha_1	goodoffice1	Martha	I'm not testing you.
corporate_arc.rpy	corporate_martha_1	goodoffice1	narrator	She picks up her bag.
corporate_arc.rpy	corporate_martha_1	goodoffice1	Martha	I'm deciding whether you're worth talking to properly. There's a difference.
corporate_arc.rpy	corporate_martha_1	goodoffice1	narrator	Why does it matter to you?
corporate_arc.rpy	corporate_martha_1	goodoffice1	Martha	Because I've watched six people sit at that desk and none of them lasted past a year.
corporate_arc.rpy	corporate_martha_1	goodoffice1	narrator	Flat. Like she's citing a statistic.
corporate_arc.rpy	corporate_martha_1	goodoffice1	narrator	Say nothing. Let her finish.
corporate_arc.rpy	corporate_martha_1	goodoffice1	narrator	She waits. Then nods once, as if the silence was the right answer.
corporate_arc.rpy	corporate_martha_2	cg_corp_lunch_wide	narrator	The break room. First time she's initiated anything that isn't work.
corporate_arc.rpy	corporate_martha_2	goodoffice1	Martha	I'm getting coffee. You want one?
corporate_arc.rpy	corporate_martha_2	goodoffice1	narrator	The coffee machine makes a sound like it's negotiating with itself.
corporate_arc.rpy	corporate_martha_2	goodoffice1	Martha	How long have you been here now?
corporate_arc.rpy	corporate_martha_2	goodoffice1	narrator	You tell her.
corporate_arc.rpy	corporate_martha_2	goodoffice1	Martha	It feels longer when you're new. Then one day it starts feeling shorter.
corporate_arc.rpy	corporate_martha_2	goodoffice1	Martha	Neither is a good sign.
corporate_arc.rpy	corporate_martha_2	goodoffice1	narrator	Do you actually like working here?
corporate_arc.rpy	corporate_martha_2	goodoffice1	Martha	I'm good at it.
corporate_arc.rpy	corporate_martha_2	goodoffice1	narrator	A pause.
corporate_arc.rpy	corporate_martha_2	goodoffice1	Martha	That's not the same thing.
corporate_arc.rpy	corporate_martha_2	goodoffice1	narrator	Sounds like you've been here a while.
corporate_arc.rpy	corporate_martha_2	goodoffice1	Martha	Six years. I was going to leave after two. Then after four.
corporate_arc.rpy	corporate_martha_2	goodoffice1	Martha	You know how that goes.
corporate_arc.rpy	corporate_martha_2	goodoffice1	narrator	Is this a warning?
corporate_arc.rpy	corporate_martha_2	goodoffice1	Martha	Call it an observation.
corporate_arc.rpy	corporate_martha_2	goodoffice1	narrator	She hands you the coffee. Holds it a second longer than necessary.
corporate_arc.rpy	corporate_martha_2	goodoffice1	Martha	You're doing better than most, for what it's worth.
corporate_arc.rpy	corporate_martha_2	goodoffice1	Martha	I thought you should hear it.
corporate_arc.rpy	corporate_martha_2	goodoffice1	narrator	Why are you telling me?
corporate_arc.rpy	corporate_martha_2	goodoffice1	Martha	Because nobody told me.
corporate_arc.rpy	corporate_martha_2	goodoffice1	narrator	She says it like it's nothing. It isn't.
corporate_arc.rpy	corporate_martha_2	goodoffice1	narrator	Thank you.
corporate_arc.rpy	corporate_martha_2	goodoffice1	narrator	She looks briefly uncomfortable, as if she'd forgotten she said something kind.
corporate_arc.rpy	corporate_martha_2	goodoffice1	Martha	Don't read too much into it.
corporate_arc.rpy	corporate_review_intern	cg_corp_review_report	narrator	Caroline's office. There's a printed copy of your Vantage analysis on the desk with marks.
corporate_arc.rpy	corporate_review_intern	goodoffice1	narrator	The chair across from her desk is fractionally lower than hers. You notice this on the way in.
corporate_arc.rpy	corporate_review_intern	goodoffice1	Caroline	Three months. I wanted to do this properly.
corporate_arc.rpy	corporate_review_intern	goodoffice1	Caroline	Your output is consistent. The Vantage analysis was used in the Kellner pitch — Stratford didn't credit you, but I did. Internally.
corporate_arc.rpy	corporate_review_intern	goodoffice1	Caroline	Your instinct is to do things right before doing them fast. That's an asset here, with the right limits.
corporate_arc.rpy	corporate_review_intern	goodoffice1	Caroline	You're results-focused. That reads well in some rooms and very poorly in others. You're learning which is which.
corporate_arc.rpy	corporate_review_intern	goodoffice1	Caroline	You've built trust quickly. Martha mentioned it — which she doesn't do.
corporate_arc.rpy	corporate_review_intern	goodoffice1	Caroline	The reporting situation — integrity before presentation. That's a short list.
corporate_arc.rpy	corporate_review_intern	goodoffice1	Caroline	Transparency with controlled delivery. The reconciliation note did its job.
corporate_arc.rpy	corporate_review_intern	goodoffice1	Caroline	The admission mattered. The alteration was still serious.
corporate_arc.rpy	corporate_review_intern	goodoffice1	Caroline	Target pressure doesn't remove your responsibility for the figure you submitted.
corporate_arc.rpy	corporate_review_intern	goodoffice1	Caroline	Martha vouched for you. She doesn't do that lightly.
corporate_arc.rpy	corporate_review_intern	goodoffice1	narrator	A beat. Something settles in the room.
corporate_arc.rpy	corporate_review_intern	goodoffice1	Caroline	Associate. Effective Monday. And — I mean this — well done.
corporate_arc.rpy	corporate_review_intern	goodoffice1	narrator	She says it like it costs her something, which makes it feel more real.
corporate_arc.rpy	corporate_review_intern	goodoffice1	narrator	Thank you.
corporate_arc.rpy	corporate_review_intern	goodoffice1	Caroline	Don't thank me. Give me a reason to do it again in six months.
corporate_arc.rpy	corporate_review_intern	goodoffice1	narrator	What should I focus on next?
corporate_arc.rpy	corporate_review_intern	goodoffice1	Caroline	Analyst track requires a Business degree. Start planning now, not when you're already at the ceiling.
corporate_arc.rpy	corporate_review_intern	goodoffice1	narrator	Is there anything I should have done differently?
corporate_arc.rpy	corporate_review_intern	goodoffice1	Caroline	Honestly? Not much. That's a short list.
corporate_arc.rpy	corporate_review_intern	goodoffice1	narrator	You leave with a new title and the specific quiet confidence of someone who knows they earned it.
corporate_arc.rpy	corporate_review_intern	goodoffice1	Caroline	Associate. Effective Monday.
corporate_arc.rpy	corporate_review_intern	goodoffice1	Caroline	One thing. You're capable of more initiative than you've shown. Don't wait to be asked.
corporate_arc.rpy	corporate_review_intern	goodoffice1	narrator	Understood.
corporate_arc.rpy	corporate_review_intern	goodoffice1	Caroline	Good.
corporate_arc.rpy	corporate_review_intern	goodoffice1	narrator	What did you have in mind specifically?
corporate_arc.rpy	corporate_review_intern	goodoffice1	Caroline	You'll know it when you see it. That's the point.
corporate_arc.rpy	corporate_review_intern	goodoffice1	narrator	New title. You take it as the floor, not the ceiling.
corporate_arc.rpy	corporate_review_intern	goodoffice1	Caroline	Associate. Effective Monday.
corporate_arc.rpy	corporate_review_intern	goodoffice1	narrator	She slides the contract across.
corporate_arc.rpy	corporate_review_intern	goodoffice1	Caroline	I'll be direct. Your numbers are there. The rest of it — judgment, initiative — I'm still reading.
corporate_arc.rpy	corporate_review_intern	goodoffice1	Caroline	The Associate track will tell me more. Don't make me regret the decision.
corporate_arc.rpy	corporate_review_intern	goodoffice1	narrator	I won't.
corporate_arc.rpy	corporate_review_intern	goodoffice1	narrator	She nods once. Conversation over.
corporate_arc.rpy	corporate_review_intern	goodoffice1	narrator	What specifically are you watching for?
corporate_arc.rpy	corporate_review_intern	goodoffice1	Caroline	How you handle the first thing that goes wrong. Everyone's capable when it's easy.
corporate_arc.rpy	corporate_review_intern	goodoffice1	narrator	You got what you came for. The terms weren't quite what you expected.
corporate_arc.rpy	corp_reporting_integrity	goodoffice1	narrator	Three days before the executive review. Caroline stops at your desk with the summary deck.
corporate_arc.rpy	corp_reporting_integrity	goodoffice1	Caroline	The Q3 Vantage segment. The board expects it at 4.2. Your current source gives 3.8.
corporate_arc.rpy	corp_reporting_integrity	goodoffice1	narrator	A discrepancy of four-tenths across a reported segment — not trivial.
corporate_arc.rpy	corp_reporting_integrity	goodoffice1	Caroline	I need this reconciled before Monday.
corporate_arc.rpy	corp_reporting_integrity	goodoffice1	narrator	She means use the expected number and sort it out after the meeting.
corporate_arc.rpy	corp_reporting_integrity	goodoffice1	[mc_name]	What's the source for the 3.8?
corporate_arc.rpy	corp_reporting_integrity	goodoffice1	Caroline	Confirmed. The 4.2 is the target we submitted in Q2.
corporate_arc.rpy	corp_reporting_integrity	goodoffice1	narrator	She waits. The review is in three days.
corporate_arc.rpy	corp_reporting_integrity	goodoffice1	narrator	Stop submission and disclose the discrepancy.
corporate_arc.rpy	corp_reporting_integrity	goodoffice1	[mc_name]	I can't submit 4.2. The source is 3.8. That's a material difference.
corporate_arc.rpy	corp_reporting_integrity	goodoffice1	Caroline	I'm aware of that.
corporate_arc.rpy	corp_reporting_integrity	goodoffice1	[mc_name]	Then I need to flag it through the right channel and pause submission until it's cleared.
corporate_arc.rpy	corp_reporting_integrity	goodoffice1	narrator	A pause.
corporate_arc.rpy	corp_reporting_integrity	goodoffice1	Caroline	That will delay the deck.
corporate_arc.rpy	corp_reporting_integrity	goodoffice1	[mc_name]	Yes.
corporate_arc.rpy	corp_reporting_integrity	goodoffice1	narrator	She takes the deck back.
corporate_arc.rpy	corp_reporting_integrity	goodoffice1	narrator	Submit with the discrepancy explicitly marked and attach reconciliation.
corporate_arc.rpy	corp_reporting_integrity	goodoffice1	[mc_name]	I'll submit with the 3.8, note the Q2 target for reference, and attach a reconciliation note.
corporate_arc.rpy	corp_reporting_integrity	goodoffice1	narrator	A beat.
corporate_arc.rpy	corp_reporting_integrity	goodoffice1	Caroline	That draws attention to the gap.
corporate_arc.rpy	corp_reporting_integrity	goodoffice1	[mc_name]	It also means no one acts on an incorrect figure.
corporate_arc.rpy	corp_reporting_integrity	goodoffice1	narrator	She considers this.
corporate_arc.rpy	corp_reporting_integrity	goodoffice1	Caroline	Do it carefully.
corporate_arc.rpy	corp_reporting_integrity	goodoffice1	narrator	Replace the figure with the expected target.
corporate_arc.rpy	corp_reporting_integrity	goodoffice1	[mc_name]	I can reconcile it after the meeting.
corporate_arc.rpy	corp_reporting_integrity	goodoffice1	narrator	You update the deck. The figure becomes 4.2.
corporate_arc.rpy	corp_reporting_integrity	goodoffice1	narrator	The problem will be there on Tuesday when you open the source file.
corporate_arc.rpy	corp_reporting_integrity_followup	goodoffice1	narrator	Two shifts later: the source data was reanalysed before the meeting. The Q3 Vantage figure had been pulled from a pre-adjustment extract — the correct number aligned closer to the board's expectation than the discrepancy had suggested.
corporate_arc.rpy	corp_reporting_integrity_followup	goodoffice1	Caroline	The delay was the right call.
corporate_arc.rpy	corp_reporting_integrity_followup	goodoffice1	[mc_name]	I didn't know that at the time.
corporate_arc.rpy	corp_reporting_integrity_followup	goodoffice1	Caroline	That's the point. You didn't know — and you didn't submit anyway.
corporate_arc.rpy	corp_reporting_integrity_followup	goodoffice1	narrator	Two shifts later: the reconciliation note had been picked up before the deck went to the board — the qualified figure was held pending clarification rather than treated as final.
corporate_arc.rpy	corp_reporting_integrity_followup	goodoffice1	Caroline	The note did its job.
corporate_arc.rpy	corp_reporting_integrity_followup	goodoffice1	[mc_name]	It flagged the gap without stopping the submission.
corporate_arc.rpy	corp_reporting_integrity_followup	goodoffice1	Caroline	Which is why the data error didn't make it into the board summary. Your note, your work.
corporate_arc.rpy	corp_reporting_integrity_followup	goodoffice1	narrator	Two shifts later: a strategy team sharing the same client family cross-referenced the segment. The 4.2 didn't match their independently sourced data.
corporate_arc.rpy	corp_reporting_integrity_followup	goodoffice1	Caroline	How did the figure become 4.2?
corporate_arc.rpy	corp_reporting_integrity_followup	goodoffice1	[mc_name]	You asked me to reconcile it.
corporate_arc.rpy	corp_reporting_integrity_followup	goodoffice1	narrator	A pause.
corporate_arc.rpy	corp_reporting_integrity_followup	goodoffice1	Caroline	I asked you to reconcile the gap. Not replace the source number.
corporate_arc.rpy	corp_reporting_integrity_followup	goodoffice1	narrator	Report what you changed.
corporate_arc.rpy	corp_reporting_integrity_followup	goodoffice1	[mc_name]	I replaced the figure. The source was 3.8 — I changed it to 4.2 in the deck.
corporate_arc.rpy	corp_reporting_integrity_followup	goodoffice1	Caroline	Why?
corporate_arc.rpy	corp_reporting_integrity_followup	goodoffice1	[mc_name]	Because you needed it reconciled before Monday and I made the wrong call about what that meant.
corporate_arc.rpy	corp_reporting_integrity_followup	goodoffice1	narrator	She doesn't defend the original request.
corporate_arc.rpy	corp_reporting_integrity_followup	goodoffice1	Caroline	This goes to compliance. I'll need your written account by end of day.
corporate_arc.rpy	corp_reporting_integrity_followup	goodoffice1	narrator	Argue that the requested target was reasonable.
corporate_arc.rpy	corp_reporting_integrity_followup	goodoffice1	[mc_name]	The Q2 target was the board-approved expectation. Using it wasn't unreasonable.
corporate_arc.rpy	corp_reporting_integrity_followup	goodoffice1	Caroline	The Q2 target and the Q3 source are different documents.
corporate_arc.rpy	corp_reporting_integrity_followup	goodoffice1	[mc_name]	The intent was to present the business's trajectory.
corporate_arc.rpy	corp_reporting_integrity_followup	goodoffice1	Caroline	The intent doesn't appear in the report. The number does.
corporate_arc.rpy	corp_reporting_integrity_followup	goodoffice1	narrator	She closes the folder.
corporate_atlas.rpy	corporate_atlas_intro	goodoffice1	narrator	Caroline's assistant flags you on the way in. Third floor. Now.
corporate_atlas.rpy	corporate_atlas_intro	goodoffice1	Caroline	Close the door.
corporate_atlas.rpy	corporate_atlas_intro	goodoffice1	narrator	She doesn't look up until you do.
corporate_atlas.rpy	corporate_atlas_intro	goodoffice1	Caroline	I'm giving you Atlas. Client presentation to the Nexus board in three weeks.
corporate_atlas.rpy	corporate_atlas_intro	goodoffice1	Caroline	Meridian Group — financial services, mid-size, looking to enter three new market segments. You'll build the analysis and the presentation from the ground up.
corporate_atlas.rpy	corporate_atlas_intro	goodoffice1	Caroline	Martha is already across the Meridian account. She's a resource. She is not the responsible party. You are.
corporate_atlas.rpy	corporate_atlas_intro	goodoffice1	Caroline	This is the kind of project that determines what the Associate track looks like for you.
corporate_atlas.rpy	corporate_atlas_intro	goodoffice1	narrator	A pause. She's waiting for a response, not a question.
corporate_atlas.rpy	corporate_atlas_intro	goodoffice1	narrator	I'll make sure they remember who delivered it.
corporate_atlas.rpy	corporate_atlas_intro	goodoffice1	Caroline	You said something like that in your interview.
corporate_atlas.rpy	corporate_atlas_intro	goodoffice1	Caroline	Let's see if it holds at a scale that actually matters.
corporate_atlas.rpy	corporate_atlas_intro	goodoffice1	Caroline	That's one way to approach it.
corporate_atlas.rpy	corporate_atlas_intro	goodoffice1	narrator	I'll make sure the work is solid before anything leaves this floor.
corporate_atlas.rpy	corporate_atlas_intro	goodoffice1	Caroline	That's what I'd expect from you.
corporate_atlas.rpy	corporate_atlas_intro	goodoffice1	Caroline	Don't let it become an excuse to move slowly. Three weeks isn't long.
corporate_atlas.rpy	corporate_atlas_intro	goodoffice1	Caroline	Good. Meridian will see the seams if you rush it.
corporate_atlas.rpy	corporate_atlas_intro	goodoffice1	narrator	I'll speak to everyone involved before committing to a direction.
corporate_atlas.rpy	corporate_atlas_intro	goodoffice1	Caroline	You've done that before. It's worked.
corporate_atlas.rpy	corporate_atlas_intro	goodoffice1	Caroline	Don't let it become a way to avoid making the call yourself.
corporate_atlas.rpy	corporate_atlas_intro	goodoffice1	Caroline	That's a longer road. Make sure the destination is still on time.
corporate_atlas.rpy	corporate_atlas_intro	goodoffice1	narrator	Three weeks. One responsible party. You.
corporate_atlas.rpy	corporate_atlas_research	goodoffice1	narrator	Ten days in.
corporate_atlas.rpy	corporate_atlas_research	goodoffice1	narrator	The Meridian files are thorough on the surface and shallow underneath.
corporate_atlas.rpy	corporate_atlas_research	goodoffice1	narrator	Three of the growth projections rely on a regulatory environment that shifted eighteen months ago. Caroline's framing assumes a clear runway. The data doesn't.
corporate_atlas.rpy	corporate_atlas_research	goodoffice1	narrator	You sit with it for a while.
corporate_atlas.rpy	corporate_atlas_research	goodoffice1	narrator	Ask Martha. She's already across the account.
corporate_atlas.rpy	corporate_atlas_research	goodoffice1	Martha	I was wondering when you'd get there.
corporate_atlas.rpy	corporate_atlas_research	goodoffice1	Martha	The Q3 figures are the problem. Meridian's been running pre-reform assumptions on segment two. Nobody corrected them.
corporate_atlas.rpy	corporate_atlas_research	goodoffice1	Martha	I flagged it six months ago on a different brief. Didn't go anywhere.
corporate_atlas.rpy	corporate_atlas_research	goodoffice1	narrator	She pulls up the file without being asked.
corporate_atlas.rpy	corporate_atlas_research	goodoffice1	Martha	The regulatory gap. Yes, I noticed.
corporate_atlas.rpy	corporate_atlas_research	goodoffice1	Martha	What do you need?
corporate_atlas.rpy	corporate_atlas_research	goodoffice1	narrator	She helps. It's efficient and a little impersonal — you haven't quite earned the shorthand yet.
corporate_atlas.rpy	corporate_atlas_research	goodoffice1	narrator	Work through it yourself.
corporate_atlas.rpy	corporate_atlas_research	goodoffice1	narrator	Three days of cross-referencing public filings and internal reports.
corporate_atlas.rpy	corporate_atlas_research	goodoffice1	narrator	The gap is real. You can work around it — or you can restructure the whole recommendation.
corporate_atlas.rpy	corporate_atlas_research	goodoffice1	narrator	You restructure.
corporate_atlas.rpy	corporate_atlas_research	goodoffice1	narrator	The extra exposure bothers you less than it probably should. You file that away for later.
corporate_atlas.rpy	corporate_atlas_research	goodoffice1	narrator	Send Caroline a quick holding email.
corporate_atlas.rpy	corporate_atlas_research	goodoffice1	narrator	You flag the issue. You haven't solved it yet, but she'll know you've seen it.
corporate_atlas.rpy	corporate_atlas_research	goodoffice1	Caroline	Thanks for the heads-up. Keep moving — we'll address it in the review.
corporate_atlas.rpy	corporate_atlas_research	goodoffice1	narrator	She doesn't sound worried. That's not necessarily reassuring.
corporate_atlas.rpy	corporate_atlas_problem	goodoffice1	narrator	Martha finds you before you find her.
corporate_atlas.rpy	corporate_atlas_problem	goodoffice1	Martha	We need to talk about the segment three recommendation.
corporate_atlas.rpy	corporate_atlas_problem	goodoffice1	narrator	She pulls up a chair without waiting to be invited.
corporate_atlas.rpy	corporate_atlas_problem	goodoffice1	Martha	The growth projection works on paper. But Meridian has roughly two thousand people in segment three's primary market. The restructuring we're recommending cuts that by thirty percent.
corporate_atlas.rpy	corporate_atlas_problem	goodoffice1	Martha	That's the number that doesn't appear anywhere in the slide.
corporate_atlas.rpy	corporate_atlas_problem	goodoffice1	narrator	A pause.
corporate_atlas.rpy	corporate_atlas_problem	goodoffice1	Martha	Caroline knows.
corporate_atlas.rpy	corporate_atlas_problem	goodoffice1	narrator	It's not our job to make that call. We give the client the best strategic option.
corporate_atlas.rpy	corporate_atlas_problem	goodoffice1	narrator	Caroline agrees.
corporate_atlas.rpy	corporate_atlas_problem	goodoffice1	Caroline	The recommendation is sound. Meridian's board will make their own decisions about implementation. We don't run the company.
corporate_atlas.rpy	corporate_atlas_problem	goodoffice1	Caroline	Keep it in.
corporate_atlas.rpy	corporate_atlas_problem	goodoffice1	narrator	Martha doesn't come to your desk for the rest of the afternoon.
corporate_atlas.rpy	corporate_atlas_problem	goodoffice1	narrator	At minimum, there should be a note. Something the client can see.
corporate_atlas.rpy	corporate_atlas_problem	goodoffice1	Martha	A note.
corporate_atlas.rpy	corporate_atlas_problem	goodoffice1	narrator	She says it flat. Not a question.
corporate_atlas.rpy	corporate_atlas_problem	goodoffice1	narrator	You take it to Caroline.
corporate_atlas.rpy	corporate_atlas_problem	goodoffice1	Caroline	A disclosure. Fine. One line, appendix, keep it clean.
corporate_atlas.rpy	corporate_atlas_problem	goodoffice1	narrator	Martha reads the final version later. She doesn't say thank you.
corporate_atlas.rpy	corporate_atlas_problem	goodoffice1	narrator	She sits closer at the next team briefing.
corporate_atlas.rpy	corporate_atlas_problem	goodoffice1	narrator	There's a third version. Same outcome for Meridian, different timeline for the workforce.
corporate_atlas.rpy	corporate_atlas_problem	goodoffice1	Martha	I'm listening.
corporate_atlas.rpy	corporate_atlas_problem	goodoffice1	narrator	You've been turning it over since yesterday. A phased transition — the strategic recommendation holds, but the implementation window is longer.
corporate_atlas.rpy	corporate_atlas_problem	goodoffice1	Martha	It's more expensive in year one.
corporate_atlas.rpy	corporate_atlas_problem	goodoffice1	narrator	Yes.
corporate_atlas.rpy	corporate_atlas_problem	goodoffice1	Martha	Caroline won't like the cost projection.
corporate_atlas.rpy	corporate_atlas_problem	goodoffice1	narrator	No.
corporate_atlas.rpy	corporate_atlas_problem	goodoffice1	narrator	You take it to Caroline anyway.
corporate_atlas.rpy	corporate_atlas_problem	goodoffice1	Caroline	...
corporate_atlas.rpy	corporate_atlas_problem	goodoffice1	Caroline	The board will push back on the extended timeline.
corporate_atlas.rpy	corporate_atlas_problem	goodoffice1	narrator	She looks at the numbers for a long time.
corporate_atlas.rpy	corporate_atlas_problem	goodoffice1	Caroline	It's defensible. Frame it as the conservative scenario. Put it in.
corporate_atlas.rpy	corporate_atlas_problem	goodoffice1	narrator	Martha meets your eye when you walk back to your desk. Just briefly.
corporate_atlas.rpy	corporate_atlas_crunch	goodoffice1	narrator	Eight-thirty PM. Most of the floor is empty.
corporate_atlas.rpy	corporate_atlas_crunch	goodoffice1	narrator	Presentation tomorrow at eleven.
corporate_atlas.rpy	corporate_atlas_crunch	goodoffice1	narrator	The deck is close. Not finished. Three sections still need proper narrative. The executive summary is two pages too long.
corporate_atlas.rpy	corporate_atlas_crunch	goodoffice1	narrator	Stay and finish it yourself.
corporate_atlas.rpy	corporate_atlas_crunch	goodoffice1	narrator	You're already running low. The kind of tired where you read the same sentence four times and it still doesn't resolve.
corporate_atlas.rpy	corporate_atlas_crunch	goodoffice1	narrator	You stay anyway.
corporate_atlas.rpy	corporate_atlas_crunch	goodoffice1	narrator	Two in the morning. It's done. Not perfect. But close enough that you can defend every line.
corporate_atlas.rpy	corporate_atlas_crunch	goodoffice1	narrator	Ask Martha if she can stay.
corporate_atlas.rpy	corporate_atlas_crunch	goodoffice1	Martha	I have somewhere to be.
corporate_atlas.rpy	corporate_atlas_crunch	goodoffice1	narrator	Fair enough.
corporate_atlas.rpy	corporate_atlas_crunch	goodoffice1	narrator	You close the blinds and stay alone.
corporate_atlas.rpy	corporate_atlas_crunch	goodoffice1	Martha	You've been running this alone for three weeks.
corporate_atlas.rpy	corporate_atlas_crunch	goodoffice1	narrator	A beat.
corporate_atlas.rpy	corporate_atlas_crunch	goodoffice1	Martha	Now you need help the night before.
corporate_atlas.rpy	corporate_atlas_crunch	goodoffice1	narrator	I should have brought you in earlier. That's on me.
corporate_atlas.rpy	corporate_atlas_crunch	goodoffice1	Martha	Yes.
corporate_atlas.rpy	corporate_atlas_crunch	goodoffice1	narrator	A pause.
corporate_atlas.rpy	corporate_atlas_crunch	goodoffice1	Martha	But here we are.
corporate_atlas.rpy	corporate_atlas_crunch	goodoffice1	narrator	I'm asking now.
corporate_atlas.rpy	corporate_atlas_crunch	goodoffice1	narrator	She holds the look for a second longer than comfortable.
corporate_atlas.rpy	corporate_atlas_crunch	goodoffice1	Martha	Fine. Where are we?
corporate_atlas.rpy	corporate_atlas_crunch	goodoffice1	Martha	Executive summary or segment three first?
corporate_atlas.rpy	corporate_atlas_crunch	goodoffice1	narrator	You finish by midnight. It's better than it would have been alone.
corporate_atlas.rpy	corporate_atlas_crunch	goodoffice1	narrator	Leave it. It's good enough at this point.
corporate_atlas.rpy	corporate_atlas_crunch	goodoffice1	narrator	You close the laptop.
corporate_atlas.rpy	corporate_atlas_crunch	goodoffice1	narrator	Maybe it is. The foundation is solid enough to carry a few rough edges.
corporate_atlas.rpy	corporate_atlas_crunch	goodoffice1	narrator	You hope the presentation carries what the research couldn't.
corporate_atlas.rpy	corporate_atlas_presentation	goodoffice1	narrator	Conference room B. Meridian's CFO and two directors. Caroline at the back wall. Martha two seats to her right.
corporate_atlas.rpy	corporate_atlas_presentation	goodoffice1	narrator	You present.
corporate_atlas.rpy	corporate_atlas_presentation	goodoffice1	narrator	The room shifts about eight minutes in — the specific change in posture that means people have stopped evaluating and started listening.
corporate_atlas.rpy	corporate_atlas_presentation	goodoffice1	narrator	The segment three slide gets a question. You answer it cleanly. So does the data.
corporate_atlas.rpy	corporate_atlas_presentation	goodoffice1	narrator	Meridian's CFO closes his notebook before you've finished the last section.
corporate_atlas.rpy	corporate_atlas_presentation	goodoffice1	Caroline	Well done.
corporate_atlas.rpy	corporate_atlas_presentation	goodoffice1	narrator	She says it in front of the room. That's not a small thing.
corporate_atlas.rpy	corporate_atlas_presentation	goodoffice1	Caroline	The Meridian account framing was already in good shape when this started. That work held.
corporate_atlas.rpy	corporate_atlas_presentation	goodoffice1	narrator	She's looking at Martha when she says it.
corporate_atlas.rpy	corporate_atlas_presentation	goodoffice1	Martha	We built on it.
corporate_atlas.rpy	corporate_atlas_presentation	goodoffice1	narrator	Martha looks at you when she says 'we.'
corporate_atlas.rpy	corporate_atlas_presentation	goodoffice1	narrator	Martha is watching from her seat. She doesn't say anything.
corporate_atlas.rpy	corporate_atlas_presentation	goodoffice1	narrator	She's waiting to see what you do with this moment.
corporate_atlas.rpy	corporate_atlas_presentation	goodoffice1	narrator	Most of it lands. The segment three recommendation generates harder questions than the model suggested.
corporate_atlas.rpy	corporate_atlas_presentation	goodoffice1	narrator	The CFO pushes on the timeline. You give him the honest answer about the year-one cost.
corporate_atlas.rpy	corporate_atlas_presentation	goodoffice1	narrator	It's not the room you wanted. But it's not a collapse either.
corporate_atlas.rpy	corporate_atlas_presentation	goodoffice1	Caroline	The growth projections will need to be revisited. I'll set up a follow-up call with their team.
corporate_atlas.rpy	corporate_atlas_presentation	goodoffice1	narrator	She's not pleased. She's also not shutting it down.
corporate_atlas.rpy	corporate_atlas_presentation	goodoffice1	narrator	The CFO stops you on slide four.
corporate_atlas.rpy	corporate_atlas_presentation	goodoffice1	narrator	The regulatory gap — he's already across it. So is his team. Has been for months.
corporate_atlas.rpy	corporate_atlas_presentation	goodoffice1	narrator	The next forty minutes are a recovery exercise. You answer what you can and acknowledge what you can't.
corporate_atlas.rpy	corporate_atlas_presentation	goodoffice1	narrator	It's the second kind of performance review you don't write down.
corporate_atlas.rpy	corporate_atlas_presentation	goodoffice1	narrator	Caroline finds you in the corridor when Meridian's team has left.
corporate_atlas.rpy	corporate_atlas_presentation	goodoffice1	Caroline	We'll regroup this week. I need to understand what happened on the research side.
corporate_atlas.rpy	corporate_atlas_presentation	goodoffice1	narrator	It's not a firing. It's something more uncomfortable — an open question.
corporate_atlas.rpy	corporate_atlas_aftermath	goodoffice1	narrator	The day after.
corporate_atlas.rpy	corporate_atlas_aftermath	goodoffice1	narrator	The Meridian debrief is already in the shared folder. Your name is in the subject line.
corporate_atlas.rpy	corporate_atlas_aftermath	goodoffice1	narrator	The follow-up call with Meridian is scheduled for next Thursday. People are being professional about it.
corporate_atlas.rpy	corporate_atlas_aftermath	goodoffice1	narrator	Caroline's call with the Meridian account lead is happening right now. You're not in it.
corporate_atlas.rpy	corporate_atlas_aftermath	goodoffice1	narrator	Martha finds you at eleven. She brings two coffees and doesn't explain why.
corporate_atlas.rpy	corporate_atlas_aftermath	goodoffice1	Martha	Good presentation.
corporate_atlas.rpy	corporate_atlas_aftermath	goodoffice1	narrator	We built something that held up.
corporate_atlas.rpy	corporate_atlas_aftermath	goodoffice1	Martha	Yes.
corporate_atlas.rpy	corporate_atlas_aftermath	goodoffice1	narrator	A pause that isn't uncomfortable.
corporate_atlas.rpy	corporate_atlas_aftermath	goodoffice1	Martha	We did.
corporate_atlas.rpy	corporate_atlas_aftermath	goodoffice1	narrator	You saw the gap in segment two before I did. The whole thing pivoted on that.
corporate_atlas.rpy	corporate_atlas_aftermath	goodoffice1	narrator	She's quiet for a moment.
corporate_atlas.rpy	corporate_atlas_aftermath	goodoffice1	Martha	I appreciate you saying it. In here, not just in the room.
corporate_atlas.rpy	corporate_atlas_aftermath	goodoffice1	Martha	You pulled it off.
corporate_atlas.rpy	corporate_atlas_aftermath	goodoffice1	narrator	Something in her tone is weighing something.
corporate_atlas.rpy	corporate_atlas_aftermath	goodoffice1	narrator	I had good material to work from.
corporate_atlas.rpy	corporate_atlas_aftermath	goodoffice1	Martha	You had the same data I had six months ago. You did something different with it.
corporate_atlas.rpy	corporate_atlas_aftermath	goodoffice1	narrator	That's not quite a compliment and not quite a challenge.
corporate_atlas.rpy	corporate_atlas_aftermath	goodoffice1	narrator	It came together in the last few days.
corporate_atlas.rpy	corporate_atlas_aftermath	goodoffice1	Martha	It usually does. For people who put in the days before that.
corporate_atlas.rpy	corporate_atlas_aftermath	goodoffice1	narrator	She means it. The observation lands differently for it.
corporate_atlas.rpy	corporate_atlas_aftermath	goodoffice1	Martha	The CFO question on segment three.
corporate_atlas.rpy	corporate_atlas_aftermath	goodoffice1	narrator	Not a question — a reference point.
corporate_atlas.rpy	corporate_atlas_aftermath	goodoffice1	Martha	You held the room when it got difficult.
corporate_atlas.rpy	corporate_atlas_aftermath	goodoffice1	narrator	Barely.
corporate_atlas.rpy	corporate_atlas_aftermath	goodoffice1	Martha	Barely is what the client remembers.
corporate_atlas.rpy	corporate_atlas_aftermath	goodoffice1	narrator	I should have seen it coming in the research stage.
corporate_atlas.rpy	corporate_atlas_aftermath	goodoffice1	Martha	Yes. But you answered it when it counted.
corporate_atlas.rpy	corporate_atlas_aftermath	goodoffice1	Martha	Those aren't the same failure.
corporate_atlas.rpy	corporate_atlas_aftermath	goodoffice1	Martha	The regulatory gap.
corporate_atlas.rpy	corporate_atlas_aftermath	goodoffice1	narrator	She doesn't say 'I told you.' She doesn't have to.
corporate_atlas.rpy	corporate_atlas_aftermath	goodoffice1	Martha	We should have pushed harder on the reframe. When we had time to push.
corporate_atlas.rpy	corporate_atlas_aftermath	goodoffice1	narrator	That's on me. I moved too slowly.
corporate_atlas.rpy	corporate_atlas_aftermath	goodoffice1	Martha	We had the window. We didn't use it well.
corporate_atlas.rpy	corporate_atlas_aftermath	goodoffice1	narrator	The 'we' costs her something. You notice that.
corporate_atlas.rpy	corporate_atlas_aftermath	goodoffice1	narrator	I should have escalated sooner when I saw the gap.
corporate_atlas.rpy	corporate_atlas_aftermath	goodoffice1	Martha	Yes. Earlier is always better than in front of the CFO.
corporate_atlas.rpy	corporate_atlas_aftermath	goodoffice1	Martha	You ran this without much help.
corporate_atlas.rpy	corporate_atlas_aftermath	goodoffice1	narrator	A beat.
corporate_atlas.rpy	corporate_atlas_aftermath	goodoffice1	Martha	That's a choice. It has a cost. You know that now.
corporate_atlas.rpy	corporate_atlas_aftermath	goodoffice1	narrator	Yeah.
corporate_atlas.rpy	corporate_atlas_aftermath	goodoffice1	Martha	Good.
corporate_atlas.rpy	corporate_atlas_aftermath	goodoffice1	narrator	Next time will be different.
corporate_atlas.rpy	corporate_atlas_aftermath	goodoffice1	Martha	I'll hold you to it.
corporate_atlas.rpy	corporate_atlas_aftermath	goodoffice1	narrator	A longer silence. The coffee goes cold at a reasonable pace.
corporate_atlas.rpy	corporate_atlas_aftermath	goodoffice1	narrator	\"It was a team effort.\" (Say it where Caroline can hear.)
corporate_atlas.rpy	corporate_atlas_aftermath	goodoffice1	narrator	You say it when Caroline stops by. In front of Martha.
corporate_atlas.rpy	corporate_atlas_aftermath	goodoffice1	Caroline	Noted.
corporate_atlas.rpy	corporate_atlas_aftermath	goodoffice1	narrator	She sounds like she means it.
corporate_atlas.rpy	corporate_atlas_aftermath	goodoffice1	Caroline	Let's focus on getting the Meridian follow-up right.
corporate_atlas.rpy	corporate_atlas_aftermath	goodoffice1	narrator	\"It was my project. I own the outcome either way.\"
corporate_atlas.rpy	corporate_atlas_aftermath	goodoffice1	narrator	You mean it in both directions — the wins and the gaps.
corporate_atlas.rpy	corporate_atlas_aftermath	goodoffice1	narrator	Martha hears it. Says nothing. The nothing means something.
corporate_atlas.rpy	corporate_atlas_aftermath	goodoffice1	narrator	Say nothing. Let what happened speak for itself.
corporate_atlas.rpy	corporate_atlas_aftermath	goodoffice1	narrator	Martha looks at you sideways.
corporate_atlas.rpy	corporate_atlas_aftermath	goodoffice1	Martha	That's a choice too.
corporate_atlas.rpy	corporate_atlas_aftermath	goodoffice1	narrator	It's not nothing. She noticed you're not planting a flag.
corporate_work.rpy	unknown		narrator	
corporate_work.rpy	unknown		narrator	
corporate_work.rpy	unknown		narrator	dig into the Meridian Group data
corporate_work.rpy	unknown		narrator	take the segment-two problem to Martha
corporate_work.rpy	unknown		narrator	build the recommendation
corporate_work.rpy	unknown		narrator	present to Meridian's board
corporate_work.rpy	unknown		narrator	
corporate_work.rpy	unknown		narrator	
corporate_work.rpy	unknown		narrator	next_at
corporate_work.rpy	unknown		narrator	next_at
corporate_work.rpy	unknown		narrator	next_at
corporate_work.rpy	unknown		narrator	remaining
corporate_work.rpy	unknown		narrator	next
corporate_work.rpy	unknown		narrator	next_at
corporate_work.rpy	unknown		narrator	
corporate_work.rpy	unknown		narrator	
corporate_work.rpy	unknown		narrator	mco_kellner_review
corporate_work.rpy	unknown		narrator	mco_report_draft
corporate_work.rpy	unknown		narrator	mco_end_of_day_note
corporate_work.rpy	unknown		narrator	net_martha_venting
corporate_work.rpy	unknown		narrator	net_office_rumour
corporate_work.rpy	unknown		narrator	net_team_coffee
corporate_work.rpy	unknown		narrator	net_analyst_chat
corporate_work.rpy	unknown		background	#12161ef8
corporate_work.rpy	unknown		background	#1e3a5f
corporate_work.rpy	corp_regular_work	pov_corporate	narrator	Running on empty, you limp to end of day. Your manager notices the slippage.
corporate_work.rpy	corp_regular_work	pov_corporate	narrator	A long day of meetings and spreadsheets. The pay is solid.
corporate_work.rpy	corp_regular_work	pov_corporate	narrator	Running on empty. Atlas is somewhere in the background.
corporate_work.rpy	corp_regular_work	pov_corporate	narrator	Standard day. The work moves, if not quickly.
corporate_work.rpy	corp_regular_work	pov_corporate	narrator	Running on empty.
corporate_work.rpy	corp_regular_work	pov_corporate	narrator	A long day of meetings and spreadsheets. The pay is solid.
corporate_work.rpy	corp_project_work	pov_corporate	narrator	Worn out. The project inches forward anyway.
corporate_work.rpy	corp_project_work	pov_corporate	narrator	[_atlas_note]
corporate_work.rpy	corp_project_work	pov_corporate	narrator	A day deep in the Meridian Group files — the client Project Atlas is built around.
corporate_work.rpy	corp_project_work	pov_corporate	narrator	[_atlas_note]
corporate_work.rpy	corp_work_martha	pov_corporate	narrator	Even working alongside Martha, by the end you're running close to empty.
corporate_work.rpy	mco_kellner_review	goodoffice1	Martha	The Kellner segment B numbers.
corporate_work.rpy	mco_kellner_review	goodoffice1	Martha	Do you know why they keep shifting quarter on quarter?
corporate_work.rpy	mco_kellner_review	goodoffice1	narrator	Market volatility — that's how I read it.
corporate_work.rpy	mco_kellner_review	goodoffice1	Martha	That's part of it. But the way it's reported makes it look like client error on our side. That matters when it escalates.
corporate_work.rpy	mco_kellner_review	goodoffice1	narrator	You file it away.
corporate_work.rpy	mco_kellner_review	goodoffice1	narrator	I haven't looked closely yet.
corporate_work.rpy	mco_kellner_review	goodoffice1	Martha	Look closely.
corporate_work.rpy	mco_kellner_review	goodoffice1	narrator	She walks you through it. Twenty minutes. More useful than you expected.
corporate_work.rpy	mco_report_draft	goodoffice1	Martha	I'm restructuring the Hartwell summary. Two options — lead with the risk section, or bury it in appendix B.
corporate_work.rpy	mco_report_draft	goodoffice1	Martha	Guess which one Caroline wants.
corporate_work.rpy	mco_report_draft	goodoffice1	narrator	Lead with risk. Let the client see it upfront.
corporate_work.rpy	mco_report_draft	goodoffice1	Martha	That's what they need. Not necessarily what Caroline wants to send.
corporate_work.rpy	mco_report_draft	goodoffice1	narrator	A pause.
corporate_work.rpy	mco_report_draft	goodoffice1	Martha	I'll lead with it anyway. Good to know you'd make the same call.
corporate_work.rpy	mco_report_draft	goodoffice1	narrator	If Caroline wants appendix B, she usually has a reason.
corporate_work.rpy	mco_report_draft	goodoffice1	Martha	There's always a reason. Doesn't always make it right.
corporate_work.rpy	mco_report_draft	goodoffice1	narrator	She goes back to the draft.
corporate_work.rpy	mco_end_of_day_note	goodoffice1	narrator	Six-thirty. Most of the floor is quiet.
corporate_work.rpy	mco_end_of_day_note	goodoffice1	Martha	How long do you think you'll stay in corporate?
corporate_work.rpy	mco_end_of_day_note	goodoffice1	narrator	Long enough to make it worth it.
corporate_work.rpy	mco_end_of_day_note	goodoffice1	Martha	That's the standard answer.
corporate_work.rpy	mco_end_of_day_note	goodoffice1	narrator	She doesn't seem dissatisfied by it. Just unsurprised.
corporate_work.rpy	mco_end_of_day_note	goodoffice1	narrator	I'm not sure yet. Are you?
corporate_work.rpy	mco_end_of_day_note	goodoffice1	Martha	I've been not sure for six years.
corporate_work.rpy	mco_end_of_day_note	goodoffice1	narrator	She picks up her bag.
corporate_work.rpy	mco_end_of_day_note	goodoffice1	Martha	That's an answer too.
corporate_work.rpy	mco_end_of_day_note	goodoffice1	narrator	I'm focused on getting to Analyst right now.
corporate_work.rpy	mco_end_of_day_note	goodoffice1	Martha	Short answer. Usually the right one to give.
corporate_work.rpy	mco_end_of_day_note	goodoffice1	narrator	She means it as a compliment. You think.
corporate_work.rpy	corp_network	pov_corporate	narrator	The rounds are familiar now. Useful for keeping up appearances. Less useful for finding anything new.
corporate_work.rpy	corp_network	pov_corporate	narrator	You circulate. People are polite. Nothing really lands today.
corporate_work.rpy	corp_network	pov_corporate	narrator	You're running low by the time you wind down.
corporate_work.rpy	net_martha_venting	goodoffice1	narrator	Martha at the coffee machine. The posture of someone who needed a quiet minute.
corporate_work.rpy	net_martha_venting	goodoffice1	Martha	The Remington account. They've moved the deliverable date twice in two weeks.
corporate_work.rpy	net_martha_venting	goodoffice1	narrator	That's a billing conversation at some point.
corporate_work.rpy	net_martha_venting	goodoffice1	Martha	It's a billing conversation right now. Caroline won't push it.
corporate_work.rpy	net_martha_venting	goodoffice1	narrator	She pours her coffee.
corporate_work.rpy	net_martha_venting	goodoffice1	Martha	Good instinct, though.
corporate_work.rpy	net_martha_venting	goodoffice1	narrator	How are you handling it?
corporate_work.rpy	net_martha_venting	goodoffice1	Martha	The same way I handle everything. Finish the work; let the politics be someone else's problem.
corporate_work.rpy	net_martha_venting	goodoffice1	narrator	She says it without self-pity. It's just how she's built.
corporate_work.rpy	net_office_rumour	goodoffice1	narrator	You catch the tail end of a conversation near the break room.
corporate_work.rpy	net_office_rumour	goodoffice1	narrator	Two people from the strategy floor. Something about the Q2 review, structural changes, headcount.
corporate_work.rpy	net_office_rumour	goodoffice1	narrator	They notice you and change the subject.
corporate_work.rpy	net_office_rumour	goodoffice1	narrator	Not unusual. But you file the shape of it away.
corporate_work.rpy	net_team_coffee	goodoffice1	narrator	The informal eleven o'clock. Six people around the small table by the windows.
corporate_work.rpy	net_team_coffee	goodoffice1	narrator	No agenda. Project updates, weekend plans, a complaint about the printer on floor four.
corporate_work.rpy	net_team_coffee	goodoffice1	narrator	You stay for twenty minutes. Nothing strategic. Just present.
corporate_work.rpy	net_team_coffee	goodoffice1	narrator	These conversations are how people remember you exist.
corporate_work.rpy	net_analyst_chat	goodoffice1	narrator	One of the analysts from the floor above stops you in the corridor.
corporate_work.rpy	net_analyst_chat	goodoffice1	narrator	She's been on a different strand of the same client family — different angle, different framing.
corporate_work.rpy	net_analyst_chat	goodoffice1	narrator	You compare notes for ten minutes. Nothing she says is exactly new.
corporate_work.rpy	net_analyst_chat	goodoffice1	narrator	But the way she's structured it is different from yours. You take two things from it.
corporate_work.rpy	corp_net_credit_hallway	cg_corp_credit_lobby	narrator	The lobby. Marble floor, glass front. You hear your name before you see her.
corporate_work.rpy	corp_net_credit_hallway	cg_corp_credit_martha	narrator	Martha close, voice low.
corporate_work.rpy	corp_net_credit_hallway	goodoffice1	Martha	The Meridian credit situation. That kind of thing travels further than you'd expect here.
corporate_work.rpy	corp_net_credit_hallway	goodoffice1	Martha	I'm not making a judgement. Just — be aware.
corporate_work.rpy	corp_net_credit_hallway	goodoffice1	Martha	Word came back about how you handled the Meridian credit. That was the right call.
corporate_work.rpy	corp_net_credit_hallway	goodoffice1	Martha	Someone mentioned your name in the Meridian context this week.
corporate_work.rpy	corp_net_credit_hallway	goodoffice1	Martha	Positively, for what it's worth.
corporate_work.rpy	corp_overtime	cg_corp_overtime_empty	narrator	The floor clears out in stages. You stay.
corporate_work.rpy	corp_overtime	cg_corp_overtime_empty	narrator	Two hours of the specific quiet that only exists after everyone leaves.
corporate_work.rpy	corp_overtime	cg_corp_overtime_coffee	narrator	You make a coffee at some point. It's the kind of thing you do without deciding to.
corporate_work.rpy	corp_overtime	cg_corp_close_screen	narrator	By the end you're running on the kind of empty that takes a full night to fix.
corporate_work.rpy	corp_overtime	cg_corp_close_screen	narrator	You close out. The screen goes dark first.
corporate_work.rpy	mco_client_call	cg_corp_client_call	narrator	The Hartwell call starts on time. Two faces on the screen — one partially visible, one leaning forward.
corporate_work.rpy	mco_client_call	cg_corp_client_call	narrator	The leaning one is not happy. Delays on the Meridian segment are, in his exact words, 'commercially unacceptable.'
corporate_work.rpy	mco_client_call	nexus_meeting_room	Martha	Mr. Hartwell. The current timeline reflects the scope as we understand it. Before we discuss revision—
corporate_work.rpy	mco_client_call	nexus_meeting_room	narrator	He cuts in. He wants a date. He wants it now.
corporate_work.rpy	mco_client_call	cg_corp_client_handoff	narrator	Martha's posture doesn't shift. Her head turns, fractionally, toward you.
corporate_work.rpy	mco_client_call	cg_corp_client_handoff	narrator	It's not a question. It's an opening.
corporate_work.rpy	mco_client_call	nexus_meeting_room	narrator	Give him a specific date — two weeks earlier than planned.
corporate_work.rpy	mco_client_call	nexus_meeting_room	narrator	You name the date before you've finished calculating whether it's possible.
corporate_work.rpy	mco_client_call	nexus_meeting_room	narrator	Hartwell goes quieter. Not satisfied — quieter.
corporate_work.rpy	mco_client_call	nexus_meeting_room	narrator	Acknowledge the concern, ask what's driving the urgency.
corporate_work.rpy	mco_client_call	nexus_meeting_room	narrator	\"Understood. What's the downstream dependency? That'll tell us where we have flexibility.\"
corporate_work.rpy	mco_client_call	nexus_meeting_room	narrator	A pause. He tells you. You write it down.
corporate_work.rpy	mco_client_call	nexus_meeting_room	narrator	Reframe — the timeline is a quality gate, not a project problem.
corporate_work.rpy	mco_client_call	nexus_meeting_room	narrator	\"The current timeline exists because we're building something that holds on first deployment. A rushed revision risks the outcome Hartwell cares about.\"
corporate_work.rpy	mco_client_call	nexus_meeting_room	narrator	Three seconds of quiet on the other end.
corporate_work.rpy	mco_client_call	nexus_meeting_room	narrator	Martha closes the call. Thanks them for their time. Screen goes dark.
corporate_work.rpy	mco_client_call	cg_corp_client_after	narrator	She sits back. The pen is on the table.
corporate_work.rpy	mco_client_call	nexus_meeting_room	Martha	You gave them a date.
corporate_work.rpy	mco_client_call	nexus_meeting_room	Martha	Can we hit it?
corporate_work.rpy	mco_client_call	nexus_meeting_room	narrator	\"Probably.\"
corporate_work.rpy	mco_client_call	nexus_meeting_room	Martha	Probably is not a contract term.
corporate_work.rpy	mco_client_call	nexus_meeting_room	narrator	\"I'd need to check.\"
corporate_work.rpy	mco_client_call	nexus_meeting_room	Martha	Then next time, check first.
corporate_work.rpy	mco_client_call	nexus_meeting_room	Martha	The instinct to give them something was right. The execution needs work.
corporate_work.rpy	mco_client_call	nexus_meeting_room	Martha	Asking for the dependency. That's the right question.
corporate_work.rpy	mco_client_call	nexus_meeting_room	Martha	Most people try to answer what they were asked. You answered what mattered.
corporate_work.rpy	mco_client_call	nexus_meeting_room	Martha	The quality-gate reframe. Bold.
corporate_work.rpy	mco_client_call	nexus_meeting_room	narrator	A pause.
corporate_work.rpy	mco_client_call	nexus_meeting_room	Martha	It worked this time. Can you back it up?
corporate_work.rpy	mco_client_call	nexus_meeting_room	narrator	\"Yes.\"
corporate_work.rpy	mco_client_call	nexus_meeting_room	Martha	Good. Write it up before end of day.
corporate_work.rpy	mco_client_call	nexus_meeting_room	narrator	\"I'll need help with the specifics.\"
corporate_work.rpy	mco_client_call	nexus_meeting_room	Martha	Then ask. That's what I'm here for.
culinary_arc.rpy	unknown		narrator	wev_cul_service_rush
culinary_arc.rpy	unknown		narrator	wev_cul_short_staffed
culinary_arc.rpy	unknown		narrator	wev_cul_tired_compensation
culinary_arc.rpy	cul_first_day	kitchen	narrator	The kitchen smells of stock and hot steel before you've found your coat.
culinary_arc.rpy	cul_first_day	kitchen	narrator	A woman at the pass glances up once. She has the posture of someone who has already decided today's agenda.
culinary_arc.rpy	cul_first_day	kitchen	Rena	Commis. Knife roll out. Station three.
culinary_arc.rpy	cul_first_day	kitchen	narrator	Station three is prep. A cutting board, mise en place containers, a box of onions.
culinary_arc.rpy	cul_first_day	kitchen	Rena	Brunoise. Uniform. I'll check in an hour.
culinary_arc.rpy	cul_first_day	kitchen	narrator	She walks away before you can answer.
culinary_arc.rpy	cul_first_day	kitchen	narrator	Start cutting. Work carefully.
culinary_arc.rpy	cul_first_day	kitchen	narrator	You work through twenty onions. By the fifteenth you've found a rhythm. Not fast enough, but consistent.
culinary_arc.rpy	cul_first_day	kitchen	Rena	Consistent size. That's what we're building.
culinary_arc.rpy	cul_first_day	kitchen	narrator	Ask how small the brunoise should be.
culinary_arc.rpy	cul_first_day	kitchen	Rena	Three millimetres. Don't ask twice.
culinary_arc.rpy	cul_first_day	kitchen	narrator	She demonstrates once and moves on.
culinary_arc.rpy	cul_first_day	kitchen	narrator	Watch how the other cooks work first.
culinary_arc.rpy	cul_first_day	kitchen	narrator	A minute of watching tells you more than the instructions did. You adapt your grip.
culinary_arc.rpy	cul_first_day	kitchen	narrator	Rena notices. She says nothing.
culinary_arc.rpy	cul_task_1	pov_chef	Rena	Saturday service. You're on garnish and pasta for the prix fixe. First ticket in fifteen.
culinary_arc.rpy	cul_task_1	pov_chef	narrator	Fourteen minutes in, a table of six arrives. Pasta ordered four times. Your mise en place was set for two covers at a time.
culinary_arc.rpy	cul_task_1	pov_chef	narrator	The timings collapse in your hands.
culinary_arc.rpy	cul_task_1	pov_chef	narrator	Call for help immediately.
culinary_arc.rpy	cul_task_1	pov_chef	Rena	How many behind?
culinary_arc.rpy	cul_task_1	pov_chef	narrator	\"Four on pasta, two in the window.\"
culinary_arc.rpy	cul_task_1	pov_chef	Rena	Fire garnish at three minutes, not two. Go.
culinary_arc.rpy	cul_task_1	pov_chef	narrator	She's already elsewhere. You follow the instruction. Three of four land on time.
culinary_arc.rpy	cul_task_1	pov_chef	narrator	Adapt your timing and push through.
culinary_arc.rpy	cul_task_1	pov_chef	narrator	You recalculate on the fly. It works for three covers. The fourth goes out two minutes late.
culinary_arc.rpy	cul_task_1	pov_chef	narrator	The expeditor calls it. You hear it.
culinary_arc.rpy	cul_task_1	pov_chef	Rena	Late, not wrong. Better than wrong.
culinary_arc.rpy	cul_task_1	pov_chef	narrator	Simplify the garnish to buy time.
culinary_arc.rpy	cul_task_1	pov_chef	narrator	You reduce the plate. It goes out faster. It goes out correctly.
culinary_arc.rpy	cul_task_1	pov_chef	narrator	Later, Rena looks at one of the returned plates.
culinary_arc.rpy	cul_task_1	pov_chef	Rena	You changed the dish.
culinary_arc.rpy	cul_task_1	pov_chef	narrator	\"Timing was gone. I had to choose.\"
culinary_arc.rpy	cul_task_1	pov_chef	Rena	Next time: ask first, adapt second. But the service didn't break.
culinary_arc.rpy	cul_npc1_rena	kitchen	narrator	You're in early. Rena is already at the pass, breaking down her mise en place.
culinary_arc.rpy	cul_npc1_rena	kitchen	narrator	She doesn't acknowledge you, but she doesn't tell you to leave.
culinary_arc.rpy	cul_npc1_rena	kitchen	narrator	You start your own prep. After a while she speaks without looking up.
culinary_arc.rpy	cul_npc1_rena	kitchen	Rena	You're rushing your knife work.
culinary_arc.rpy	cul_npc1_rena	kitchen	narrator	She puts her knife down and moves around the pass.
culinary_arc.rpy	cul_npc1_rena	kitchen	Rena	Grip here. Knuckle guide. Wrist doesn't move — the weight does the work.
culinary_arc.rpy	cul_npc1_rena	kitchen	narrator	She shows you once. Steps back.
culinary_arc.rpy	cul_npc1_rena	kitchen	narrator	Practice until you match her pace.
culinary_arc.rpy	cul_npc1_rena	kitchen	narrator	You work through a rack of carrots. You don't match her pace. You don't waste pieces.
culinary_arc.rpy	cul_npc1_rena	kitchen	Rena	Consistent. Speed comes.
culinary_arc.rpy	cul_npc1_rena	kitchen	narrator	Ask what she was thinking about while she was working.
culinary_arc.rpy	cul_npc1_rena	kitchen	Rena	Tonight's service. What goes wrong. How not to let it.
culinary_arc.rpy	cul_npc1_rena	kitchen	Rena	Prep isn't about the vegetables.
culinary_arc.rpy	cul_npc1_rena	kitchen	narrator	Ask about her training.
culinary_arc.rpy	cul_npc1_rena	kitchen	Rena	Lyon. Three years. Then a stage in Tokyo.
culinary_arc.rpy	cul_npc1_rena	kitchen	Rena	Different languages. Same kitchen.
culinary_arc.rpy	cul_npc1_rena	kitchen	narrator	She goes back to her mise en place. The conversation is over, but something in her posture is marginally more open.
culinary_arc.rpy	cul_npc2_rena	kitchen	narrator	After service. Kitchen clean. Brigade out. Rena is still here, breaking down her side station.
culinary_arc.rpy	cul_npc2_rena	kitchen	narrator	You start on your own station without being asked.
culinary_arc.rpy	cul_npc2_rena	kitchen	narrator	After a while:
culinary_arc.rpy	cul_npc2_rena	kitchen	Rena	Why the kitchen?
culinary_arc.rpy	cul_npc2_rena	kitchen	narrator	Tell her honestly — you wanted to make things with your hands.
culinary_arc.rpy	cul_npc2_rena	kitchen	Rena	That's the one that lasts.
culinary_arc.rpy	cul_npc2_rena	kitchen	narrator	A pause.
culinary_arc.rpy	cul_npc2_rena	kitchen	Rena	The hours are wrong. The pay is wrong. But nothing else feels this real.
culinary_arc.rpy	cul_npc2_rena	kitchen	narrator	\"I'm still figuring that out.\"
culinary_arc.rpy	cul_npc2_rena	kitchen	Rena	Good. The ones who know too early stop looking.
culinary_arc.rpy	cul_npc2_rena	kitchen	narrator	Ask her the same question back.
culinary_arc.rpy	cul_npc2_rena	kitchen	narrator	She wipes down the steel. Doesn't answer immediately.
culinary_arc.rpy	cul_npc2_rena	kitchen	Rena	I had a job at an investment firm for eight months after school.
culinary_arc.rpy	cul_npc2_rena	kitchen	Rena	After the first service in a real kitchen I called in sick and never went back.
culinary_arc.rpy	cul_npc2_rena	kitchen	Rena	That was the answer.
culinary_arc.rpy	scene_cul_service_crisis	kitchen	narrator	Rena tapped the edge of the pass twice.
culinary_arc.rpy	scene_cul_service_crisis	kitchen	narrator	Not loudly. She never needed to.
culinary_arc.rpy	scene_cul_service_crisis	kitchen	narrator	The first tickets had not arrived yet, but every station was already waiting for her.
culinary_arc.rpy	scene_cul_service_crisis	kitchen	Rena	Tonight does not reward speed.
culinary_arc.rpy	scene_cul_service_crisis	kitchen	narrator	A short pause.
culinary_arc.rpy	scene_cul_service_crisis	kitchen	Rena	It rewards not doing the same job twice.
culinary_arc.rpy	scene_cul_service_crisis	kitchen	[mc_name]	Comforting.
culinary_arc.rpy	scene_cul_service_crisis	kitchen	Rena	It was not meant to be.
culinary_arc.rpy	scene_cul_service_crisis	kitchen	narrator	Rena checks the empty ticket rail.
culinary_arc.rpy	scene_cul_service_crisis	kitchen	Rena	Call problems when they are small.
culinary_arc.rpy	scene_cul_service_crisis	kitchen	Rena	If I have to discover one myself, it is no longer small.
culinary_arc.rpy	scene_cul_service_crisis	kitchen	[mc_name]	Understood.
culinary_arc.rpy	scene_cul_service_crisis	kitchen	Rena	Good. Then we do not need to discuss it again.
culinary_arc.rpy	scene_cul_service_crisis	cg_cul_crisis_rush	narrator	The first forty minutes passed without a gap between orders.
culinary_arc.rpy	scene_cul_service_crisis	cg_cul_crisis_rush	narrator	Heat gathered beneath the lights.
culinary_arc.rpy	scene_cul_service_crisis	cg_cul_crisis_rush	narrator	Metal struck metal. Pans changed hands. Tickets covered the rail faster than finished plates could clear it.
culinary_arc.rpy	scene_cul_service_crisis	cg_cul_crisis_rush	Rena	Two minutes on garnish.
culinary_arc.rpy	scene_cul_service_crisis	cg_cul_crisis_rush	Rena	Fish station, confirm.
culinary_arc.rpy	scene_cul_service_crisis	cg_cul_crisis_rush	Kitchen	Confirmed.
culinary_arc.rpy	scene_cul_service_crisis	cg_cul_crisis_rush	Rena	Table eight walks first. Twelve follows.
culinary_arc.rpy	scene_cul_service_crisis	cg_cul_crisis_rush	[mc_name]	Sauce in ninety seconds.
culinary_arc.rpy	scene_cul_service_crisis	cg_cul_crisis_rush	narrator	Rena looked briefly toward the station.
culinary_arc.rpy	scene_cul_service_crisis	cg_cul_crisis_rush	Rena	You have sixty.
culinary_arc.rpy	scene_cul_service_crisis	cg_cul_crisis_rush	[mc_name]	Of course I do.
culinary_arc.rpy	scene_cul_service_crisis	cg_cul_crisis_rush	Rena	You said ninety. The room gave you sixty.
culinary_arc.rpy	scene_cul_service_crisis	cg_cul_crisis_rush	narrator	Rena immediately returned to the pass.
culinary_arc.rpy	scene_cul_service_crisis	cg_cul_crisis_rush	narrator	She did not sound angry.
culinary_arc.rpy	scene_cul_service_crisis	cg_cul_crisis_rush	narrator	That somehow made the missing thirty seconds feel more real.
culinary_arc.rpy	scene_cul_service_crisis	cg_cul_crisis_pressure	narrator	The rail filled.
culinary_arc.rpy	scene_cul_service_crisis	cg_cul_crisis_pressure	narrator	One plate waited for garnish.
culinary_arc.rpy	scene_cul_service_crisis	cg_cul_crisis_pressure	narrator	Another waited for the same sauce as table twelve.
culinary_arc.rpy	scene_cul_service_crisis	cg_cul_crisis_pressure	narrator	A third ticket arrived before the second had been fully read.
culinary_arc.rpy	scene_cul_service_crisis	cg_cul_crisis_pressure	Server	Rena, table six is ready.
culinary_arc.rpy	scene_cul_service_crisis	cg_cul_crisis_pressure	Rena	Walk six.
culinary_arc.rpy	scene_cul_service_crisis	cg_cul_crisis_pressure	Rena	Hold twelve.
culinary_arc.rpy	scene_cul_service_crisis	cg_cul_crisis_pressure	[mc_name]	Thirty seconds.
culinary_arc.rpy	scene_cul_service_crisis	cg_cul_crisis_pressure	Rena	You said that twenty seconds ago.
culinary_arc.rpy	scene_cul_service_crisis	cg_cul_crisis_pressure	[mc_name]	I know.
culinary_arc.rpy	scene_cul_service_crisis	cg_cul_crisis_pressure	Rena	Then do not spend another one explaining it.
culinary_arc.rpy	scene_cul_service_crisis	cg_cul_crisis_pressure	narrator	A pan hissed too loudly.
culinary_arc.rpy	scene_cul_service_crisis	cg_cul_crisis_pressure	narrator	The sauce tightened around the edge.
culinary_arc.rpy	scene_cul_service_crisis	cg_cul_crisis_pressure	narrator	The heat came down. The spoon drew a line through it.
culinary_arc.rpy	scene_cul_service_crisis	cg_cul_crisis_sauce_closeup	narrator	The line left by the spoon should have closed smoothly.
culinary_arc.rpy	scene_cul_service_crisis	cg_cul_crisis_sauce_closeup	narrator	It did not.
culinary_arc.rpy	scene_cul_service_crisis	cg_cul_crisis_sauce_closeup	narrator	A thin sheen of fat gathered near the edge of the pan.
culinary_arc.rpy	scene_cul_service_crisis	cg_cul_crisis_sauce_closeup	narrator	The centre still held together. The outside had already begun to separate.
culinary_arc.rpy	scene_cul_service_crisis	cg_cul_crisis_sauce_closeup	[mc_name]	No.
culinary_arc.rpy	scene_cul_service_crisis	cg_cul_crisis_sauce_closeup	Rena	Table twelve, walking in two.
culinary_arc.rpy	scene_cul_service_crisis	cg_cul_crisis_sauce_closeup	narrator	Three plates were waiting for that sauce.
culinary_arc.rpy	scene_cul_service_crisis	cg_cul_crisis_sauce_closeup	narrator	The kitchen continued moving as though nothing had changed.
culinary_arc.rpy	scene_cul_service_crisis	cg_cul_crisis_sauce_closeup	narrator	There was still time to say something.
culinary_arc.rpy	scene_cul_service_crisis	cg_cul_crisis_sauce_closeup	narrator	There was also just enough time to believe it could be fixed without anyone knowing.
culinary_arc.rpy	scene_cul_service_crisis	cg_cul_crisis_table_waiting	Server	Rena. Twelve is asking.
culinary_arc.rpy	scene_cul_service_crisis	cg_cul_crisis_table_waiting	narrator	Rena checked the rail without looking away from the pass.
culinary_arc.rpy	scene_cul_service_crisis	cg_cul_crisis_table_waiting	Rena	Tell them five minutes.
culinary_arc.rpy	scene_cul_service_crisis	cg_cul_crisis_table_waiting	Server	They were already told two.
culinary_arc.rpy	scene_cul_service_crisis	cg_cul_crisis_table_waiting	narrator	Rena finally looked toward the server.
culinary_arc.rpy	scene_cul_service_crisis	cg_cul_crisis_table_waiting	Rena	Then do not lie to them twice.
culinary_arc.rpy	scene_cul_service_crisis	cg_cul_crisis_table_waiting	Rena	Tell them five.
culinary_arc.rpy	scene_cul_service_crisis	cg_cul_crisis_table_waiting	Server	Five.
culinary_arc.rpy	scene_cul_service_crisis	cg_cul_crisis_table_waiting	Rena	And bring them bread.
culinary_arc.rpy	scene_cul_service_crisis	cg_cul_crisis_table_waiting	narrator	Five honest minutes.
culinary_arc.rpy	scene_cul_service_crisis	cg_cul_crisis_table_waiting	narrator	The sauce did not have five.
culinary_arc.rpy	scene_cul_service_crisis	cg_cul_crisis_table_waiting	narrator	A look down at the pan.
culinary_arc.rpy	scene_cul_service_crisis	cg_cul_crisis_table_waiting	narrator	A beat of silence beneath the kitchen noise.
culinary_arc.rpy	scene_cul_service_crisis	cg_cul_crisis_rena_notices	narrator	Rena returned one ticket to the rail.
culinary_arc.rpy	scene_cul_service_crisis	cg_cul_crisis_rena_notices	narrator	Then she saw that the station had stopped.
culinary_arc.rpy	scene_cul_service_crisis	cg_cul_crisis_rena_notices	narrator	Only for a second.
culinary_arc.rpy	scene_cul_service_crisis	cg_cul_crisis_rena_notices	narrator	That was enough.
culinary_arc.rpy	scene_cul_service_crisis	cg_cul_crisis_rena_notices	Rena	What exactly happened?
culinary_arc.rpy	scene_cul_service_crisis	cg_cul_crisis_rena_notices	narrator	\"Tell her now. 'The sauce is splitting.'\"
culinary_arc.rpy	scene_cul_service_crisis	cg_cul_crisis_rena_notices	narrator	\"Try to recover it before she has to know.\"
culinary_arc.rpy	scene_cul_service_crisis	cg_cul_crisis_rena_notices	narrator	\"Stop the affected dishes. Nothing leaves like this.\"
culinary_arc.rpy	scene_cul_service_crisis	cg_cul_crisis_rena_notices	narrator	\"Send them. Maybe no one notices.\"
culinary_arc.rpy	_cul_crisis_A	cg_cul_crisis_admit	[mc_name]	The sauce is splitting.
culinary_arc.rpy	_cul_crisis_A	cg_cul_crisis_admit	Rena	How long have you known?
culinary_arc.rpy	_cul_crisis_A	cg_cul_crisis_admit	[mc_name]	Less than thirty seconds.
culinary_arc.rpy	_cul_crisis_A	cg_cul_crisis_admit	narrator	Rena looked at the pan.
culinary_arc.rpy	_cul_crisis_A	cg_cul_crisis_admit	Rena	Good.
culinary_arc.rpy	_cul_crisis_A	cg_cul_crisis_admit	[mc_name]	Good?
culinary_arc.rpy	_cul_crisis_A	cg_cul_crisis_admit	Rena	You told me at thirty.
culinary_arc.rpy	_cul_crisis_A	cg_cul_crisis_admit	Rena	Not at zero.
culinary_arc.rpy	_cul_crisis_A	cg_cul_crisis_admit	narrator	Rena turned slightly toward the pass.
culinary_arc.rpy	_cul_crisis_A	cg_cul_crisis_admit	Rena	Hold twelve. Clean remake.
culinary_arc.rpy	_cul_crisis_A	cg_cul_crisis_admit	Server	How long?
culinary_arc.rpy	_cul_crisis_A	cg_cul_crisis_admit	Rena	Five true minutes.
culinary_arc.rpy	_cul_crisis_A	cg_cul_crisis_admit	narrator	Rena turned back.
culinary_arc.rpy	_cul_crisis_A	cg_cul_crisis_admit	Rena	Fresh pan.
culinary_arc.rpy	_cul_crisis_A	cg_cul_crisis_guided_recovery	Rena	Two spoonfuls from the base.
culinary_arc.rpy	_cul_crisis_A	cg_cul_crisis_guided_recovery	Rena	Off the heat.
culinary_arc.rpy	_cul_crisis_A	cg_cul_crisis_guided_recovery	Rena	Whisk from the centre. Not the edge.
culinary_arc.rpy	_cul_crisis_A	cg_cul_crisis_guided_recovery	[mc_name]	Like this?
culinary_arc.rpy	_cul_crisis_A	cg_cul_crisis_guided_recovery	Rena	If you have time to ask, you are not looking at it.
culinary_arc.rpy	_cul_crisis_A	cg_cul_crisis_guided_recovery	narrator	The oily line began to disappear.
culinary_arc.rpy	_cul_crisis_A	cg_cul_crisis_guided_recovery	narrator	The sauce tightened, then smoothed.
culinary_arc.rpy	_cul_crisis_A	cg_cul_crisis_guided_recovery	Rena	Now taste it.
culinary_arc.rpy	_cul_crisis_A	cg_cul_crisis_guided_recovery	[mc_name]	It is right.
culinary_arc.rpy	_cul_crisis_A	cg_cul_crisis_guided_recovery	Rena	Then finish the plates.
culinary_arc.rpy	_cul_crisis_A	cg_cul_crisis_clean_send	Server	Table twelve?
culinary_arc.rpy	_cul_crisis_A	cg_cul_crisis_clean_send	narrator	Rena checked the final plate.
culinary_arc.rpy	_cul_crisis_A	cg_cul_crisis_clean_send	Rena	Walk twelve.
culinary_arc.rpy	_cul_crisis_A	cg_cul_crisis_clean_send	narrator	The server took the dishes.
culinary_arc.rpy	_cul_crisis_A	cg_cul_crisis_clean_send	narrator	An exhale. Quiet enough that only Rena heard it.
culinary_arc.rpy	_cul_crisis_A	cg_cul_crisis_clean_send	Rena	Do that after service.
culinary_arc.rpy	_cul_crisis_A	cg_cul_crisis_clean_send	[mc_name]	Right.
culinary_arc.rpy	_cul_crisis_A	cg_cul_crisis_clean_send	Rena	You made a mistake.
culinary_arc.rpy	_cul_crisis_A	cg_cul_crisis_clean_send	Rena	You did not make me discover it.
culinary_arc.rpy	_cul_crisis_A	cg_cul_crisis_clean_send	Rena	Back to work.
culinary_arc.rpy	_cul_crisis_B	cg_cul_crisis_solo_attempt	[mc_name]	Nothing happened.
culinary_arc.rpy	_cul_crisis_B	cg_cul_crisis_solo_attempt	narrator	Rena watched for a fraction of a second.
culinary_arc.rpy	_cul_crisis_B	cg_cul_crisis_solo_attempt	Rena	That was not an answer.
culinary_arc.rpy	_cul_crisis_B	cg_cul_crisis_solo_attempt	[mc_name]	I have it.
culinary_arc.rpy	_cul_crisis_B	cg_cul_crisis_solo_attempt	Rena	Then have it quickly.
culinary_arc.rpy	_cul_crisis_B	cg_cul_crisis_solo_attempt	narrator	Rena returned to the pass.
culinary_arc.rpy	_cul_crisis_B	cg_cul_crisis_solo_attempt	narrator	The pan came away from the heat.
culinary_arc.rpy	_cul_crisis_B	cg_cul_crisis_solo_attempt	narrator	A small amount of base. A faster whisk. No announcement. No stopped plates.
culinary_arc.rpy	_cul_crisis_B	cg_cul_crisis_solo_attempt	narrator	Fix it first. Explain it later.
culinary_arc.rpy	_cul_crisis_B	cg_cul_crisis_solo_attempt	narrator	The texture closed.
culinary_arc.rpy	_cul_crisis_B	cg_cul_crisis_solo_attempt	narrator	The surface smoothed.
culinary_arc.rpy	_cul_crisis_B	cg_cul_crisis_solo_attempt	narrator	The spoon left a clean line that disappeared almost immediately.
culinary_arc.rpy	_cul_crisis_B	cg_cul_crisis_solo_attempt	[mc_name]	Walk twelve.
culinary_arc.rpy	_cul_crisis_B	cg_cul_crisis_solo_attempt	narrator	The plates left.
culinary_arc.rpy	_cul_crisis_B	cg_cul_crisis_solo_attempt	narrator	Rena turned toward the station after the server took them.
culinary_arc.rpy	_cul_crisis_B	cg_cul_crisis_solo_attempt	Rena	What happened?
culinary_arc.rpy	_cul_crisis_B	cg_cul_crisis_solo_attempt	[mc_name]	The sauce split.
culinary_arc.rpy	_cul_crisis_B	cg_cul_crisis_solo_attempt	Rena	And?
culinary_arc.rpy	_cul_crisis_B	cg_cul_crisis_solo_attempt	[mc_name]	I recovered it.
culinary_arc.rpy	_cul_crisis_B	cg_cul_crisis_solo_attempt	narrator	Rena looked at the empty space where the plates had been.
culinary_arc.rpy	_cul_crisis_B	cg_cul_crisis_solo_attempt	Rena	You recovered the sauce.
culinary_arc.rpy	_cul_crisis_B	cg_cul_crisis_solo_attempt	Rena	You did not recover the time you spent deciding whether to tell me.
culinary_arc.rpy	_cul_crisis_B	cg_cul_crisis_solo_attempt	[mc_name]	The food was right.
culinary_arc.rpy	_cul_crisis_B	cg_cul_crisis_solo_attempt	Rena	This time.
culinary_arc.rpy	_cul_crisis_B	cg_cul_crisis_solo_attempt	narrator	A ticket arrived.
culinary_arc.rpy	_cul_crisis_B	cg_cul_crisis_solo_attempt	Rena	Back to service.
culinary_arc.rpy	_cul_crisis_B	cg_cul_crisis_solo_attempt	Rena	We discuss the rest when the rail is empty.
culinary_arc.rpy	_cul_crisis_B	cg_cul_crisis_solo_attempt	narrator	The sauce loosened.
culinary_arc.rpy	_cul_crisis_B	cg_cul_crisis_solo_attempt	narrator	For one second it looked as though it might come back.
culinary_arc.rpy	_cul_crisis_B	cg_cul_crisis_solo_attempt	narrator	Then the emulsion broke completely.
culinary_arc.rpy	_cul_crisis_B	cg_cul_crisis_solo_attempt	narrator	Rena turned from the pass.
culinary_arc.rpy	_cul_crisis_B	cg_cul_crisis_solo_attempt	Rena	Step back.
culinary_arc.rpy	_cul_crisis_B	cg_cul_crisis_solo_attempt	[mc_name]	I can still recover it.
culinary_arc.rpy	_cul_crisis_B	cg_cul_crisis_solo_attempt	Rena	No.
culinary_arc.rpy	_cul_crisis_B	cg_cul_crisis_solo_attempt	narrator	Rena approached the station.
culinary_arc.rpy	_cul_crisis_B	cg_cul_crisis_solo_attempt	Rena	You already spent the time you had.
culinary_arc.rpy	_cul_crisis_B	cg_cul_crisis_solo_attempt	narrator	A step aside.
culinary_arc.rpy	_cul_crisis_B	cg_cul_crisis_solo_attempt	Rena	Fresh pan.
culinary_arc.rpy	_cul_crisis_B	cg_cul_crisis_solo_attempt	Rena	Start again.
culinary_arc.rpy	_cul_crisis_B	cg_cul_crisis_solo_attempt	narrator	Rena turned to the server.
culinary_arc.rpy	_cul_crisis_B	cg_cul_crisis_solo_attempt	Rena	Table twelve is delayed.
culinary_arc.rpy	_cul_crisis_B	cg_cul_crisis_solo_attempt	Server	How long?
culinary_arc.rpy	_cul_crisis_B	cg_cul_crisis_solo_attempt	Rena	Seven minutes.
culinary_arc.rpy	_cul_crisis_B	cg_cul_crisis_solo_attempt	Server	They will not like that.
culinary_arc.rpy	_cul_crisis_B	cg_cul_crisis_solo_attempt	Rena	They would like the alternative less.
culinary_arc.rpy	_cul_crisis_B	cg_cul_crisis_solo_attempt	narrator	Rena looked back at the station.
culinary_arc.rpy	_cul_crisis_B	cg_cul_crisis_solo_attempt	Rena	You call the next problem before you negotiate with it.
culinary_arc.rpy	_cul_crisis_B	cg_cul_crisis_solo_attempt	narrator	Seven minutes. Clean restart.
culinary_arc.rpy	_cul_crisis_C	cg_cul_crisis_stop_pass	[mc_name]	Hold twelve.
culinary_arc.rpy	_cul_crisis_C	cg_cul_crisis_stop_pass	narrator	The server reached for the plates and stopped.
culinary_arc.rpy	_cul_crisis_C	cg_cul_crisis_stop_pass	Server	They are waiting.
culinary_arc.rpy	_cul_crisis_C	cg_cul_crisis_stop_pass	[mc_name]	Then they wait.
culinary_arc.rpy	_cul_crisis_C	cg_cul_crisis_stop_pass	narrator	Rena turned.
culinary_arc.rpy	_cul_crisis_C	cg_cul_crisis_stop_pass	Rena	Reason.
culinary_arc.rpy	_cul_crisis_C	cg_cul_crisis_stop_pass	[mc_name]	The sauce is breaking.
culinary_arc.rpy	_cul_crisis_C	cg_cul_crisis_stop_pass	[mc_name]	These do not leave.
culinary_arc.rpy	_cul_crisis_C	cg_cul_crisis_stop_pass	narrator	A brief pause. Rena checked the plate.
culinary_arc.rpy	_cul_crisis_C	cg_cul_crisis_stop_pass	Rena	Correct.
culinary_arc.rpy	_cul_crisis_C	cg_cul_crisis_stop_pass	Rena	Move them.
culinary_arc.rpy	_cul_crisis_C	cg_cul_crisis_resequence	narrator	Rena pulled the affected tickets aside.
culinary_arc.rpy	_cul_crisis_C	cg_cul_crisis_resequence	Rena	Walk fourteen first.
culinary_arc.rpy	_cul_crisis_C	cg_cul_crisis_resequence	Rena	Fire twelve again.
culinary_arc.rpy	_cul_crisis_C	cg_cul_crisis_resequence	Rena	Tell the floor seven minutes.
culinary_arc.rpy	_cul_crisis_C	cg_cul_crisis_resequence	Server	Seven?
culinary_arc.rpy	_cul_crisis_C	cg_cul_crisis_resequence	Rena	Seven true minutes.
culinary_arc.rpy	_cul_crisis_C	cg_cul_crisis_resequence	Rena	Not three imaginary ones.
culinary_arc.rpy	_cul_crisis_C	cg_cul_crisis_resequence	narrator	The server left.
culinary_arc.rpy	_cul_crisis_C	cg_cul_crisis_resequence	Rena	New sauce.
culinary_arc.rpy	_cul_crisis_C	cg_cul_crisis_resequence	[mc_name]	Understood.
culinary_arc.rpy	_cul_crisis_C	cg_cul_crisis_resequence	Rena	You protected the standard.
culinary_arc.rpy	_cul_crisis_C	cg_cul_crisis_resequence	Rena	Now recover the timing.
culinary_arc.rpy	_cul_crisis_C	cg_cul_crisis_resequence	narrator	The kitchen closed around the new sequence.
culinary_arc.rpy	_cul_crisis_C	cg_cul_crisis_resequence	narrator	Unrelated plates continued to leave.
culinary_arc.rpy	_cul_crisis_C	cg_cul_crisis_resequence	narrator	Table twelve moved backward without disappearing.
culinary_arc.rpy	_cul_crisis_C	cg_cul_crisis_delayed_send	narrator	Rena checked the replacement plate.
culinary_arc.rpy	_cul_crisis_C	cg_cul_crisis_delayed_send	Rena	Sauce.
culinary_arc.rpy	_cul_crisis_C	cg_cul_crisis_delayed_send	[mc_name]	Stable.
culinary_arc.rpy	_cul_crisis_C	cg_cul_crisis_delayed_send	narrator	Rena tasted it.
culinary_arc.rpy	_cul_crisis_C	cg_cul_crisis_delayed_send	Rena	Walk twelve.
culinary_arc.rpy	_cul_crisis_C	cg_cul_crisis_delayed_send	narrator	The server took the dishes.
culinary_arc.rpy	_cul_crisis_C	cg_cul_crisis_delayed_send	[mc_name]	Seven minutes.
culinary_arc.rpy	_cul_crisis_C	cg_cul_crisis_delayed_send	Rena	Yes.
culinary_arc.rpy	_cul_crisis_C	cg_cul_crisis_delayed_send	[mc_name]	That still feels like a failure.
culinary_arc.rpy	_cul_crisis_C	cg_cul_crisis_delayed_send	Rena	It is a delay.
culinary_arc.rpy	_cul_crisis_C	cg_cul_crisis_delayed_send	Rena	Do not confuse an imperfect result with a dishonest one.
culinary_arc.rpy	_cul_crisis_C	cg_cul_crisis_delayed_send	Rena	Back to work.
culinary_arc.rpy	_cul_crisis_D	cg_cul_crisis_send_anyway	narrator	The sauce still looked acceptable from a distance.
culinary_arc.rpy	_cul_crisis_D	cg_cul_crisis_send_anyway	narrator	Under the heat lamps, the shine almost passed for intentional.
culinary_arc.rpy	_cul_crisis_D	cg_cul_crisis_send_anyway	[mc_name]	Walk twelve.
culinary_arc.rpy	_cul_crisis_D	cg_cul_crisis_send_anyway	narrator	The server took them.
culinary_arc.rpy	_cul_crisis_D	cg_cul_crisis_send_anyway	narrator	Rena remained occupied with another ticket.
culinary_arc.rpy	_cul_crisis_D	cg_cul_crisis_send_anyway	narrator	The plates crossed the pass.
culinary_arc.rpy	_cul_crisis_D	cg_cul_crisis_send_anyway	narrator	The problem left the kitchen.
culinary_arc.rpy	_cul_crisis_D	cg_cul_crisis_dining_consequence	narrator	Two minutes later, a fork stopped halfway back to the plate.
culinary_arc.rpy	_cul_crisis_D	cg_cul_crisis_dining_consequence	narrator	The guest did not raise their voice.
culinary_arc.rpy	_cul_crisis_D	cg_cul_crisis_dining_consequence	narrator	They did not need to.
culinary_arc.rpy	_cul_crisis_D	cg_cul_crisis_dining_consequence	narrator	The server looked down at the sauce.
culinary_arc.rpy	_cul_crisis_D	cg_cul_crisis_dining_consequence	narrator	The plate began its journey back.
culinary_arc.rpy	_cul_crisis_D	cg_cul_crisis_returned_plate	narrator	The server placed the plate on the pass.
culinary_arc.rpy	_cul_crisis_D	cg_cul_crisis_returned_plate	Server	Table twelve says the sauce is oily.
culinary_arc.rpy	_cul_crisis_D	cg_cul_crisis_returned_plate	narrator	Rena looked at the dish.
culinary_arc.rpy	_cul_crisis_D	cg_cul_crisis_returned_plate	narrator	She touched the sauce with the edge of a spoon.
culinary_arc.rpy	_cul_crisis_D	cg_cul_crisis_returned_plate	narrator	Then she looked toward the station.
culinary_arc.rpy	_cul_crisis_D	cg_cul_crisis_returned_plate	Rena	When did you know?
culinary_arc.rpy	_cul_crisis_D	cg_cul_crisis_returned_plate	[mc_name]	Before it left.
culinary_arc.rpy	_cul_crisis_D	cg_cul_crisis_returned_plate	narrator	A pause.
culinary_arc.rpy	_cul_crisis_D	cg_cul_crisis_returned_plate	Rena	Then this is not about sauce.
culinary_arc.rpy	_cul_crisis_D	cg_cul_crisis_returned_plate	[mc_name]	I thought it might hold.
culinary_arc.rpy	_cul_crisis_D	cg_cul_crisis_returned_plate	Rena	You did not think it would hold.
culinary_arc.rpy	_cul_crisis_D	cg_cul_crisis_returned_plate	Rena	You hoped nobody would notice.
culinary_arc.rpy	_cul_crisis_D	cg_cul_crisis_returned_plate	narrator	Rena moved the plate aside.
culinary_arc.rpy	_cul_crisis_D	cg_cul_crisis_returned_plate	Rena	Remake it.
culinary_arc.rpy	_cul_crisis_D	cg_cul_crisis_returned_plate	[mc_name]	Rena—
culinary_arc.rpy	_cul_crisis_D	cg_cul_crisis_returned_plate	Rena	After service.
culinary_arc.rpy	_cul_crisis_D	cg_cul_crisis_returned_plate	Rena	Not now.
culinary_arc.rpy	_cul_crisis_D	cg_cul_crisis_returned_plate	narrator	Rena turned back to the pass.
culinary_arc.rpy	_cul_crisis_D	cg_cul_crisis_returned_plate	Rena	Fresh table twelve. Seven minutes.
culinary_arc.rpy	_cul_crisis_D	cg_cul_crisis_returned_plate	narrator	The table was remade. Service continued.
culinary_arc.rpy	_cul_crisis_last_ticket	cg_cul_crisis_last_ticket	narrator	The final ticket remained alone on the rail.
culinary_arc.rpy	_cul_crisis_last_ticket	cg_cul_crisis_last_ticket	narrator	No new paper appeared behind it.
culinary_arc.rpy	_cul_crisis_last_ticket	cg_cul_crisis_last_ticket	narrator	The last plate crossed the pass.
culinary_arc.rpy	_cul_crisis_last_ticket	cg_cul_crisis_last_ticket	narrator	Rena removed the ticket.
culinary_arc.rpy	_cul_crisis_last_ticket	cg_cul_crisis_last_ticket	narrator	The kitchen noise began to fall away.
culinary_arc.rpy	_cul_crisis_last_ticket	cg_cul_crisis_last_ticket	Rena	Clean down.
culinary_arc.rpy	_cul_crisis_last_ticket	cg_cul_crisis_last_ticket	Kitchen	Service clear.
culinary_arc.rpy	_cul_crisis_last_ticket	cg_cul_crisis_last_ticket	Rena	Quietly.
culinary_arc.rpy	_cul_crisis_last_ticket	cg_cul_crisis_last_ticket	narrator	Burners clicked off.
culinary_arc.rpy	_cul_crisis_last_ticket	cg_cul_crisis_last_ticket	narrator	Pans entered the sink.
culinary_arc.rpy	_cul_crisis_last_ticket	cg_cul_crisis_last_ticket	narrator	Without the tickets, the room suddenly seemed larger.
culinary_arc.rpy	_cul_crisis_last_ticket	cg_cul_crisis_last_ticket	narrator	Rena waited until the other staff had moved away.
culinary_arc.rpy	_cul_crisis_aftermath_good	cg_cul_crisis_after_good	narrator	Rena stood beside the cleaned pass.
culinary_arc.rpy	_cul_crisis_aftermath_good	cg_cul_crisis_after_good	narrator	Not opposite. Beside.
culinary_arc.rpy	_cul_crisis_aftermath_good	cg_cul_crisis_after_good	Rena	Do you know why I asked when you noticed?
culinary_arc.rpy	_cul_crisis_aftermath_good	cg_cul_crisis_after_good	[mc_name]	To see how long I waited.
culinary_arc.rpy	_cul_crisis_aftermath_good	cg_cul_crisis_after_good	Rena	To see which problem I was dealing with.
culinary_arc.rpy	_cul_crisis_aftermath_good	cg_cul_crisis_after_good	[mc_name]	The sauce.
culinary_arc.rpy	_cul_crisis_aftermath_good	cg_cul_crisis_after_good	Rena	No.
culinary_arc.rpy	_cul_crisis_aftermath_good	cg_cul_crisis_after_good	Rena	The sauce was simple.
culinary_arc.rpy	_cul_crisis_aftermath_good	cg_cul_crisis_after_good	Rena	The question was whether I could trust the information from your station.
culinary_arc.rpy	_cul_crisis_aftermath_good	cg_cul_crisis_after_good	Rena	You called it early.
culinary_arc.rpy	_cul_crisis_aftermath_good	cg_cul_crisis_after_good	Rena	That gave us choices.
culinary_arc.rpy	_cul_crisis_aftermath_good	cg_cul_crisis_after_good	[mc_name]	I still caused the delay.
culinary_arc.rpy	_cul_crisis_aftermath_good	cg_cul_crisis_after_good	Rena	You caused a problem.
culinary_arc.rpy	_cul_crisis_aftermath_good	cg_cul_crisis_after_good	Rena	You prevented a failure.
culinary_arc.rpy	_cul_crisis_aftermath_good	cg_cul_crisis_after_good	Rena	You stopped the plate before you had permission.
culinary_arc.rpy	_cul_crisis_aftermath_good	cg_cul_crisis_after_good	[mc_name]	I knew it was wrong.
culinary_arc.rpy	_cul_crisis_aftermath_good	cg_cul_crisis_after_good	Rena	That is why it was the correct decision.
culinary_arc.rpy	_cul_crisis_aftermath_good	cg_cul_crisis_after_good	[mc_name]	You are not angry about the delay?
culinary_arc.rpy	_cul_crisis_aftermath_good	cg_cul_crisis_after_good	Rena	I dislike delays.
culinary_arc.rpy	_cul_crisis_aftermath_good	cg_cul_crisis_after_good	Rena	I dislike serving food we know is wrong more.
culinary_arc.rpy	_cul_crisis_aftermath_good	cg_cul_crisis_after_good	Rena	Next shift, I will give you one call at the pass.
culinary_arc.rpy	_cul_crisis_aftermath_good	cg_cul_crisis_after_good	[mc_name]	One?
culinary_arc.rpy	_cul_crisis_aftermath_good	cg_cul_crisis_after_good	Rena	Earn the second.
culinary_arc.rpy	_cul_crisis_aftermath_mixed	cg_cul_crisis_after_mixed	narrator	Rena stood on the opposite side of the pass.
culinary_arc.rpy	_cul_crisis_aftermath_mixed	cg_cul_crisis_after_mixed	Rena	You recovered the sauce.
culinary_arc.rpy	_cul_crisis_aftermath_mixed	cg_cul_crisis_after_mixed	[mc_name]	Yes.
culinary_arc.rpy	_cul_crisis_aftermath_mixed	cg_cul_crisis_after_mixed	Rena	And you believe that ends the discussion.
culinary_arc.rpy	_cul_crisis_aftermath_mixed	cg_cul_crisis_after_mixed	[mc_name]	The plate was right.
culinary_arc.rpy	_cul_crisis_aftermath_mixed	cg_cul_crisis_after_mixed	Rena	The plate was right.
culinary_arc.rpy	_cul_crisis_aftermath_mixed	cg_cul_crisis_after_mixed	Rena	Your timing was not.
culinary_arc.rpy	_cul_crisis_aftermath_mixed	cg_cul_crisis_after_mixed	[mc_name]	I knew I could fix it.
culinary_arc.rpy	_cul_crisis_aftermath_mixed	cg_cul_crisis_after_mixed	Rena	No.
culinary_arc.rpy	_cul_crisis_aftermath_mixed	cg_cul_crisis_after_mixed	Rena	You believed you might fix it.
culinary_arc.rpy	_cul_crisis_aftermath_mixed	cg_cul_crisis_after_mixed	Rena	There is a difference.
culinary_arc.rpy	_cul_crisis_aftermath_mixed	cg_cul_crisis_after_mixed	[mc_name]	So I should have called you even if I could handle it?
culinary_arc.rpy	_cul_crisis_aftermath_mixed	cg_cul_crisis_after_mixed	Rena	You should have called the risk.
culinary_arc.rpy	_cul_crisis_aftermath_mixed	cg_cul_crisis_after_mixed	Rena	I do not need every problem handed to me.
culinary_arc.rpy	_cul_crisis_aftermath_mixed	cg_cul_crisis_after_mixed	Rena	I need to know which problems can reach the pass.
culinary_arc.rpy	_cul_crisis_aftermath_mixed	cg_cul_crisis_after_mixed	narrator	A pause.
culinary_arc.rpy	_cul_crisis_aftermath_mixed	cg_cul_crisis_after_mixed	[mc_name]	Understood.
culinary_arc.rpy	_cul_crisis_aftermath_mixed	cg_cul_crisis_after_mixed	Rena	Good.
culinary_arc.rpy	_cul_crisis_aftermath_mixed	cg_cul_crisis_after_mixed	Rena	Next time, prove it before the dining room becomes part of the experiment.
culinary_arc.rpy	_cul_crisis_aftermath_bad	cg_cul_crisis_after_bad	Rena	The first mistake was technical.
culinary_arc.rpy	_cul_crisis_aftermath_bad	cg_cul_crisis_after_bad	[mc_name]	The sauce.
culinary_arc.rpy	_cul_crisis_aftermath_bad	cg_cul_crisis_after_bad	Rena	Yes.
culinary_arc.rpy	_cul_crisis_aftermath_bad	cg_cul_crisis_after_bad	Rena	The second was waiting until you no longer had a choice.
culinary_arc.rpy	_cul_crisis_aftermath_bad	cg_cul_crisis_after_bad	[mc_name]	I thought I could recover it.
culinary_arc.rpy	_cul_crisis_aftermath_bad	cg_cul_crisis_after_bad	Rena	You were allowed to try.
culinary_arc.rpy	_cul_crisis_aftermath_bad	cg_cul_crisis_after_bad	Rena	You were not allowed to hide the cost of trying.
culinary_arc.rpy	_cul_crisis_aftermath_bad	cg_cul_crisis_after_bad	[mc_name]	I understand.
culinary_arc.rpy	_cul_crisis_aftermath_bad	cg_cul_crisis_after_bad	Rena	No.
culinary_arc.rpy	_cul_crisis_aftermath_bad	cg_cul_crisis_after_bad	Rena	You understand that it went badly.
culinary_arc.rpy	_cul_crisis_aftermath_bad	cg_cul_crisis_after_bad	Rena	Understanding the rule comes next.
culinary_arc.rpy	_cul_crisis_aftermath_bad	cg_cul_crisis_after_bad	Rena	Tomorrow, you call every change at your station.
culinary_arc.rpy	_cul_crisis_aftermath_bad	cg_cul_crisis_after_bad	Rena	Even the ones you solve.
culinary_arc.rpy	_cul_crisis_aftermath_bad	cg_cul_crisis_after_bad	Rena	The sauce was a mistake.
culinary_arc.rpy	_cul_crisis_aftermath_bad	cg_cul_crisis_after_bad	Rena	Sending it was a decision.
culinary_arc.rpy	_cul_crisis_aftermath_bad	cg_cul_crisis_after_bad	[mc_name]	I know.
culinary_arc.rpy	_cul_crisis_aftermath_bad	cg_cul_crisis_after_bad	Rena	No.
culinary_arc.rpy	_cul_crisis_aftermath_bad	cg_cul_crisis_after_bad	Rena	You know because it came back.
culinary_arc.rpy	_cul_crisis_aftermath_bad	cg_cul_crisis_after_bad	Rena	I need to know what you understood before it left.
culinary_arc.rpy	_cul_crisis_aftermath_bad	cg_cul_crisis_after_bad	[mc_name]	I hoped it would pass.
culinary_arc.rpy	_cul_crisis_aftermath_bad	cg_cul_crisis_after_bad	Rena	You hoped the dining room would pay for your silence.
culinary_arc.rpy	_cul_crisis_aftermath_bad	cg_cul_crisis_after_bad	narrator	A long pause.
culinary_arc.rpy	_cul_crisis_aftermath_bad	cg_cul_crisis_after_bad	[mc_name]	I am sorry.
culinary_arc.rpy	_cul_crisis_aftermath_bad	cg_cul_crisis_after_bad	Rena	Apologies matter after the truth.
culinary_arc.rpy	_cul_crisis_aftermath_bad	cg_cul_crisis_after_bad	Rena	You had the truth at the station.
culinary_arc.rpy	_cul_crisis_aftermath_bad	cg_cul_crisis_after_bad	Rena	You chose not to use it.
culinary_arc.rpy	_cul_crisis_aftermath_bad	cg_cul_crisis_after_bad	[mc_name]	What happens now?
culinary_arc.rpy	_cul_crisis_aftermath_bad	cg_cul_crisis_after_bad	Rena	Tomorrow, you work.
culinary_arc.rpy	_cul_crisis_aftermath_bad	cg_cul_crisis_after_bad	Rena	You tell me every call before you make it.
culinary_arc.rpy	_cul_crisis_aftermath_bad	cg_cul_crisis_after_bad	Rena	And you rebuild the part that did not come back on that plate.
culinary_arc.rpy	_cul_crisis_aftermath_bad	cg_cul_crisis_after_bad	[mc_name]	Your trust.
culinary_arc.rpy	_cul_crisis_aftermath_bad	cg_cul_crisis_after_bad	Rena	Yes.
culinary_arc.rpy	_cul_crisis_aftermath_bad	cg_cul_crisis_after_bad	Rena	That.
culinary_arc.rpy	_cul_crisis_close	kitchen	narrator	The kitchen looked ordinary again.
culinary_arc.rpy	_cul_crisis_close	kitchen	narrator	Clean steel. Empty rail. Cooling lights.
culinary_arc.rpy	_cul_crisis_close	kitchen	narrator	But the next shift would not begin from the same place.
culinary_arc.rpy	cul_crisis_aftermath_callback	kitchen	Rena	The crisis service.
culinary_arc.rpy	cul_crisis_aftermath_callback	kitchen	narrator	A pause. She doesn't look up from the pass.
culinary_arc.rpy	cul_crisis_aftermath_callback	kitchen	Rena	You called it when you knew.
culinary_arc.rpy	cul_crisis_aftermath_callback	kitchen	Rena	That is the standard.
culinary_arc.rpy	cul_crisis_aftermath_callback	kitchen	Rena	Keep doing that.
culinary_arc.rpy	cul_crisis_aftermath_callback	kitchen	Rena	You stopped the plate.
culinary_arc.rpy	cul_crisis_aftermath_callback	kitchen	Rena	The table had a gap. Nothing came back.
culinary_arc.rpy	cul_crisis_aftermath_callback	kitchen	Rena	That was the correct sequence.
culinary_arc.rpy	cul_crisis_aftermath_callback	kitchen	Rena	The sauce recovered.
culinary_arc.rpy	cul_crisis_aftermath_callback	kitchen	Rena	You waited before you moved.
culinary_arc.rpy	cul_crisis_aftermath_callback	kitchen	Rena	Next time — the second you know the risk exists, you name it.
culinary_arc.rpy	cul_crisis_aftermath_callback	kitchen	Rena	Not weakness. That is how the kitchen keeps running.
culinary_arc.rpy	cul_crisis_aftermath_callback	kitchen	Rena	You have thought about it.
culinary_arc.rpy	cul_crisis_aftermath_callback	kitchen	narrator	It is not a question.
culinary_arc.rpy	cul_crisis_aftermath_callback	kitchen	Rena	Good. Do not stop.
culinary_arc.rpy	cul_review_commis	kitchen	Rena	During the crisis service — you told me when you knew.
culinary_arc.rpy	cul_review_commis	kitchen	narrator	She says it like she's noting a fact, not offering a compliment.
culinary_arc.rpy	cul_review_commis	kitchen	Rena	That's the standard. It's harder to do than it looks.
culinary_arc.rpy	cul_review_commis	kitchen	Rena	The plates that came back.
culinary_arc.rpy	cul_review_commis	kitchen	narrator	A pause. She looks at the pass, not at you.
culinary_arc.rpy	cul_review_commis	kitchen	Rena	You know what the error was. Don't repeat it.
culinary_arc.rpy	cul_review_commis	kitchen	Rena	You're moving to line cook. More heat, more responsibility, more station ownership.
culinary_arc.rpy	cul_review_commis	kitchen	Rena	Your mise en place has been clean for two weeks. Your timing is still developing. That's acceptable.
culinary_arc.rpy	cul_review_commis	kitchen	narrator	\"Thank you. I'll keep working on the timing.\"
culinary_arc.rpy	cul_review_commis	kitchen	Rena	See that you do.
culinary_arc.rpy	cul_review_commis	kitchen	narrator	A beat. The corners of her mouth don't quite move.
culinary_arc.rpy	cul_review_commis	kitchen	Rena	You've been reliable. That counts.
culinary_arc.rpy	cul_review_commis	kitchen	narrator	\"What's the line cook station like?\"
culinary_arc.rpy	cul_review_commis	kitchen	Rena	More covers, faster decisions, less forgiveness for errors. You'll learn what you can handle.
culinary_arc.rpy	cul_review_commis	kitchen	narrator	\"I'm ready.\"
culinary_arc.rpy	cul_review_commis	kitchen	Rena	I know. Otherwise you wouldn't be moving.
culinary_arc.rpy	wev_cul_service_rush	pov_chef	narrator	A table for two becomes eight — the reservation system has a duplicate. Six more covers than projected.
culinary_arc.rpy	wev_cul_service_rush	pov_chef	narrator	Your mise en place is two-thirds spent.
culinary_arc.rpy	wev_cul_service_rush	pov_chef	narrator	Adapt and communicate with the pass.
culinary_arc.rpy	wev_cul_service_rush	pov_chef	narrator	You call it out clearly. The expeditor adjusts the fire order. You make it work.
culinary_arc.rpy	wev_cul_service_rush	pov_chef	narrator	Push through quietly without flagging it.
culinary_arc.rpy	wev_cul_service_rush	pov_chef	narrator	You get through it. Barely. One dish is plated less carefully than it should be.
culinary_arc.rpy	wev_cul_service_rush	pov_chef	narrator	The expeditor notices.
culinary_arc.rpy	wev_cul_ingredient_shortage	kitchen	narrator	The lamb delivery didn't come in. It's on the menu tonight.
culinary_arc.rpy	wev_cul_ingredient_shortage	kitchen	Rena	Figure it out. Service in forty minutes.
culinary_arc.rpy	wev_cul_ingredient_shortage	kitchen	narrator	Propose a substitute you know works.
culinary_arc.rpy	wev_cul_ingredient_shortage	kitchen	narrator	Beef bavette. Similar prep time, same price point. You make the case quickly.
culinary_arc.rpy	wev_cul_ingredient_shortage	kitchen	Rena	Write it on the spec board. Tell the waitstaff.
culinary_arc.rpy	wev_cul_ingredient_shortage	kitchen	narrator	Ask the senior cook what they'd do.
culinary_arc.rpy	wev_cul_ingredient_shortage	kitchen	narrator	They give you an answer. Not the one Rena would have given, but workable.
culinary_arc.rpy	wev_cul_ingredient_shortage	kitchen	narrator	You adapt. Rena watches but says nothing.
culinary_arc.rpy	wev_cul_dish_criticism	kitchen	narrator	A returned dish. The head waiter sets it on the pass.
culinary_arc.rpy	wev_cul_dish_criticism	kitchen	narrator	\"Table says over-salted.\"
culinary_arc.rpy	wev_cul_dish_criticism	kitchen	Rena	Look at you.
culinary_arc.rpy	wev_cul_dish_criticism	kitchen	narrator	Taste it. Confirm whether the criticism is correct.
culinary_arc.rpy	wev_cul_dish_criticism	kitchen	narrator	You taste it. They're right.
culinary_arc.rpy	wev_cul_dish_criticism	kitchen	narrator	\"Sauce reduction went too far. My station.\"
culinary_arc.rpy	wev_cul_dish_criticism	kitchen	Rena	Redo. Two minutes.
culinary_arc.rpy	wev_cul_dish_criticism	kitchen	narrator	You plate clean. The dish goes back out.
culinary_arc.rpy	wev_cul_dish_criticism	kitchen	narrator	Defend it — it was seasoned correctly at the pass.
culinary_arc.rpy	wev_cul_dish_criticism	kitchen	Rena	Taste it.
culinary_arc.rpy	wev_cul_dish_criticism	kitchen	narrator	You taste it. They're right.
culinary_arc.rpy	wev_cul_dish_criticism	kitchen	narrator	You don't say anything.
culinary_arc.rpy	wev_cul_dish_criticism	kitchen	Rena	Redo.
culinary_arc.rpy	wev_cul_short_staffed	kitchen	Rena	We're one person short.
culinary_arc.rpy	wev_cul_short_staffed	kitchen	[mc_name]	How bad?
culinary_arc.rpy	wev_cul_short_staffed	kitchen	Rena	That depends on whether you ask me again in an hour.
culinary_arc.rpy	wev_cul_short_staffed	kitchen	narrator	Where do you need me?
culinary_arc.rpy	wev_cul_short_staffed	kitchen	[mc_name]	Where do you need me?
culinary_arc.rpy	wev_cul_short_staffed	kitchen	Rena	Cold station first.
culinary_arc.rpy	wev_cul_short_staffed	kitchen	Rena	Then ask again before you decide you're finished.
culinary_arc.rpy	wev_cul_short_staffed	kitchen	narrator	I'll hold my station.
culinary_arc.rpy	wev_cul_short_staffed	kitchen	[mc_name]	I'll hold my station.
culinary_arc.rpy	wev_cul_short_staffed	kitchen	Rena	Then hold it properly.
culinary_arc.rpy	wev_cul_taste_again	kitchen	narrator	Rena tastes the sauce and places the spoon beside the pan.
culinary_arc.rpy	wev_cul_taste_again	kitchen	Rena	Again.
culinary_arc.rpy	wev_cul_taste_again	kitchen	[mc_name]	What's wrong with it?
culinary_arc.rpy	wev_cul_taste_again	kitchen	Rena	You tell me.
culinary_arc.rpy	wev_cul_taste_again	kitchen	narrator	Taste it again.
culinary_arc.rpy	wev_cul_taste_again	kitchen	narrator	You taste it again.
culinary_arc.rpy	wev_cul_taste_again	kitchen	[mc_name]	It needs acid.
culinary_arc.rpy	wev_cul_taste_again	kitchen	Rena	Good.
culinary_arc.rpy	wev_cul_taste_again	kitchen	Rena	The second taste was the useful one.
culinary_arc.rpy	wev_cul_taste_again	kitchen	narrator	Defend it.
culinary_arc.rpy	wev_cul_taste_again	kitchen	[mc_name]	I thought it was balanced.
culinary_arc.rpy	wev_cul_taste_again	kitchen	Rena	Thinking is why you taste.
culinary_arc.rpy	wev_cul_station_ready	kitchen	Rena	Your station is clean.
culinary_arc.rpy	wev_cul_station_ready	kitchen	[mc_name]	Thank you.
culinary_arc.rpy	wev_cul_station_ready	kitchen	Rena	That was not praise.
culinary_arc.rpy	wev_cul_station_ready	kitchen	[mc_name]	What's missing?
culinary_arc.rpy	wev_cul_station_ready	kitchen	Rena	What happens when the first three tickets arrive together?
culinary_arc.rpy	wev_cul_station_ready	kitchen	[mc_name]	I adjust.
culinary_arc.rpy	wev_cul_station_ready	kitchen	Rena	Prepare so you don't have to.
culinary_arc.rpy	wev_cul_tired_compensation	kitchen	Rena	You're compensating.
culinary_arc.rpy	wev_cul_tired_compensation	kitchen	[mc_name]	For what?
culinary_arc.rpy	wev_cul_tired_compensation	kitchen	Rena	Being tired.
culinary_arc.rpy	wev_cul_tired_compensation	kitchen	[mc_name]	Is it obvious?
culinary_arc.rpy	wev_cul_tired_compensation	kitchen	Rena	Only because you're trying so hard not to look tired.
culinary_arc.rpy	wev_cul_tex_missing_garnish	kitchen	narrator	The plate goes out without its garnish. You notice after the server is already through the pass.
culinary_arc.rpy	wev_cul_tex_missing_garnish	kitchen	narrator	Nothing comes back. Probably fine.
culinary_arc.rpy	wev_cul_tex_ticket_smear	kitchen	narrator	The dupe is wet. Half the ticket is illegible — a number, a modifier, the table number.
culinary_arc.rpy	wev_cul_tex_ticket_smear	kitchen	narrator	Ask for the call again.
culinary_arc.rpy	wev_cul_tex_ticket_smear	kitchen	narrator	You ask. The expediter reads it back without turning around.
culinary_arc.rpy	wev_cul_tex_ticket_smear	kitchen	narrator	Follow the visible part and guess the rest.
culinary_arc.rpy	wev_cul_tex_ticket_smear	kitchen	narrator	You follow what you can read. It goes out.
culinary_arc.rpy	wev_cul_tex_low_stock	kitchen	narrator	The mise en place for the fish is down to four covers. Service has barely started.
culinary_arc.rpy	wev_cul_tex_low_stock	kitchen	narrator	You stretch it. No one asks how.
culinary_arc.rpy	wev_cul_tex_pan_handle	kitchen	narrator	Someone left a pan handle turned out over the gangway. You move it before anyone walks into it.
culinary_arc.rpy	wev_cul_tex_pan_handle	kitchen	narrator	No one notices. That is the job.
culinary_arc.rpy	wev_cul_tex_returned_side	kitchen	Server	Table eight says the potatoes are too salty.
culinary_arc.rpy	wev_cul_tex_returned_side	kitchen	narrator	You look at the potatoes. They are not too salty.
culinary_arc.rpy	wev_cul_tex_returned_side	kitchen	narrator	You remake them.
data.rpy	unknown		narrator	day
data.rpy	unknown		narrator	money_earned
data.rpy	unknown		narrator	money_spent
data.rpy	unknown		narrator	skills
data.rpy	unknown		narrator	notable
data.rpy	unknown		narrator	Your weekly rent of $%d will be collected tomorrow morning.
data.rpy	unknown		narrator	housing
data.rpy	unknown		narrator	Your rent was processed, but the account balance was insufficient. $%d has been added to your outstanding debt.
data.rpy	unknown		narrator	housing
data.rpy	unknown		narrator	We received your rent payment of $%d. Thank you.
data.rpy	unknown		narrator	housing
data.rpy	unknown		narrator	You've been quiet. Is that a thing I should know about, or just a busy week that turned into two?
data.rpy	unknown		narrator	You had the look today. I'm off at seven. I'm bringing bread. You don't have to talk, you just have to let me in.
data.rpy	unknown		narrator	I made up my mind about Portugal. Come find me at the beach when you have time.
data.rpy	unknown		narrator	marcus
data.rpy	unknown		narrator	You free this week? Stop by whenever. 14 Crane Street, top floor.
data.rpy	unknown		narrator	
data.rpy	unknown		narrator	
data.rpy	unknown		narrator	
data.rpy	unknown		narrator	
data.rpy	unknown		narrator	eli_dinner
data.rpy	unknown		narrator	eli_side_project
data.rpy	unknown		narrator	nora_coffee
data.rpy	unknown		narrator	zoe_guitar
data.rpy	unknown		narrator	
data.rpy	unknown		narrator	
day_summary.rpy	unknown		narrator	prog
day_summary.rpy	unknown		narrator	cook
day_summary.rpy	unknown		narrator	art
day_summary.rpy	unknown		background	#12161ef8
debug.rpy	unknown		narrator	elle
debug.rpy	unknown		narrator	PROMOTE-READY
debug.rpy	unknown		narrator	id
debug.rpy	unknown		narrator	template_id
debug.rpy	unknown		narrator	npc_id
debug.rpy	unknown		narrator	location
debug.rpy	unknown		narrator	day
debug.rpy	unknown		narrator	start_hour
debug.rpy	unknown		narrator	end_hour
debug.rpy	unknown		narrator	title
debug.rpy	unknown		narrator	status
debug.rpy	unknown		background	#00000066
debug.rpy	unknown		background	#12161ef8
debug.rpy	unknown		scrollbars	vertical
debug.rpy	debug_talk	black	scrollbars	horizontal
debug.rpy	debug_talk	black	fit	contain
debug_balance.rpy	unknown		narrator	
debug_balance.rpy	unknown		background	#12161ef8
debug_balance.rpy	unknown		scrollbars	vertical
debug_p61.rpy	unknown		background	#12161ef8
debug_p61.rpy	unknown		scrollbars	vertical
debug_p64.rpy	unknown		narrator	
debug_p64.rpy	unknown		narrator	observed %d..%d
debug_p64.rpy	unknown		narrator	d9=%d > d2=%d
debug_p64.rpy	unknown		narrator	~day %d at 0.5 proj/day
debug_p64.rpy	unknown		narrator	%.2f -> +%d roll points
debug_p64.rpy	unknown		narrator	int(%.2f * 10) == 0
debug_p64.rpy	unknown		narrator	%d fractional upgrades checked
debug_p64.rpy	unknown		narrator	$%.1f/h
debug_p64.rpy	unknown		narrator	$%.1f/h
debug_p64.rpy	unknown		narrator	$%.1f/h
debug_p64.rpy	unknown		narrator	%d days
debug_p64.rpy	unknown		narrator	%d days
debug_p64.rpy	unknown		narrator	
debug_p64.rpy	unknown		background	#12161ef8
debug_p64.rpy	unknown		scrollbars	vertical
debug_p65.rpy	unknown		narrator	
debug_p65.rpy	unknown		narrator	, 
debug_p65.rpy	unknown		narrator	%d pieces/week
debug_p65.rpy	unknown		narrator	
debug_p65.rpy	unknown		narrator	
debug_p65.rpy	unknown		narrator	id
debug_p65.rpy	unknown		narrator	template_id
debug_p65.rpy	unknown		narrator	desc
debug_p65.rpy	unknown		narrator	day
debug_p65.rpy	unknown		narrator	req
debug_p65.rpy	unknown		narrator	status
debug_p65.rpy	unknown		background	#12161ef8
debug_p65.rpy	unknown		scrollbars	vertical
debug_p65.rpy	unknown		narrator	wall 
debug_p65.rpy	unknown		narrator	folio 
debug_p65.rpy	unknown		narrator	sold 
debug_p65.rpy	unknown		narrator	entered
debug_p66.rpy	unknown		background	#12161ef8
debug_p66.rpy	unknown		scrollbars	vertical
debug_p67.rpy	unknown		narrator	location_gym
debug_p67.rpy	unknown		narrator	location_sandbeach
debug_p67.rpy	unknown		narrator	location_hospital
debug_p67.rpy	unknown		narrator	generated
debug_p67.rpy	unknown		narrator	template_id
debug_p67.rpy	unknown		narrator	location
debug_p67.rpy	unknown		narrator	blurb
debug_p67.rpy	unknown		narrator	location_modifiers
debug_p67.rpy	unknown		narrator	npcs
debug_p67.rpy	unknown		narrator	, 
debug_p67.rpy	unknown		background	#12161ef8
debug_p67.rpy	unknown		scrollbars	vertical
debug_p67.rpy	unknown		narrator	, 
debug_p67.rpy	unknown		narrator	seen
debug_p67.rpy	unknown		narrator	
debug_p67.rpy	unknown		narrator	, 
debug_p68.rpy	unknown		narrator	expires_day
debug_p68.rpy	unknown		narrator	generic_comment
debug_p68.rpy	unknown		narrator	condition met
debug_p68.rpy	unknown		background	#12161ef8
debug_p68.rpy	unknown		scrollbars	vertical
debug_p68.rpy	unknown		narrator	DONE
debug_p68.rpy	unknown		narrator	propagated
debug_p68.rpy	unknown		narrator	, 
debug_p69.rpy	unknown		narrator	
debug_p69.rpy	unknown		narrator	%d items
debug_p69.rpy	unknown		narrator	mechanics_restoration_badge
debug_p69.rpy	unknown		narrator	art_market_vendor_card
debug_p69.rpy	unknown		narrator	open_mic_resolve
debug_p69.rpy	unknown		narrator	mech_attempt_repair
debug_p69.rpy	unknown		narrator	new_day
debug_p69.rpy	unknown		narrator	energy %d
debug_p69.rpy	unknown		narrator	
debug_p69.rpy	unknown		narrator	
debug_p69.rpy	unknown		narrator	
debug_p69.rpy	unknown		narrator	id
debug_p69.rpy	unknown		narrator	category
debug_p69.rpy	unknown		narrator	day
debug_p69.rpy	unknown		narrator	desc
debug_p69.rpy	unknown		narrator	status
debug_p69.rpy	unknown		narrator	attended
debug_p69.rpy	unknown		narrator	
debug_p69.rpy	unknown		narrator	Debug-granted %s.
debug_p69.rpy	unknown		narrator	
debug_p69.rpy	unknown		background	#12161ef8
debug_p69.rpy	unknown		scrollbars	vertical
debug_scene_tester.rpy	unknown		narrator	
debug_scene_tester.rpy	unknown		narrator	
debug_scene_tester.rpy	unknown		narrator	tier_a_beat_roll_cache
debug_scene_tester.rpy	unknown		narrator	nora_cover_shift
debug_scene_tester.rpy	unknown		narrator	title
debug_scene_tester.rpy	unknown		narrator	category
debug_scene_tester.rpy	unknown		narrator	desc
debug_scene_tester.rpy	unknown		narrator	label
debug_scene_tester.rpy	unknown		narrator	presets
debug_scene_tester.rpy	unknown		narrator	basic
debug_scene_tester.rpy	unknown		narrator	school known
debug_scene_tester.rpy	unknown		narrator	comfortable
debug_scene_tester.rpy	unknown		narrator	checkpoints
debug_scene_tester.rpy	unknown		narrator	accept
debug_scene_tester.rpy	unknown		narrator	decline
debug_scene_tester.rpy	unknown		narrator	reset
debug_scene_tester.rpy	unknown		narrator	notes
debug_scene_tester.rpy	unknown		narrator	zoe_outdoor
debug_scene_tester.rpy	unknown		narrator	title
debug_scene_tester.rpy	unknown		narrator	category
debug_scene_tester.rpy	unknown		narrator	desc
debug_scene_tester.rpy	unknown		narrator	label
debug_scene_tester.rpy	unknown		narrator	presets
debug_scene_tester.rpy	unknown		narrator	basic
debug_scene_tester.rpy	unknown		narrator	comfortable
debug_scene_tester.rpy	unknown		narrator	festival attended
debug_scene_tester.rpy	unknown		narrator	checkpoints
debug_scene_tester.rpy	unknown		narrator	reset
debug_scene_tester.rpy	unknown		narrator	notes
debug_scene_tester.rpy	unknown		narrator	rewarded at fam>=30. Cooldown 5 days.
debug_scene_tester.rpy	unknown		narrator	zoe_walk
debug_scene_tester.rpy	unknown		narrator	title
debug_scene_tester.rpy	unknown		narrator	category
debug_scene_tester.rpy	unknown		narrator	desc
debug_scene_tester.rpy	unknown		narrator	label
debug_scene_tester.rpy	unknown		narrator	presets
debug_scene_tester.rpy	unknown		narrator	basic
debug_scene_tester.rpy	unknown		narrator	artist MC
debug_scene_tester.rpy	unknown		narrator	checkpoints
debug_scene_tester.rpy	unknown		narrator	reset
debug_scene_tester.rpy	unknown		narrator	notes
debug_scene_tester.rpy	unknown		narrator	Decline is free. Cooldown 4 days.
debug_scene_tester.rpy	unknown		narrator	eli_favor
debug_scene_tester.rpy	unknown		narrator	title
debug_scene_tester.rpy	unknown		narrator	category
debug_scene_tester.rpy	unknown		narrator	desc
debug_scene_tester.rpy	unknown		narrator	label
debug_scene_tester.rpy	unknown		narrator	presets
debug_scene_tester.rpy	unknown		narrator	basic
debug_scene_tester.rpy	unknown		narrator	programmer MC
debug_scene_tester.rpy	unknown		narrator	festival attended
debug_scene_tester.rpy	unknown		narrator	checkpoints
debug_scene_tester.rpy	unknown		narrator	reset
debug_scene_tester.rpy	unknown		narrator	notes
debug_scene_tester.rpy	unknown		narrator	never cash. Cooldown 6 days.
debug_scene_tester.rpy	unknown		narrator	eli_after_shift
debug_scene_tester.rpy	unknown		narrator	title
debug_scene_tester.rpy	unknown		narrator	category
debug_scene_tester.rpy	unknown		narrator	desc
debug_scene_tester.rpy	unknown		narrator	label
debug_scene_tester.rpy	unknown		narrator	presets
debug_scene_tester.rpy	unknown		narrator	basic
debug_scene_tester.rpy	unknown		narrator	comfortable
debug_scene_tester.rpy	unknown		narrator	checkpoints
debug_scene_tester.rpy	unknown		narrator	reset
debug_scene_tester.rpy	unknown		narrator	notes
debug_scene_tester.rpy	unknown		narrator	NO commitment — social acknowledgement only. Cooldown 7 days.
debug_scene_tester.rpy	unknown		narrator	marcus_park_favor
debug_scene_tester.rpy	unknown		narrator	title
debug_scene_tester.rpy	unknown		narrator	category
debug_scene_tester.rpy	unknown		narrator	desc
debug_scene_tester.rpy	unknown		narrator	label
debug_scene_tester.rpy	unknown		narrator	presets
debug_scene_tester.rpy	unknown		narrator	basic
debug_scene_tester.rpy	unknown		narrator	fit MC
debug_scene_tester.rpy	unknown		narrator	checkpoints
debug_scene_tester.rpy	unknown		narrator	reset
debug_scene_tester.rpy	unknown		narrator	notes
debug_scene_tester.rpy	unknown		narrator	gym spot became his real morning run). Help = 20 min.
debug_scene_tester.rpy	unknown		narrator	marcus_one_game
debug_scene_tester.rpy	unknown		narrator	title
debug_scene_tester.rpy	unknown		narrator	category
debug_scene_tester.rpy	unknown		narrator	desc
debug_scene_tester.rpy	unknown		narrator	label
debug_scene_tester.rpy	unknown		narrator	presets
debug_scene_tester.rpy	unknown		narrator	basic
debug_scene_tester.rpy	unknown		narrator	rivalry
debug_scene_tester.rpy	unknown		narrator	checkpoints
debug_scene_tester.rpy	unknown		narrator	reset
debug_scene_tester.rpy	unknown		narrator	notes
debug_scene_tester.rpy	unknown		narrator	'pool_marcus') — real entry fee, real stable roll.
debug_scene_tester.rpy	unknown		narrator	nora_exhausted
debug_scene_tester.rpy	unknown		narrator	title
debug_scene_tester.rpy	unknown		narrator	category
debug_scene_tester.rpy	unknown		narrator	desc
debug_scene_tester.rpy	unknown		narrator	label
debug_scene_tester.rpy	unknown		narrator	presets
debug_scene_tester.rpy	unknown		narrator	basic
debug_scene_tester.rpy	unknown		narrator	comfortable
debug_scene_tester.rpy	unknown		narrator	checkpoints
debug_scene_tester.rpy	unknown		narrator	reset
debug_scene_tester.rpy	unknown		narrator	notes
debug_scene_tester.rpy	unknown		narrator	Cooldown 4 days.
debug_scene_tester.rpy	unknown		narrator	nora_walk_out
debug_scene_tester.rpy	unknown		narrator	title
debug_scene_tester.rpy	unknown		narrator	category
debug_scene_tester.rpy	unknown		narrator	desc
debug_scene_tester.rpy	unknown		narrator	label
debug_scene_tester.rpy	unknown		narrator	presets
debug_scene_tester.rpy	unknown		narrator	basic
debug_scene_tester.rpy	unknown		narrator	comfortable
debug_scene_tester.rpy	unknown		narrator	checkpoints
debug_scene_tester.rpy	unknown		narrator	reset
debug_scene_tester.rpy	unknown		narrator	notes
debug_scene_tester.rpy	unknown		narrator	permanently while nora_closing_scene is still possible.
debug_scene_tester.rpy	unknown		narrator	marcus_zoe_bar
debug_scene_tester.rpy	unknown		narrator	title
debug_scene_tester.rpy	unknown		narrator	category
debug_scene_tester.rpy	unknown		narrator	desc
debug_scene_tester.rpy	unknown		narrator	label
debug_scene_tester.rpy	unknown		narrator	presets
debug_scene_tester.rpy	unknown		narrator	basic
debug_scene_tester.rpy	unknown		narrator	comfortable
debug_scene_tester.rpy	unknown		narrator	checkpoints
debug_scene_tester.rpy	unknown		narrator	reset
debug_scene_tester.rpy	unknown		narrator	notes
debug_scene_tester.rpy	unknown		narrator	met-able NPC. Marcus and Eli never share a location at all.
debug_scene_tester.rpy	unknown		narrator	cross_zoe_nora
debug_scene_tester.rpy	unknown		narrator	title
debug_scene_tester.rpy	unknown		narrator	category
debug_scene_tester.rpy	unknown		narrator	desc
debug_scene_tester.rpy	unknown		narrator	label
debug_scene_tester.rpy	unknown		narrator	presets
debug_scene_tester.rpy	unknown		narrator	basic
debug_scene_tester.rpy	unknown		narrator	comfortable
debug_scene_tester.rpy	unknown		narrator	checkpoints
debug_scene_tester.rpy	unknown		narrator	reset
debug_scene_tester.rpy	unknown		narrator	notes
debug_scene_tester.rpy	unknown		narrator	browsing. Cooldown 10 days.
debug_scene_tester.rpy	unknown		narrator	nora_closing
debug_scene_tester.rpy	unknown		narrator	title
debug_scene_tester.rpy	unknown		narrator	category
debug_scene_tester.rpy	unknown		narrator	desc
debug_scene_tester.rpy	unknown		narrator	label
debug_scene_tester.rpy	unknown		narrator	presets
debug_scene_tester.rpy	unknown		narrator	basic
debug_scene_tester.rpy	unknown		narrator	comfortable
debug_scene_tester.rpy	unknown		narrator	checkpoints
debug_scene_tester.rpy	unknown		narrator	reset
debug_scene_tester.rpy	unknown		narrator	notes
debug_scene_tester.rpy	unknown		narrator	exemption (aff>=40, not done), or a shift ending past 19:00. 
debug_scene_tester.rpy	unknown		narrator	Sets nora_closing_done and the romance direction.
debug_scene_tester.rpy	unknown		narrator	nora_romance_reopen
debug_scene_tester.rpy	unknown		narrator	title
debug_scene_tester.rpy	unknown		narrator	category
debug_scene_tester.rpy	unknown		narrator	desc
debug_scene_tester.rpy	unknown		narrator	label
debug_scene_tester.rpy	unknown		narrator	presets
debug_scene_tester.rpy	unknown		narrator	basic
debug_scene_tester.rpy	unknown		narrator	comfortable
debug_scene_tester.rpy	unknown		narrator	checkpoints
debug_scene_tester.rpy	unknown		narrator	reset
debug_scene_tester.rpy	unknown		narrator	notes
debug_scene_tester.rpy	unknown		narrator	Needs closing done, state friends/unopened, and momentum 30 
debug_scene_tester.rpy	unknown		narrator	(ROMANCE_PROFILES). Ends with `return` — the tester's Jump() 
debug_scene_tester.rpy	unknown		narrator	lands back in the main loop.
debug_scene_tester.rpy	unknown		narrator	summer_festival
debug_scene_tester.rpy	unknown		narrator	title
debug_scene_tester.rpy	unknown		narrator	category
debug_scene_tester.rpy	unknown		narrator	desc
debug_scene_tester.rpy	unknown		narrator	label
debug_scene_tester.rpy	unknown		narrator	presets
debug_scene_tester.rpy	unknown		narrator	checkpoints
debug_scene_tester.rpy	unknown		narrator	blackout: technical
debug_scene_tester.rpy	unknown		narrator	blackout: organize
debug_scene_tester.rpy	unknown		narrator	blackout: stay together
debug_scene_tester.rpy	unknown		narrator	after blackout
debug_scene_tester.rpy	unknown		narrator	reset
debug_scene_tester.rpy	unknown		narrator	notes
debug_scene_tester.rpy	unknown		narrator	The blackout choice menu is inline in summer_festival_main, 
debug_scene_tester.rpy	unknown		narrator	so the three branch labels are the earliest jump-in points.
debug_scene_tester.rpy	unknown		narrator	Location Beats
debug_scene_tester.rpy	unknown		narrator	Group Hangouts
debug_scene_tester.rpy	unknown		narrator	Major Events
debug_scene_tester.rpy	unknown		narrator	Relationship Scenes
debug_scene_tester.rpy	unknown		narrator	Career / Professional
debug_scene_tester.rpy	unknown		narrator	Misc
debug_scene_tester.rpy	unknown		background	#12161ef8
debug_scene_tester.rpy	unknown		scrollbars	vertical
debug_scene_tester.rpy	unknown		background	#ffffff0a
debug_scene_tester.rpy	dev_speaker_anim_test	expression	narrator	Speaker animation test — pick a transform to preview it.
debug_scene_tester.rpy	dev_speaker_anim_menu	expression	narrator	react_bounce
debug_scene_tester.rpy	dev_speaker_anim_menu	expression	narrator	bounce
debug_scene_tester.rpy	dev_speaker_anim_menu	expression	narrator	react_shake
debug_scene_tester.rpy	dev_speaker_anim_menu	expression	narrator	shake
debug_scene_tester.rpy	dev_speaker_anim_menu	expression	narrator	react_step_back
debug_scene_tester.rpy	dev_speaker_anim_menu	expression	narrator	step back
debug_scene_tester.rpy	dev_speaker_anim_menu	expression	narrator	react_lean_in
debug_scene_tester.rpy	dev_speaker_anim_menu	expression	narrator	lean in
debug_scene_tester.rpy	dev_speaker_anim_menu	expression	narrator	react_nod
debug_scene_tester.rpy	dev_speaker_anim_menu	expression	narrator	nod
debug_scene_tester.rpy	dev_speaker_anim_menu	expression	narrator	react_sigh
debug_scene_tester.rpy	dev_speaker_anim_menu	expression	narrator	sigh
debug_scene_tester.rpy	dev_speaker_anim_menu	expression	narrator	Done
debug_summer_festival.rpy	unknown		narrator	scheduled_day
debug_summer_festival.rpy	unknown		narrator	attended
debug_summer_festival.rpy	unknown		narrator	blackout_result
debug_summer_festival.rpy	unknown		narrator	keepsake_awarded
debug_summer_festival.rpy	unknown		narrator	aftermath_done
debug_summer_festival.rpy	unknown		background	#12161ef8
debug_summer_festival.rpy	unknown		scrollbars	vertical
dev_presentation_check.rpy	unknown		background	#0e1a22
dev_presentation_check.rpy	unknown		background	#0e1a22
dev_presentation_check.rpy	unknown		background	#0e1a22
dev_presentation_check.rpy	unknown		background	#0e1a22
dev_presentation_check.rpy	unknown		background	#0e1a22
dev_presentation_check.rpy	unknown		background	#0e1a22
dev_progression_smoke.rpy	unknown		narrator	day
dev_progression_smoke.rpy	unknown		narrator	need_energy
dev_progression_smoke.rpy	unknown		narrator	need_hunger
dev_progression_smoke.rpy	unknown		narrator	need_hygiene
dev_progression_smoke.rpy	unknown		narrator	money
dev_progression_smoke.rpy	unknown		narrator	apartment_tier
dev_progression_smoke.rpy	unknown		narrator	job_id
dev_progression_smoke.rpy	unknown		narrator	job_rank
dev_progression_smoke.rpy	unknown		narrator	job_performance
dev_progression_smoke.rpy	unknown		narrator	degrees
dev_progression_smoke.rpy	unknown		narrator	nora_aff
dev_progression_smoke.rpy	unknown		narrator	elle_aff
dev_progression_smoke.rpy	unknown		narrator	zoe_aff
dev_progression_smoke.rpy	unknown		narrator	eli_aff
dev_progression_smoke.rpy	unknown		narrator	lena_aff
dev_progression_smoke.rpy	unknown		narrator	marcus_aff
dev_progression_smoke.rpy	unknown		narrator	kai_aff
dev_progression_smoke.rpy	unknown		narrator	sam_aff
dev_progression_smoke.rpy	unknown		narrator	caro_aff
dev_progression_smoke.rpy	unknown		narrator	natalie_aff
dev_progression_smoke.rpy	unknown		narrator	relationship_memories
dev_progression_smoke.rpy	unknown		narrator	relationship_thresholds_seen
dev_progression_smoke.rpy	unknown		narrator	_npc_panel_npc_id
dev_progression_smoke.rpy	unknown		narrator	_rel_feedback_aff
dev_progression_smoke.rpy	unknown		narrator	_rel_feedback_tr
dev_progression_smoke.rpy	unknown		narrator	npc_jealousy_tension
dev_progression_smoke.rpy	unknown		narrator	npc_jealousy_last_day
dev_progression_smoke.rpy	unknown		narrator	npc_jealousy_pending
dev_progression_smoke.rpy	unknown		narrator	npc_social_attention
dev_progression_smoke.rpy	unknown		narrator	fs_talk_count
dev_progression_smoke.rpy	unknown		narrator	npc_messages
dev_progression_smoke.rpy	unknown		narrator	npc_initiative_pending
dev_progression_smoke.rpy	unknown		narrator	npc_invitation_pending
dev_progression_smoke.rpy	unknown		narrator	npc_date_invite_last_day
dev_progression_smoke.rpy	unknown		narrator	npc_anger
dev_progression_smoke.rpy	unknown		narrator	npc_texted_today
dev_progression_smoke.rpy	unknown		narrator	world_progression_initialized
dev_progression_smoke.rpy	unknown		narrator	nora_life_state
dev_progression_smoke.rpy	unknown		narrator	nora_school_revealed
dev_progression_smoke.rpy	unknown		narrator	nora_school_accepted_day
dev_progression_smoke.rpy	unknown		narrator	nora_school_start_day
dev_progression_smoke.rpy	unknown		narrator	nora_school_started_message_done
dev_progression_smoke.rpy	unknown		narrator	nora_school_first_week_followup_done
dev_progression_smoke.rpy	unknown		narrator	nora_hug_school_done
dev_progression_smoke.rpy	unknown		narrator	nora_hug_school_pending
dev_progression_smoke.rpy	unknown		narrator	nora_hug_school_pending_day
dev_progression_smoke.rpy	unknown		narrator	elle_life_state
dev_progression_smoke.rpy	unknown		narrator	elle_abroad_revealed
dev_progression_smoke.rpy	unknown		narrator	elle_abroad_day
dev_progression_smoke.rpy	unknown		narrator	elle_decision_done
dev_progression_smoke.rpy	unknown		narrator	elle_decision_pending
dev_progression_smoke.rpy	unknown		narrator	elle_decision_callback_done
dev_progression_smoke.rpy	unknown		narrator	elle_travel_2_response
dev_progression_smoke.rpy	unknown		narrator	elle_decision_day
dev_progression_smoke.rpy	unknown		narrator	elle_return_day
dev_progression_smoke.rpy	unknown		narrator	elle_return_message_done
dev_progression_smoke.rpy	unknown		narrator	life_milestones_initialized
dev_progression_smoke.rpy	unknown		narrator	life_milestones_seen
dev_progression_smoke.rpy	unknown		narrator	npc_milestone_followup_pending
dev_progression_smoke.rpy	unknown		narrator	life_snapshot_job_id
dev_progression_smoke.rpy	unknown		narrator	life_snapshot_job_rank
dev_progression_smoke.rpy	unknown		narrator	life_snapshot_apartment_tier
dev_progression_smoke.rpy	unknown		narrator	life_snapshot_degrees
dev_progression_smoke.rpy	unknown		narrator	life_snapshot_loan
dev_progression_smoke.rpy	unknown		narrator	cx_nora_elle_nora
dev_progression_smoke.rpy	unknown		narrator	cx_nora_elle_elle
dev_progression_smoke.rpy	unknown		narrator	cx_lena_marcus_lena
dev_progression_smoke.rpy	unknown		narrator	cx_lena_marcus_marcus
dev_progression_smoke.rpy	unknown		narrator	cx_sam_kai_sam
dev_progression_smoke.rpy	unknown		narrator	cx_sam_kai_kai
dev_progression_smoke.rpy	unknown		narrator	cx_caro_marcus_caro
dev_progression_smoke.rpy	unknown		narrator	cx_caro_marcus_marcus
dev_progression_smoke.rpy	unknown		narrator	nora_home_coffee_done
dev_progression_smoke.rpy	unknown		narrator	nora_home_coffee_day
dev_progression_smoke.rpy	unknown		narrator	eli_home_dinner_done
dev_progression_smoke.rpy	unknown		narrator	eli_home_dinner_day
dev_progression_smoke.rpy	unknown		narrator	zoe_home_guitar_done
dev_progression_smoke.rpy	unknown		narrator	zoe_home_guitar_day
dev_progression_smoke.rpy	unknown		narrator	own_guitar
dev_progression_smoke.rpy	unknown		narrator	own_kitchen_set
dev_progression_smoke.rpy	unknown		narrator	zoe_exhibition_invited
dev_progression_smoke.rpy	unknown		narrator	zoe_exhibition_done
dev_progression_smoke.rpy	unknown		narrator	zoe_exhibition_day
dev_progression_smoke.rpy	unknown		narrator	zoe_exhibition_outcome
dev_progression_smoke.rpy	unknown		narrator	zoe_exhibition_aftermath_queued
dev_progression_smoke.rpy	unknown		narrator	zoe_exhibition_followup_done
dev_progression_smoke.rpy	unknown		narrator	zoe_gallery_until_day
dev_progression_smoke.rpy	unknown		narrator	zoe_gallery_talk_last_day
dev_progression_smoke.rpy	unknown		narrator	zoe_exhibition_offer_last_day
dev_progression_smoke.rpy	unknown		narrator	tr_first_day_done
dev_progression_smoke.rpy	unknown		narrator	tr_npc1_done
dev_progression_smoke.rpy	unknown		narrator	tr_review_done
dev_progression_smoke.rpy	unknown		narrator	tr_boundary_done
dev_progression_smoke.rpy	unknown		narrator	tr_boundary_choice
dev_progression_smoke.rpy	unknown		narrator	tr_boundary_outcome
dev_progression_smoke.rpy	unknown		narrator	tr_boundary_followup_pending
dev_progression_smoke.rpy	unknown		narrator	tr_boundary_followup_shift
dev_progression_smoke.rpy	unknown		narrator	tr_boundary_followup_done
dev_progression_smoke.rpy	unknown		narrator	tr_boundary_review_extra_shifts
dev_progression_smoke.rpy	unknown		narrator	hosp_shifts
dev_progression_smoke.rpy	unknown		narrator	hosp_review_done
dev_progression_smoke.rpy	unknown		narrator	hospital_hard_case_pending
dev_progression_smoke.rpy	unknown		narrator	hospital_hard_case_done
dev_progression_smoke.rpy	unknown		narrator	hospital_hard_case_choice
dev_progression_smoke.rpy	unknown		narrator	hospital_hard_case_outcome
dev_progression_smoke.rpy	unknown		narrator	hospital_hard_case_followup_pending
dev_progression_smoke.rpy	unknown		narrator	hospital_hard_case_followup_shift
dev_progression_smoke.rpy	unknown		narrator	hospital_hard_case_followup_done
dev_progression_smoke.rpy	unknown		narrator	hospital_hard_case_review_extra_shifts
dev_progression_smoke.rpy	unknown		narrator	lena_case_observation_done
dev_progression_smoke.rpy	unknown		narrator	it_review_done
dev_progression_smoke.rpy	unknown		narrator	it_incident_done
dev_progression_smoke.rpy	unknown		narrator	it_incident_outcome
dev_progression_smoke.rpy	unknown		narrator	it_incident_followup_pending
dev_progression_smoke.rpy	unknown		narrator	it_incident_followup_shift
dev_progression_smoke.rpy	unknown		narrator	it_incident_followup_done
dev_progression_smoke.rpy	unknown		narrator	it_incident_review_extra_shifts
dev_progression_smoke.rpy	unknown		narrator	corp_shifts
dev_progression_smoke.rpy	unknown		narrator	corp_review_intern_done
dev_progression_smoke.rpy	unknown		narrator	corp_integrity_done
dev_progression_smoke.rpy	unknown		narrator	corp_integrity_outcome
dev_progression_smoke.rpy	unknown		narrator	corp_integrity_followup_pending
dev_progression_smoke.rpy	unknown		narrator	corp_integrity_followup_shift
dev_progression_smoke.rpy	unknown		narrator	corp_integrity_followup_done
dev_progression_smoke.rpy	unknown		narrator	corp_integrity_review_extra_shifts
dev_progression_smoke.rpy	unknown		narrator	wh_shifts
dev_progression_smoke.rpy	unknown		narrator	wh_safety_done
dev_progression_smoke.rpy	unknown		narrator	wh_safety_outcome
dev_progression_smoke.rpy	unknown		narrator	wh_safety_followup_pending
dev_progression_smoke.rpy	unknown		narrator	wh_safety_followup_shift
dev_progression_smoke.rpy	unknown		narrator	wh_safety_followup_done
dev_progression_smoke.rpy	unknown		narrator	wh_safety_review_extra_shifts
dev_progression_smoke.rpy	unknown		narrator	wed_resolved
dev_progression_smoke.rpy	unknown		narrator	wed_event_last_day
dev_progression_smoke.rpy	unknown		narrator	wed_personal_fired_day
dev_progression_smoke.rpy	unknown		narrator	aftermath_seen
dev_progression_smoke.rpy	unknown		narrator	aftermath_pending
dev_progression_smoke.rpy	unknown		narrator	aftermath_initialized
dev_progression_smoke.rpy	unknown		narrator	current_loc
dev_progression_smoke.rpy	unknown		narrator	npc_contacts
dev_progression_smoke.rpy	unknown		narrator	npc_date_venue_count
dev_progression_smoke.rpy	unknown		narrator	npc_last_date_day
dev_progression_smoke.rpy	unknown		narrator	
dev_progression_smoke.rpy	unknown		background	#2a2a3e
dev_progression_smoke.rpy	unknown		hover_background	#44446a
dev_progression_smoke.rpy	unknown		color	#cccccc
dev_progression_smoke.rpy	unknown		hover_color	#ffffff
dev_progression_smoke.rpy	unknown		color	#ffee88
dev_progression_smoke.rpy	unknown		background	#111122dd
dev_progression_smoke.rpy	unknown		background	#0d0d1eee
dev_progression_smoke.rpy	_smoke_wed_nora_elle		narrator	crossover_nora_elle_grounds
dev_progression_smoke.rpy	_smoke_wed_lena_marcus		narrator	crossover_lena_marcus_bar
dev_progression_smoke.rpy	_smoke_wed_sam_kai		narrator	crossover_sam_kai_gym
dev_progression_smoke.rpy	_smoke_wed_caro_marcus		narrator	crossover_caroline_marcus_thursday
dev_progression_smoke.rpy	_smoke_lena_aftermath		narrator	lena_hard_case
dev_progression_smoke.rpy	_smoke_it_aftermath		narrator	escalated
dev_progression_smoke.rpy	_smoke_it_aftermath		narrator	it_production_incident
dev_progression_smoke.rpy	_smoke_corp_aftermath		narrator	reported
dev_progression_smoke.rpy	_smoke_corp_aftermath		narrator	corp_reporting_integrity
dev_progression_smoke.rpy	_smoke_wh_aftermath		narrator	covered
dev_progression_smoke.rpy	_smoke_wh_aftermath		narrator	wh_damaged_shipment
dev_progression_smoke.rpy	_smoke_home_nora_invite		narrator	npc_id
dev_progression_smoke.rpy	_smoke_home_nora_invite		narrator	target_location
dev_progression_smoke.rpy	_smoke_home_nora_invite		narrator	accepted_day
dev_progression_smoke.rpy	_smoke_home_nora_legacy		narrator	home_visit_nora_coffee
dev_progression_smoke.rpy	_smoke_home_eli_invite		narrator	npc_id
dev_progression_smoke.rpy	_smoke_home_eli_invite		narrator	target_location
dev_progression_smoke.rpy	_smoke_home_eli_invite		narrator	accepted_day
dev_progression_smoke.rpy	_smoke_home_eli_legacy		narrator	home_visit_eli_dinner
dev_progression_smoke.rpy	_smoke_home_zoe_invite		narrator	npc_id
dev_progression_smoke.rpy	_smoke_home_zoe_invite		narrator	target_location
dev_progression_smoke.rpy	_smoke_home_zoe_invite		narrator	accepted_day
dev_progression_smoke.rpy	_smoke_home_zoe_legacy		narrator	home_visit_zoe_guitar
dev_progression_smoke.rpy	_smoke_exh_opening_seen		narrator	npc_id
dev_progression_smoke.rpy	_smoke_exh_opening_seen		narrator	target_location
dev_progression_smoke.rpy	_smoke_exh_opening_seen		narrator	accepted_day
dev_progression_smoke.rpy	_smoke_exh_opening_seen		narrator	EXPECTED: select 'Ask about the piece in the corner.' for PASS.
dev_progression_smoke.rpy	_smoke_exh_opening_seen		narrator	zoe_exhibition_opening
dev_progression_smoke.rpy	_smoke_exh_opening_steady		narrator	npc_id
dev_progression_smoke.rpy	_smoke_exh_opening_steady		narrator	target_location
dev_progression_smoke.rpy	_smoke_exh_opening_steady		narrator	accepted_day
dev_progression_smoke.rpy	_smoke_exh_opening_steady		narrator	EXPECTED: select 'Help with something practical.' for PASS.
dev_progression_smoke.rpy	_smoke_exh_opening_pressured		narrator	npc_id
dev_progression_smoke.rpy	_smoke_exh_opening_pressured		narrator	target_location
dev_progression_smoke.rpy	_smoke_exh_opening_pressured		narrator	accepted_day
dev_progression_smoke.rpy	_smoke_exh_opening_pressured		narrator	EXPECTED: select 'Ask whether this will lead anywhere useful.' for PASS.
dev_progression_smoke.rpy	_smoke_exh_aftermath		narrator	zoe_exhibition
dev_progression_smoke.rpy	_smoke_exh_aftermath		narrator	zoe_exhibition
equipment.rpy	unknown		narrator	basic_guitar
equipment.rpy	unknown		narrator	effects
equipment.rpy	unknown		narrator	used_acoustic
equipment.rpy	unknown		narrator	effects
equipment.rpy	unknown		narrator	quality_acoustic
equipment.rpy	unknown		narrator	effects
equipment.rpy	unknown		narrator	basic_pc
equipment.rpy	unknown		narrator	effects
equipment.rpy	unknown		narrator	used_desktop
equipment.rpy	unknown		narrator	effects
equipment.rpy	unknown		narrator	dev_workstation
equipment.rpy	unknown		narrator	effects
equipment.rpy	unknown		narrator	basic_kitchen
equipment.rpy	unknown		narrator	effects
equipment.rpy	unknown		narrator	used_cookware
equipment.rpy	unknown		narrator	effects
equipment.rpy	unknown		narrator	chef_kit
equipment.rpy	unknown		narrator	effects
equipment.rpy	unknown		narrator	basic_tools
equipment.rpy	unknown		narrator	effects
equipment.rpy	unknown		narrator	used_toolkit
equipment.rpy	unknown		narrator	effects
equipment.rpy	unknown		narrator	pro_toolkit
equipment.rpy	unknown		narrator	effects
equipment.rpy	unknown		narrator	own_guitar
equipment.rpy	unknown		narrator	own_computer
equipment.rpy	unknown		narrator	own_kitchen_set
equipment.rpy	unknown		narrator	
equipment.rpy	unknown		narrator	
equipment.rpy	unknown		narrator	
equipment.rpy	unknown		narrator	
equipment.rpy	unknown		narrator	
equipment.rpy	unknown		narrator	
equipment.rpy	unknown		narrator	
equipment.rpy	unknown		narrator	
equipment.rpy	unknown		narrator	
equipment.rpy	unknown		narrator	busk_perf
equipment.rpy	unknown		narrator	music_energy
equipment.rpy	unknown		narrator	project_energy
equipment.rpy	unknown		narrator	prog_xp
equipment.rpy	unknown		narrator	cook_quality
equipment.rpy	unknown		narrator	cook_time
equipment.rpy	unknown		narrator	repair_chance
equipment.rpy	unknown		narrator	diagnosis
equipment.rpy	unknown		scrollbars	vertical
events.rpy	unknown		narrator	
events.rpy	unknown		narrator	
events.rpy	unknown		narrator	id
events.rpy	unknown		narrator	category
events.rpy	unknown		narrator	title
events.rpy	unknown		narrator	day
events.rpy	unknown		narrator	metadata
events.rpy	unknown		narrator	id
events.rpy	unknown		narrator	day
events.rpy	unknown		narrator	category
events.rpy	unknown		narrator	title
events.rpy	unknown		narrator	metadata
events.rpy	unknown		narrator	id
events.rpy	unknown		narrator	domain
events.rpy	unknown		narrator	title
events.rpy	unknown		narrator	day
events.rpy	unknown		narrator	metadata
events.rpy	check_levelup_notices		background	#12161ef8
exams.rpy	unknown		narrator	prog_cert_1
exams.rpy	unknown		narrator	label
exams.rpy	unknown		narrator	skill
exams.rpy	unknown		narrator	min_skill
exams.rpy	unknown		narrator	difficulty
exams.rpy	unknown		narrator	cost
exams.rpy	unknown		narrator	prep_bonus
exams.rpy	unknown		narrator	prereq
exams.rpy	unknown		narrator	reward
exams.rpy	unknown		narrator	description
exams.rpy	unknown		narrator	prog_cert_2
exams.rpy	unknown		narrator	label
exams.rpy	unknown		narrator	skill
exams.rpy	unknown		narrator	min_skill
exams.rpy	unknown		narrator	difficulty
exams.rpy	unknown		narrator	cost
exams.rpy	unknown		narrator	prep_bonus
exams.rpy	unknown		narrator	prereq
exams.rpy	unknown		narrator	reward
exams.rpy	unknown		narrator	biz_cert_1
exams.rpy	unknown		narrator	label
exams.rpy	unknown		narrator	skill
exams.rpy	unknown		narrator	min_skill
exams.rpy	unknown		narrator	difficulty
exams.rpy	unknown		narrator	cost
exams.rpy	unknown		narrator	prep_bonus
exams.rpy	unknown		narrator	prereq
exams.rpy	unknown		narrator	reward
exams.rpy	unknown		narrator	med_cert_1
exams.rpy	unknown		narrator	label
exams.rpy	unknown		narrator	skill
exams.rpy	unknown		narrator	min_skill
exams.rpy	unknown		narrator	difficulty
exams.rpy	unknown		narrator	cost
exams.rpy	unknown		narrator	prep_bonus
exams.rpy	unknown		narrator	prereq
exams.rpy	unknown		narrator	reward
exams.rpy	unknown		narrator	
exams.rpy	unknown		narrator	achievement
exams.rpy	unknown		narrator	
exams.rpy	unknown		narrator	eli_computer_issue
exams.rpy	unknown		narrator	npc
exams.rpy	unknown		narrator	text
exams.rpy	unknown		narrator	on_success_memory
exams.rpy	unknown		narrator	on_fail_memory
exams.rpy	unknown		narrator	on_success_rel
exams.rpy	unknown		narrator	on_fail_rel
exams.rpy	unknown		narrator	marcus_sound_issue
exams.rpy	unknown		narrator	npc
exams.rpy	unknown		narrator	text
exams.rpy	unknown		narrator	on_success_memory
exams.rpy	unknown		narrator	on_fail_memory
exams.rpy	unknown		narrator	on_success_rel
exams.rpy	unknown		narrator	on_fail_rel
exams.rpy	unknown		narrator	nora_schedule_help
exams.rpy	unknown		narrator	npc
exams.rpy	unknown		narrator	text
exams.rpy	unknown		narrator	on_success_memory
exams.rpy	unknown		narrator	on_fail_memory
exams.rpy	unknown		narrator	on_success_rel
exams.rpy	unknown		narrator	on_fail_rel
exams.rpy	unknown		narrator	zoe_computer_setup
exams.rpy	unknown		narrator	npc
exams.rpy	unknown		narrator	text
exams.rpy	unknown		narrator	on_success_memory
exams.rpy	unknown		narrator	on_fail_memory
exams.rpy	unknown		narrator	on_success_rel
exams.rpy	unknown		narrator	on_fail_rel
exams.rpy	unknown		narrator	
exams.rpy	unknown		narrator	
exams.rpy	unknown		background	#12161ef8
exams.rpy	unknown		scrollbars	vertical
exams.rpy	unknown		background	#1e3a5f
exams.rpy	unknown		background	#1e3a5f
first_steps.rpy	unknown		narrator	
first_steps.rpy	unknown		narrator	
first_steps.rpy	unknown		narrator	
first_steps.rpy	unknown		narrator	
first_steps.rpy	unknown		narrator	
first_steps.rpy	unknown		narrator	
first_steps.rpy	unknown		narrator	
first_steps.rpy	unknown		narrator	money
first_steps.rpy	unknown		narrator	title
first_steps.rpy	unknown		narrator	objectives
first_steps.rpy	unknown		narrator	career
first_steps.rpy	unknown		narrator	title
first_steps.rpy	unknown		narrator	objectives
first_steps.rpy	unknown		narrator	people
first_steps.rpy	unknown		narrator	title
first_steps.rpy	unknown		narrator	objectives
first_steps.rpy	unknown		narrator	explore
first_steps.rpy	unknown		narrator	title
first_steps.rpy	unknown		narrator	objectives
first_steps.rpy	unknown		narrator	title
first_steps.rpy	unknown		narrator	body
first_steps.rpy	unknown		narrator	title
first_steps.rpy	unknown		narrator	body
first_steps.rpy	unknown		narrator	title
first_steps.rpy	unknown		narrator	body
first_steps.rpy	unknown		narrator	title
first_steps.rpy	unknown		narrator	body
first_steps.rpy	unknown		narrator	title
first_steps.rpy	unknown		narrator	body
first_steps.rpy	unknown		narrator	title
first_steps.rpy	unknown		narrator	body
first_steps.rpy	unknown		scrollbars	vertical
freelance.rpy	unknown		narrator	min_skill
freelance.rpy	unknown		narrator	min_skill
freelance.rpy	unknown		narrator	min_skill
freelance.rpy	unknown		narrator	min_skill
freelance.rpy	unknown		narrator	min_skill
freelance.rpy	unknown		narrator	min_skill
freelance.rpy	unknown		narrator	min_skill
freelance.rpy	unknown		narrator	min_skill
freelance.rpy	unknown		narrator	min_skill
freelance.rpy	unknown		narrator	min_skill
freelance.rpy	unknown		narrator	min_skill
freelance.rpy	unknown		narrator	min_skill
freelance.rpy	unknown		narrator	min_skill
freelance.rpy	unknown		narrator	min_skill
freelance.rpy	unknown		narrator	min_skill
freelance.rpy	unknown		narrator	min_skill
freelance.rpy	unknown		narrator	
freelance.rpy	unknown		narrator	
freelance.rpy	unknown		narrator	
freelance.rpy	unknown		narrator	trigger_tiers
freelance.rpy	unknown		narrator	text
freelance.rpy	unknown		narrator	effects
freelance.rpy	unknown		narrator	trigger_tiers
freelance.rpy	unknown		narrator	text
freelance.rpy	unknown		narrator	effects
freelance.rpy	unknown		narrator	trigger_tiers
freelance.rpy	unknown		narrator	text
freelance.rpy	unknown		narrator	effects
freelance.rpy	unknown		narrator	trigger_tiers
freelance.rpy	unknown		narrator	text
freelance.rpy	unknown		narrator	effects
freelance.rpy	unknown		narrator	
freelance.rpy	unknown		narrator	
freelance.rpy	unknown		narrator	
freelance.rpy	unknown		narrator	careful
freelance.rpy	unknown		narrator	normal
freelance.rpy	unknown		narrator	push
freelance.rpy	unknown		narrator	fl_session_
freelance.rpy	unknown		narrator	success
freelance.rpy	unknown		narrator	success
freelance.rpy	unknown		narrator	success
freelance.rpy	unknown		narrator	critical_failure
freelance.rpy	unknown		narrator	The codebase keeps surprising you.
freelance.rpy	unknown		narrator	weak
freelance.rpy	unknown		narrator	A few wrong turns before finding the right approach.
freelance.rpy	unknown		narrator	success
freelance.rpy	unknown		narrator	great
freelance.rpy	unknown		narrator	critical
freelance.rpy	unknown		narrator	result
freelance.rpy	unknown		narrator	tier
freelance.rpy	unknown		narrator	hours_spent
freelance.rpy	unknown		narrator	effective_progress
freelance.rpy	unknown		narrator	xp
freelance.rpy	unknown		narrator	quality_delta
freelance.rpy	unknown		narrator	narrative
freelance.rpy	unknown		narrator	rare_event
freelance.rpy	unknown		narrator	template_id
freelance.rpy	unknown		narrator	title
freelance.rpy	unknown		narrator	client
freelance.rpy	unknown		narrator	client_id
freelance.rpy	unknown		narrator	domain
freelance.rpy	unknown		narrator	required_skill
freelance.rpy	unknown		narrator	difficulty
freelance.rpy	unknown		narrator	accepted_day
freelance.rpy	unknown		narrator	deadline_day
freelance.rpy	unknown		narrator	required_hours
freelance.rpy	unknown		narrator	worked_hours
freelance.rpy	unknown		narrator	pay
freelance.rpy	unknown		narrator	exp
freelance.rpy	unknown		narrator	status
freelance.rpy	unknown		narrator	is_eli
freelance.rpy	unknown		narrator	preparation
freelance.rpy	unknown		narrator	session_log
freelance.rpy	unknown		narrator	quality_bonus
freelance.rpy	unknown		narrator	quality_penalty
freelance.rpy	unknown		narrator	approach_history
freelance.rpy	unknown		narrator	rare_events
freelance.rpy	unknown		narrator	
freelance.rpy	unknown		narrator	
freelance.rpy	unknown		narrator	success
freelance.rpy	unknown		narrator	response
freelance.rpy	unknown		narrator	result
freelance.rpy	unknown		narrator	
freelance.rpy	unknown		narrator	
freelance.rpy	unknown		narrator	template_id
freelance.rpy	unknown		narrator	pay
freelance.rpy	unknown		narrator	pay_day
freelance.rpy	unknown		narrator	title
freelance.rpy	unknown		narrator	is_eli
freelance.rpy	unknown		narrator	mail_on_complete
freelance.rpy	unknown		narrator	rating
freelance.rpy	unknown		narrator	fl_complete_%s_day%d
freelance.rpy	unknown		narrator	project
freelance.rpy	unknown		narrator	template_id
freelance.rpy	unknown		narrator	Project received: 
freelance.rpy	unknown		narrator	Thanks for the delivery. Payment will be processed tomorrow.
freelance.rpy	unknown		narrator	freelance
freelance.rpy	unknown		narrator	
freelance.rpy	unknown		narrator	We were unable to wait any longer. The contract has been reassigned.
freelance.rpy	unknown		narrator	freelance
freelance.rpy	unknown		narrator	
freelance.rpy	unknown		narrator	freelance
freelance.rpy	unknown		narrator	fl_pay_%s_%d
freelance.rpy	unknown		background	#1a2a3a
freelance.rpy	unknown		scrollbars	vertical
gains.rpy	unknown		narrator	str
gains.rpy	unknown		narrator	int
gains.rpy	unknown		narrator	chr
gains.rpy	unknown		narrator	app
gains.rpy	unknown		narrator	
gains.rpy	unknown		narrator	
gains.rpy	unknown		narrator	
gains.rpy	unknown		narrator	need_energy
gains.rpy	unknown		narrator	need_hunger
gains.rpy	unknown		narrator	need_hygiene
gameplay_expansion_scenes.rpy	scene_nora_feels_ignored	expression	Nora	You actually showed up.
gameplay_expansion_scenes.rpy	scene_nora_feels_ignored	expression	narrator	She's not warm, but she's not cold either.
gameplay_expansion_scenes.rpy	scene_nora_feels_ignored	cg_nora_feels_ignored	narrator	\"I said I would.\"
gameplay_expansion_scenes.rpy	scene_nora_feels_ignored	cg_nora_feels_ignored	Nora	Yeah. You did.
gameplay_expansion_scenes.rpy	scene_nora_feels_ignored	cg_nora_feels_ignored	narrator	A pause. Something softens.
gameplay_expansion_scenes.rpy	scene_nora_feels_ignored	cg_nora_feels_ignored	narrator	\"I'm here now. That has to count for something.\"
gameplay_expansion_scenes.rpy	scene_nora_feels_ignored	cg_nora_feels_ignored	Nora	It counts. I'm deciding how much.
gameplay_expansion_scenes.rpy	scene_nora_feels_ignored	cg_nora_feels_ignored	Nora	Busy week, you said.
gameplay_expansion_scenes.rpy	scene_nora_feels_ignored	cg_nora_feels_ignored	narrator	She looks at you steadily.
gameplay_expansion_scenes.rpy	scene_nora_feels_ignored	cg_nora_feels_ignored	narrator	\"Honestly? Not great. Sorry for going quiet.\"
gameplay_expansion_scenes.rpy	scene_nora_feels_ignored	cg_nora_feels_ignored	Nora	That's what I thought.
gameplay_expansion_scenes.rpy	scene_nora_feels_ignored	cg_nora_feels_ignored	Nora	Next time just say so.
gameplay_expansion_scenes.rpy	scene_nora_feels_ignored	cg_nora_feels_ignored	narrator	\"I'm fine. Just needed space.\"
gameplay_expansion_scenes.rpy	scene_nora_feels_ignored	cg_nora_feels_ignored	Nora	Okay.
gameplay_expansion_scenes.rpy	scene_nora_feels_ignored	cg_nora_feels_ignored	narrator	She doesn't sound convinced.
gameplay_expansion_scenes.rpy	scene_nora_feels_ignored	cg_nora_feels_ignored	Nora	You apologized. By text.
gameplay_expansion_scenes.rpy	scene_nora_feels_ignored	cg_nora_feels_ignored	narrator	She's not angry. She's measuring.
gameplay_expansion_scenes.rpy	scene_nora_feels_ignored	cg_nora_feels_ignored	narrator	\"I did mean it.\"
gameplay_expansion_scenes.rpy	scene_nora_feels_ignored	cg_nora_feels_ignored	Nora	Yeah. I know.
gameplay_expansion_scenes.rpy	scene_nora_feels_ignored	cg_nora_feels_ignored	narrator	A beat. She pours you something.
gameplay_expansion_scenes.rpy	scene_nora_feels_ignored	cg_nora_feels_ignored	narrator	\"Then you tell me what you think.\"
gameplay_expansion_scenes.rpy	scene_nora_feels_ignored	cg_nora_feels_ignored	Nora	I think you were in your head. I think that happens. I think you could have told me.
gameplay_expansion_scenes.rpy	scene_nora_feels_ignored	cg_nora_feels_ignored	Nora	You didn't reply.
gameplay_expansion_scenes.rpy	scene_nora_feels_ignored	cg_nora_feels_ignored	narrator	She says it plainly. Not an accusation.
gameplay_expansion_scenes.rpy	scene_nora_feels_ignored	cg_nora_feels_ignored	narrator	\"I know. I'm sorry.\"
gameplay_expansion_scenes.rpy	scene_nora_feels_ignored	cg_nora_feels_ignored	Nora	Okay. Don't do it again.
gameplay_expansion_scenes.rpy	scene_nora_feels_ignored	cg_nora_feels_ignored	narrator	[[Say nothing. Just sit down.]]
gameplay_expansion_scenes.rpy	scene_nora_feels_ignored	cg_nora_feels_ignored	narrator	She watches you for a moment. Then goes back to work.
gameplay_expansion_scenes.rpy	scene_marcus_missed_commitment	expression	Marcus	I was at [_missed_loc]. [_missed_title]. You didn't show.
gameplay_expansion_scenes.rpy	scene_marcus_missed_commitment	expression	narrator	He says it flat. No performance.
gameplay_expansion_scenes.rpy	scene_marcus_missed_commitment	expression	Marcus	We still haven't talked about [_mc_title].
gameplay_expansion_scenes.rpy	scene_marcus_missed_commitment	expression	narrator	He doesn't look angry. Just direct.
gameplay_expansion_scenes.rpy	scene_marcus_missed_commitment	cg_marcus_missed	narrator	\"You're right. I should have called.\"
gameplay_expansion_scenes.rpy	scene_marcus_missed_commitment	cg_marcus_missed	Marcus	Yeah. You should have.
gameplay_expansion_scenes.rpy	scene_marcus_missed_commitment	cg_marcus_missed	Marcus	But you're here now, so.
gameplay_expansion_scenes.rpy	scene_marcus_missed_commitment	cg_marcus_missed	narrator	\"Something came up I couldn't move.\"
gameplay_expansion_scenes.rpy	scene_marcus_missed_commitment	cg_marcus_missed	Marcus	There's always something. That's not the point.
gameplay_expansion_scenes.rpy	scene_marcus_missed_commitment	cg_marcus_missed	narrator	He leaves it there.
gameplay_expansion_scenes.rpy	scene_marcus_missed_commitment	cg_marcus_missed	narrator	[[Leave without saying anything.]]
gameplay_expansion_scenes.rpy	scene_marcus_missed_commitment	cg_marcus_missed	narrator	He watches you go. Doesn't call after you.
gameplay_expansion_scenes.rpy	scene_wardrobe_martha	goodoffice1	narrator	Martha passes your desk and slows, just slightly.
gameplay_expansion_scenes.rpy	scene_wardrobe_martha	goodoffice1	Martha	New wardrobe.
gameplay_expansion_scenes.rpy	scene_wardrobe_martha	goodoffice1	narrator	It's not a question.
gameplay_expansion_scenes.rpy	scene_wardrobe_martha	cg_wardrobe_martha	narrator	\"You noticed.\"
gameplay_expansion_scenes.rpy	scene_wardrobe_martha	cg_wardrobe_martha	Martha	I notice most things. It reads well.
gameplay_expansion_scenes.rpy	scene_wardrobe_martha	cg_wardrobe_martha	narrator	\"Just an update.\"
gameplay_expansion_scenes.rpy	scene_wardrobe_martha	cg_wardrobe_martha	Martha	A considered one. Good.
gameplay_expansion_scenes.rpy	scene_wardrobe_martha	cg_wardrobe_martha	narrator	\"Was the old one that bad?\"
gameplay_expansion_scenes.rpy	scene_wardrobe_martha	cg_wardrobe_martha	Martha	It was fine. This is better.
gameplay_expansion_scenes.rpy	scene_wardrobe_martha	cg_wardrobe_martha	narrator	[[Say nothing. Hold her gaze.]]
gameplay_expansion_scenes.rpy	scene_wardrobe_martha	cg_wardrobe_martha	Martha	...
gameplay_expansion_scenes.rpy	scene_wardrobe_martha	cg_wardrobe_martha	narrator	A half-nod. She keeps walking.
gameplay_expansion_scenes.rpy	scene_guitar_zoe_busking	parkday	narrator	You pull out the guitar. Zoe looks up from her sketchbook.
gameplay_expansion_scenes.rpy	scene_guitar_zoe_busking	parkday	Zoe	I didn't know you actually played.
gameplay_expansion_scenes.rpy	scene_guitar_zoe_busking	parkday	narrator	You start. She doesn't go back to the sketchbook.
gameplay_expansion_scenes.rpy	scene_guitar_zoe_busking	cg_zoe_guitar	narrator	Keep playing. Don't perform — just play.
gameplay_expansion_scenes.rpy	scene_guitar_zoe_busking	cg_zoe_guitar	Zoe	That was genuinely good.
gameplay_expansion_scenes.rpy	scene_guitar_zoe_busking	cg_zoe_guitar	Zoe	You've been hiding that.
gameplay_expansion_scenes.rpy	scene_guitar_zoe_busking	cg_zoe_guitar	narrator	Stop and banter about it.
gameplay_expansion_scenes.rpy	scene_guitar_zoe_busking	cg_zoe_guitar	Zoe	You stopped the good part to talk about it. Classic.
gameplay_expansion_scenes.rpy	scene_guitar_zoe_busking	cg_zoe_guitar	narrator	She's smiling though.
gameplay_expansion_scenes.rpy	scene_guitar_zoe_busking	cg_zoe_guitar	narrator	Let her take the guitar.
gameplay_expansion_scenes.rpy	scene_guitar_zoe_busking	cg_zoe_guitar	narrator	She hesitates — then takes it.
gameplay_expansion_scenes.rpy	scene_guitar_zoe_busking	cg_zoe_guitar	narrator	Whatever she plays is simple and deliberate. Not showing off. Showing you.
gameplay_expansion_scenes.rpy	scene_guitar_zoe_busking	cg_zoe_guitar	Zoe	Now you try that bit.
gameplay_expansion_scenes.rpy	scene_lena_hospital_break_room	expression	narrator	You find her in the break room. Coffee going cold. She doesn't look up immediately.
gameplay_expansion_scenes.rpy	scene_lena_hospital_break_room	expression	Dr. Lena	Sit down.
gameplay_expansion_scenes.rpy	scene_lena_hospital_break_room	expression	narrator	She moves her coat off the other chair.
gameplay_expansion_scenes.rpy	scene_lena_hospital_break_room	expression	Dr. Lena	Quiet works too. You don't have to talk.
gameplay_expansion_scenes.rpy	scene_lena_hospital_break_room	expression	narrator	Sit and say nothing for a while.
gameplay_expansion_scenes.rpy	scene_lena_hospital_break_room	expression	narrator	The silence is comfortable. That says something.
gameplay_expansion_scenes.rpy	scene_lena_hospital_break_room	expression	narrator	\"How long have you been on?\"
gameplay_expansion_scenes.rpy	scene_lena_hospital_break_room	expression	Dr. Lena	Sixteen hours.
gameplay_expansion_scenes.rpy	scene_lena_hospital_break_room	expression	Dr. Lena	Don't look at me like that. I'm fine.
gameplay_expansion_scenes.rpy	scene_martha_office_coffee	nexus_coffee_machine	narrator	Martha is already at the machine when you come in. She doesn't look surprised.
gameplay_expansion_scenes.rpy	scene_martha_office_coffee	nexus_coffee_machine	Martha	You're early.
gameplay_expansion_scenes.rpy	scene_martha_office_coffee	nexus_coffee_machine	narrator	She pours a second cup without being asked.
gameplay_expansion_scenes.rpy	scene_martha_office_coffee	nexus_coffee_machine	narrator	Take it. \"Thank you.\"
gameplay_expansion_scenes.rpy	scene_martha_office_coffee	nexus_coffee_machine	Martha	Day starts better.
gameplay_expansion_scenes.rpy	scene_martha_office_coffee	nexus_coffee_machine	narrator	\"I didn't know you were in this early.\"
gameplay_expansion_scenes.rpy	scene_martha_office_coffee	nexus_coffee_machine	Martha	I'm always in this early. You're just noticing now.
gameplay_expansion_scenes.rpy	scene_nora_bad_day	expression	narrator	She shows up at seven-fifteen with a paper bag and no fuss.
gameplay_expansion_scenes.rpy	scene_nora_bad_day	expression	Nora	I said bread. I meant it.
gameplay_expansion_scenes.rpy	scene_nora_bad_day	expression	narrator	She puts it on the counter. Doesn't ask how you are.
gameplay_expansion_scenes.rpy	scene_nora_bad_day	expression	Nora	You still have the machine on my settings?
gameplay_expansion_scenes.rpy	scene_nora_bad_day	expression	narrator	She's already checking.
gameplay_expansion_scenes.rpy	scene_nora_bad_day	expression	Nora	Good. That's something.
gameplay_expansion_scenes.rpy	scene_nora_bad_day	expression	narrator	\"I don't know where to start.\"
gameplay_expansion_scenes.rpy	scene_nora_bad_day	expression	Nora	Then don't start. Just be here for a minute.
gameplay_expansion_scenes.rpy	scene_nora_bad_day	expression	narrator	You sit. She makes herself at home in the kitchen.
gameplay_expansion_scenes.rpy	scene_nora_bad_day	expression	narrator	\"How was your day?\"
gameplay_expansion_scenes.rpy	scene_nora_bad_day	expression	Nora	Terrible. But I'm not here about my day.
gameplay_expansion_scenes.rpy	scene_nora_bad_day	expression	narrator	[[Say nothing. Just let her in.]]
gameplay_expansion_scenes.rpy	scene_nora_bad_day	expression	narrator	She reads the room correctly and doesn't push.
gameplay_expansion_scenes.rpy	scene_nora_bad_day	expression	narrator	Later. The bread is half-gone and the room feels different.
gameplay_expansion_scenes.rpy	scene_nora_bad_day	expression	narrator	She doesn't say anything as she leaves. Just presses your arm briefly at the door.
gameplay_expansion_scenes.rpy	scene_kitchen_lena_extended	expression	narrator	She's still in scrubs — came straight from the hospital. She doesn't comment on it.
gameplay_expansion_scenes.rpy	scene_kitchen_lena_extended	expression	narrator	She doesn't move toward the door.
gameplay_expansion_scenes.rpy	scene_kitchen_lena_extended	expression	Dr. Lena	If you have something to drink, I'm not in any hurry.
gameplay_expansion_scenes.rpy	scene_kitchen_lena_extended	expression	narrator	You find something. She settles into the chair like she fits there.
gameplay_expansion_scenes.rpy	scene_kitchen_lena_extended	expression	narrator	Open up about something.
gameplay_expansion_scenes.rpy	scene_kitchen_lena_extended	expression	Dr. Lena	I didn't know that about you.
gameplay_expansion_scenes.rpy	scene_kitchen_lena_extended	expression	Dr. Lena	Thank you for saying it.
gameplay_expansion_scenes.rpy	scene_kitchen_lena_extended	expression	narrator	Ask about her.
gameplay_expansion_scenes.rpy	scene_kitchen_lena_extended	expression	Dr. Lena	Me?
gameplay_expansion_scenes.rpy	scene_kitchen_lena_extended	expression	narrator	A pause. Like she hasn't been asked recently.
gameplay_expansion_scenes.rpy	scene_kitchen_lena_extended	expression	Dr. Lena	I went into medicine because I thought I'd be good at it. I was right. That's not the same as it being easy.
gameplay_expansion_scenes.rpy	scene_martha_corridor_gesture	hallway	narrator	The corridor is empty. She's walking past when she stops.
gameplay_expansion_scenes.rpy	scene_martha_corridor_gesture	hallway	narrator	Her hand rests on your shoulder — brief, deliberate, like a full stop.
gameplay_expansion_scenes.rpy	scene_martha_corridor_gesture	cg_martha_gesture	narrator	She doesn't explain it.
gameplay_expansion_scenes.rpy	scene_martha_corridor_gesture	cg_martha_gesture	narrator	Hold the moment. Don't speak.
gameplay_expansion_scenes.rpy	scene_martha_corridor_gesture	cg_martha_gesture	narrator	She nods once and keeps walking.
gameplay_expansion_scenes.rpy	scene_martha_corridor_gesture	cg_martha_gesture	narrator	\"Was that—\"
gameplay_expansion_scenes.rpy	scene_martha_corridor_gesture	cg_martha_gesture	Martha	Don't.
gameplay_expansion_scenes.rpy	scene_martha_corridor_gesture	cg_martha_gesture	narrator	She says it almost warmly.
gameplay_expansion_scenes.rpy	scene_nora_hug_school	expression	narrator	Nora looks different today. Not the tired-good kind. The actual kind.
gameplay_expansion_scenes.rpy	scene_nora_hug_school	expression	Nora	I said yes.
gameplay_expansion_scenes.rpy	scene_nora_hug_school	expression	narrator	She says it like it cost her something.
gameplay_expansion_scenes.rpy	scene_nora_hug_school	expression	Nora	To the programme. The culinary one.
gameplay_expansion_scenes.rpy	scene_nora_hug_school	expression	narrator	\"I knew you would.\"
gameplay_expansion_scenes.rpy	scene_nora_hug_school	expression	Nora	Did you.
gameplay_expansion_scenes.rpy	scene_nora_hug_school	expression	Nora	Then you had more faith in me than I did.
gameplay_expansion_scenes.rpy	scene_nora_hug_school	expression	narrator	\"That's huge. Really.\"
gameplay_expansion_scenes.rpy	scene_nora_hug_school	expression	Nora	Don't make it weird.
gameplay_expansion_scenes.rpy	scene_nora_hug_school	expression	narrator	She's smiling too much for that to land.
gameplay_expansion_scenes.rpy	scene_nora_hug_school	expression	narrator	She steps around the counter. The hug happens before either of you has thought about it.
gameplay_expansion_scenes.rpy	scene_eli_deploy_hug	hub_pov	narrator	Eli is standing over the dashboard. Something just went green.
gameplay_expansion_scenes.rpy	scene_eli_deploy_hug	hub_pov	Eli	It's live.
gameplay_expansion_scenes.rpy	scene_eli_deploy_hug	hub_pov	narrator	She says it like she can't believe it yet.
gameplay_expansion_scenes.rpy	scene_eli_deploy_hug	cg_eli_deploy_hug	narrator	You lean over to look at the screen. Your shoulder meets hers.
gameplay_expansion_scenes.rpy	scene_eli_deploy_hug	cg_eli_deploy_hug	narrator	A half-second of stillness.
gameplay_expansion_scenes.rpy	scene_eli_deploy_hug	cg_eli_deploy_hug	narrator	Then Eli hugs you. Briefly, slightly surprised at herself.
gameplay_expansion_scenes.rpy	scene_lena_shoulder_gesture	hospital1	narrator	She finds you in the corridor. Doesn't say why.
gameplay_expansion_scenes.rpy	scene_lena_shoulder_gesture	hospital1	narrator	She puts a hand on your shoulder. Steady, deliberate.
gameplay_expansion_scenes.rpy	scene_lena_shoulder_gesture	cg_lena_shoulder	narrator	It stays for exactly as long as it needs to.
gameplay_expansion_scenes.rpy	scene_lena_shoulder_gesture	cg_lena_shoulder	narrator	Then she's gone.
gameplay_expansion_scenes.rpy	scene_nora_kai_crossover	expression	narrator	Kai is at the counter when you arrive. Nora has her arms crossed.
gameplay_expansion_scenes.rpy	scene_nora_kai_crossover	expression	Kai	All I'm saying is a flat white is just a latte with delusions.
gameplay_expansion_scenes.rpy	scene_nora_kai_crossover	expression	Nora	A flat white is a fundamentally different microfoam structure and you know that.
gameplay_expansion_scenes.rpy	scene_nora_kai_crossover	cg_nora_kai	Kai	Nobody can taste the difference.
gameplay_expansion_scenes.rpy	scene_nora_kai_crossover	cg_nora_kai	Nora	I can taste the difference.
gameplay_expansion_scenes.rpy	scene_nora_kai_crossover	cg_nora_kai	narrator	Side with Nora. \"The microfoam matters.\"
gameplay_expansion_scenes.rpy	scene_nora_kai_crossover	cg_nora_kai	Nora	Thank you. Finally.
gameplay_expansion_scenes.rpy	scene_nora_kai_crossover	cg_nora_kai	Kai	Outnumbered. Unfair.
gameplay_expansion_scenes.rpy	scene_nora_kai_crossover	cg_nora_kai	narrator	Side with Kai. \"It's mostly vibes.\"
gameplay_expansion_scenes.rpy	scene_nora_kai_crossover	cg_nora_kai	Kai	There it is. Someone sensible.
gameplay_expansion_scenes.rpy	scene_nora_kai_crossover	cg_nora_kai	Nora	You're both wrong and I will explain why.
gameplay_expansion_scenes.rpy	scene_nora_kai_crossover	cg_nora_kai	narrator	\"You're both right, depending on the cup.\"
gameplay_expansion_scenes.rpy	scene_nora_kai_crossover	cg_nora_kai	narrator	A pause. They look at each other.
gameplay_expansion_scenes.rpy	scene_nora_kai_crossover	cg_nora_kai	Kai	That's annoyingly diplomatic.
gameplay_expansion_scenes.rpy	scene_nora_kai_crossover	cg_nora_kai	Nora	It's also correct.
gameplay_expansion_scenes.rpy	scene_eli_meets_zoe	hub_pov	narrator	You'd wondered what would happen if they were in the same room.
gameplay_expansion_scenes.rpy	scene_eli_meets_zoe	hub_pov	narrator	Within three minutes they're arguing about generative art like they've met before.
gameplay_expansion_scenes.rpy	scene_eli_meets_zoe	cg_eli_zoe_collab	Eli	The output isn't art — the constraint system is.
gameplay_expansion_scenes.rpy	scene_eli_meets_zoe	cg_eli_zoe_collab	Zoe	That's the most IT-person take on art I've ever heard.
gameplay_expansion_scenes.rpy	scene_eli_meets_zoe	cg_eli_zoe_collab	Eli	It's also correct.
gameplay_expansion_scenes.rpy	scene_eli_meets_zoe	cg_eli_zoe_collab	narrator	Let them run. Stay quiet.
gameplay_expansion_scenes.rpy	scene_eli_meets_zoe	cg_eli_zoe_collab	narrator	By the end they've exchanged contacts without you suggesting it.
gameplay_expansion_scenes.rpy	scene_eli_meets_zoe	cg_eli_zoe_collab	narrator	\"You're both describing the same thing from different angles.\"
gameplay_expansion_scenes.rpy	scene_eli_meets_zoe	cg_eli_zoe_collab	narrator	A pause. They look at each other.
gameplay_expansion_scenes.rpy	scene_eli_meets_zoe	cg_eli_zoe_collab	Zoe	...maybe.
gameplay_expansion_scenes.rpy	scene_eli_meets_zoe	cg_eli_zoe_collab	Eli	Possibly.
gameplay_expansion_scenes.rpy	scene_car_marcus_drive	car_interior_night	narrator	He sees the car.
gameplay_expansion_scenes.rpy	scene_car_marcus_drive	car_interior_night	Marcus	This yours?
gameplay_expansion_scenes.rpy	scene_car_marcus_drive	car_interior_night	narrator	You tell him it is.
gameplay_expansion_scenes.rpy	scene_car_marcus_drive	car_interior_night	Marcus	Alright. I'll let you drive me home.
gameplay_expansion_scenes.rpy	scene_car_marcus_drive	car_interior_night	narrator	He says it like he's doing you a favour.
gameplay_expansion_scenes.rpy	scene_car_marcus_drive	car_interior_pov	narrator	You pull away from the bar. The city slides past the windows.
gameplay_expansion_scenes.rpy	scene_car_marcus_drive	car_interior_pov	narrator	Marcus shifts in the passenger seat.
gameplay_expansion_scenes.rpy	scene_car_marcus_drive	car_interior_pov	narrator	Drive in silence. Let the city go by.
gameplay_expansion_scenes.rpy	scene_car_marcus_drive	car_interior_pov	Marcus	Good night for it.
gameplay_expansion_scenes.rpy	scene_car_marcus_drive	car_interior_pov	narrator	He doesn't say anything else. That's enough.
gameplay_expansion_scenes.rpy	scene_car_marcus_drive	car_interior_pov	narrator	Put something on.
gameplay_expansion_scenes.rpy	scene_car_marcus_drive	car_interior_pov	Marcus	I know this one.
gameplay_expansion_scenes.rpy	scene_car_marcus_drive	car_interior_pov	narrator	He doesn't sing along. Just nods.
gameplay_expansion_scenes.rpy	scene_car_marcus_drive	car_interior_pov	narrator	\"You good?\"
gameplay_expansion_scenes.rpy	scene_car_marcus_drive	car_interior_pov	Marcus	Tonight? Yeah.
gameplay_expansion_scenes.rpy	scene_car_marcus_drive	car_interior_pov	narrator	He pauses.
gameplay_expansion_scenes.rpy	scene_car_marcus_drive	car_interior_pov	Marcus	Some nights aren't. But tonight's fine.
gameplay_expansion_scenes.rpy	scene_martha_gift_accusation	goodoffice1	narrator	She closes the door behind her.
gameplay_expansion_scenes.rpy	scene_martha_gift_accusation	goodoffice1	Martha	I want to ask you something directly.
gameplay_expansion_scenes.rpy	scene_martha_gift_accusation	goodoffice1	Martha	I've been meaning to bring something up.
gameplay_expansion_scenes.rpy	scene_martha_gift_accusation	cg_martha_gift	Martha	[_gift_name]. And the ones before it.
gameplay_expansion_scenes.rpy	scene_martha_gift_accusation	cg_martha_gift	narrator	She's not angry. She's precise.
gameplay_expansion_scenes.rpy	scene_martha_gift_accusation	cg_martha_gift	Martha	Why?
gameplay_expansion_scenes.rpy	scene_martha_gift_accusation	cg_martha_gift	narrator	\"Because I wanted to. No agenda.\"
gameplay_expansion_scenes.rpy	scene_martha_gift_accusation	cg_martha_gift	Martha	Good.
gameplay_expansion_scenes.rpy	scene_martha_gift_accusation	cg_martha_gift	Martha	I can work with that.
gameplay_expansion_scenes.rpy	scene_martha_gift_accusation	cg_martha_gift	narrator	\"I thought it was appropriate given the working relationship.\"
gameplay_expansion_scenes.rpy	scene_martha_gift_accusation	cg_martha_gift	Martha	It's borderline. Be careful.
gameplay_expansion_scenes.rpy	scene_martha_gift_accusation	cg_martha_gift	narrator	She doesn't sound offended. Just honest.
gameplay_expansion_scenes.rpy	scene_martha_gift_accusation	cg_martha_gift	narrator	\"You're impressive. I notice impressive people.\"
gameplay_expansion_scenes.rpy	scene_martha_gift_accusation	cg_martha_gift	Martha	I see.
gameplay_expansion_scenes.rpy	scene_martha_gift_accusation	cg_martha_gift	narrator	A long pause.
gameplay_expansion_scenes.rpy	scene_martha_gift_accusation	cg_martha_gift	Martha	Don't let flattery become a tool, [mc_name]. It's a short-run strategy.
gameplay_expansion_scenes.rpy	scene_programming_kit_eli	hub_pov	narrator	Eli pulls out a breadboard. Half a circuit, some ambition.
gameplay_expansion_scenes.rpy	scene_programming_kit_eli	hub_pov	Eli	I need a second pair of eyes. This is the prototype.
gameplay_expansion_scenes.rpy	scene_programming_kit_eli	cg_eli_hardware	narrator	You see the issue in the first pass. Clean fix.
gameplay_expansion_scenes.rpy	scene_programming_kit_eli	cg_eli_hardware	Eli	That was faster than I expected.
gameplay_expansion_scenes.rpy	scene_programming_kit_eli	cg_eli_hardware	Eli	Write up what you found. I want it in the docs.
gameplay_expansion_scenes.rpy	scene_programming_kit_eli	cg_eli_hardware	narrator	You work through it together. Two hours, one working prototype.
gameplay_expansion_scenes.rpy	scene_programming_kit_eli	cg_eli_hardware	Eli	Not bad. You've got good instincts.
gameplay_expansion_scenes.rpy	scene_programming_kit_eli	cg_eli_hardware	narrator	It takes longer than either of you expected. But you stay with it.
gameplay_expansion_scenes.rpy	scene_programming_kit_eli	cg_eli_hardware	Eli	You're patient. That's actually half the job.
gameplay_expansion_scenes.rpy	scene_zoe_rain_shelter	parkday_rain	narrator	The sky changes faster than it should. You make it to the park shelter just ahead of it.
gameplay_expansion_scenes.rpy	scene_zoe_rain_shelter	parkday_rain	narrator	Zoe is already there. Her sketchbook is still in her bag, untouched. She has charcoal in one hand.
gameplay_expansion_scenes.rpy	scene_zoe_rain_shelter	parkday_rain	Zoe	Every park has exactly one good rain shelter. I've been here eight months and this is the first time I've actually used this one.
gameplay_expansion_scenes.rpy	scene_zoe_rain_shelter	parkday_rain	narrator	\"Good shelter.\"
gameplay_expansion_scenes.rpy	scene_zoe_rain_shelter	parkday_rain	Zoe	Best in the park. I've evaluated all of them.
gameplay_expansion_scenes.rpy	scene_zoe_rain_shelter	parkday_rain	narrator	She takes out the sketchbook. Starts working.
gameplay_expansion_scenes.rpy	scene_zoe_rain_shelter	parkday_rain	narrator	[[Lean against the post. Don't say anything.]]
gameplay_expansion_scenes.rpy	scene_zoe_rain_shelter	parkday_rain	narrator	She glances. Goes back to drawing. After a beat:
gameplay_expansion_scenes.rpy	scene_zoe_rain_shelter	parkday_rain	Zoe	You don't mind rain.
gameplay_expansion_scenes.rpy	scene_zoe_rain_shelter	parkday_rain	narrator	\"Not particularly.\"
gameplay_expansion_scenes.rpy	scene_zoe_rain_shelter	parkday_rain	narrator	\"I've seen worse.\"
gameplay_expansion_scenes.rpy	scene_zoe_rain_shelter	parkday_rain	narrator	\"Are you actually going to sketch in the rain?\"
gameplay_expansion_scenes.rpy	scene_zoe_rain_shelter	parkday_rain	Zoe	The rain is from over there. I'm standing over here.
gameplay_expansion_scenes.rpy	scene_zoe_rain_shelter	parkday_rain	narrator	She draws it — the angle, the dry arc.
gameplay_expansion_scenes.rpy	scene_zoe_rain_shelter	parkday_rain	narrator	She works. You stand and watch the park go blurred. There's nowhere to be.
gameplay_expansion_scenes.rpy	scene_zoe_rain_shelter	parkday_rain	narrator	After a while she tilts the sketchbook toward you without being asked. The park, in lines, rain trails, a suggestion of the city behind the trees.
gameplay_expansion_scenes.rpy	scene_zoe_rain_shelter	parkday_rain	narrator	\"It's the rain, but as lines.\"
gameplay_expansion_scenes.rpy	scene_zoe_rain_shelter	parkday_rain	Zoe	Yes. Exactly.
gameplay_expansion_scenes.rpy	scene_zoe_rain_shelter	parkday_rain	narrator	\"The park in a different light.\"
gameplay_expansion_scenes.rpy	scene_zoe_rain_shelter	parkday_rain	Zoe	Roughly.
gameplay_expansion_scenes.rpy	scene_zoe_rain_shelter	parkday_rain	narrator	She takes it back.
gameplay_expansion_scenes.rpy	scene_zoe_rain_shelter	parkday_rain	narrator	[[Say nothing. Just look at it.]]
gameplay_expansion_scenes.rpy	scene_zoe_rain_shelter	parkday_rain	narrator	She watches your face while you look. Then takes it back. \"Enough.\"
gameplay_expansion_scenes.rpy	scene_zoe_rain_shelter	parkday_rain	narrator	\"I don't know what to call it.\"
gameplay_expansion_scenes.rpy	scene_zoe_rain_shelter	parkday_rain	Zoe	That's fine. Not everything needs a label.
gameplay_expansion_scenes.rpy	scene_zoe_rain_shelter	parkday_rain	narrator	The rain slows. Zoe taps the finished sketch twice.
gameplay_expansion_scenes.rpy	scene_zoe_rain_shelter	parkday_rain	narrator	[[Leave first.]]
gameplay_expansion_scenes.rpy	scene_zoe_rain_shelter	parkday_rain	Zoe	Good rain.
gameplay_expansion_scenes.rpy	scene_zoe_rain_shelter	parkday_rain	narrator	[[Wait for her to leave.]]
gameplay_expansion_scenes.rpy	scene_zoe_rain_shelter	parkday_rain	Zoe	You know where the shelter is now.
gameplay_expansion_scenes.rpy	scene_zoe_rain_shelter	parkday_rain	narrator	She goes. Brief smile.
gameplay_expansion_scenes.rpy	scene_zoe_spontaneous	nightclub	narrator	They've been in the corner for the last hour. Zoe has been good company — the kind where you don't notice time.
gameplay_expansion_scenes.rpy	scene_zoe_spontaneous	nightclub	narrator	She says something. Not loud enough to be a statement, but specific.
gameplay_expansion_scenes.rpy	scene_zoe_spontaneous	nightclub	Zoe	I keep finding you in the right places.
gameplay_expansion_scenes.rpy	scene_zoe_spontaneous	nightclub	Zoe	I usually get bored. I haven't.
gameplay_expansion_scenes.rpy	scene_zoe_spontaneous	nightclub	narrator	She's closer than she usually is. She's looking at you differently.
gameplay_expansion_scenes.rpy	scene_zoe_spontaneous	nightclub	narrator	Then something resets.
gameplay_expansion_scenes.rpy	scene_zoe_spontaneous	nightclub	narrator	She looks at her drink. \"Anyway.\" She gestures at the room. \"I should—\"
gameplay_expansion_scenes.rpy	scene_zoe_spontaneous	nightclub	narrator	She doesn't finish the sentence.
gameplay_expansion_scenes.rpy	scene_zoe_spontaneous	nightclub	narrator	\"You don't have to do that.\"
gameplay_expansion_scenes.rpy	scene_zoe_spontaneous	nightclub	Zoe	Do what?
gameplay_expansion_scenes.rpy	scene_zoe_spontaneous	nightclub	narrator	\"The thing where you walk it back.\"
gameplay_expansion_scenes.rpy	scene_zoe_spontaneous	nightclub	narrator	Long pause. She's working out whether to be annoyed or impressed.
gameplay_expansion_scenes.rpy	scene_zoe_spontaneous	nightclub	Zoe	I wasn't walking anything back.
gameplay_expansion_scenes.rpy	scene_zoe_spontaneous	nightclub	narrator	\"I know.\"
gameplay_expansion_scenes.rpy	scene_zoe_spontaneous	nightclub	narrator	She looks at you for a long moment. The nightclub keeps going around both of you.
gameplay_expansion_scenes.rpy	scene_zoe_spontaneous	nightclub	Zoe	Okay.
gameplay_expansion_scenes.rpy	scene_zoe_spontaneous	nightclub	narrator	Just that. But she doesn't change the subject.
gameplay_expansion_scenes.rpy	scene_zoe_spontaneous	nightclub	narrator	[Say what she said, once, quietly. Then change the subject yourself.]
gameplay_expansion_scenes.rpy	scene_zoe_spontaneous	nightclub	narrator	She actually smiles. Not the careful one.
gameplay_expansion_scenes.rpy	scene_zoe_spontaneous	nightclub	narrator	You change the subject. She lets you. Properly lets you — like it was agreed.
gameplay_expansion_scenes.rpy	scene_zoe_spontaneous	nightclub	narrator	[Let her redirect. Talk about something else.]
gameplay_expansion_scenes.rpy	scene_zoe_spontaneous	nightclub	narrator	She visibly relaxes. The cover works.
gameplay_expansion_scenes.rpy	scene_zoe_spontaneous	nightclub	narrator	She glances at you once — brief — before the conversation shifts.
gameplay_expansion_scenes.rpy	scene_zoe_spontaneous	nightclub	narrator	Later, separating:
gameplay_expansion_scenes.rpy	scene_zoe_spontaneous	nightclub	Zoe	See you.
gameplay_expansion_scenes.rpy	scene_zoe_spontaneous	nightclub	narrator	She doesn't say anything else. She never does after one of these.
gameplay_expansion_scenes.rpy	scene_nora_romance_reopen	expression	narrator	It's quieter than usual. Last customer left ten minutes ago.
gameplay_expansion_scenes.rpy	scene_nora_romance_reopen	expression	narrator	She's wiping down the counter. Not rushing.
gameplay_expansion_scenes.rpy	scene_nora_romance_reopen	expression	Nora	You said next week. I wasn't sure what you meant by that.
gameplay_expansion_scenes.rpy	scene_nora_romance_reopen	expression	Nora	The 'same time next week' version. The regular version.
gameplay_expansion_scenes.rpy	scene_nora_romance_reopen	expression	Nora	Or maybe you didn't mean anything. You walked off before I could ask.
gameplay_expansion_scenes.rpy	scene_nora_romance_reopen	expression	narrator	You consider your answer.
gameplay_expansion_scenes.rpy	scene_nora_romance_reopen	expression	narrator	\"I meant something different. I think you know that.\"
gameplay_expansion_scenes.rpy	scene_nora_romance_reopen	expression	Nora	Yeah. I know.
gameplay_expansion_scenes.rpy	scene_nora_romance_reopen	expression	narrator	A beat. Then she sets the cloth down.
gameplay_expansion_scenes.rpy	scene_nora_romance_reopen	expression	Nora	Same time. Somewhere different. Deal?
gameplay_expansion_scenes.rpy	scene_nora_romance_reopen	expression	narrator	\"Same time, same place. I like the coffee.\"
gameplay_expansion_scenes.rpy	scene_nora_romance_reopen	expression	Nora	That's a terrible reason.
gameplay_expansion_scenes.rpy	scene_nora_romance_reopen	expression	Nora	But okay.
gameplay_expansion_scenes.rpy	scene_nora_romance_reopen	expression	narrator	[Change the subject. Let it stay ambiguous.]
gameplay_expansion_scenes.rpy	scene_nora_romance_reopen	expression	narrator	She lets you change it.
gameplay_expansion_scenes.rpy	scene_nora_romance_reopen	expression	narrator	But she watches you leave.
gameplay_expansion_scenes.rpy	scene_zoe_romance_reopen	nightclub	narrator	She finds you at the bar. Leans against it instead of sitting.
gameplay_expansion_scenes.rpy	scene_zoe_romance_reopen	nightclub	Zoe	So are we still pretending that moment didn't happen?
gameplay_expansion_scenes.rpy	scene_zoe_romance_reopen	nightclub	Zoe	You mirrored me. Neat move. But it was still a moment.
gameplay_expansion_scenes.rpy	scene_zoe_romance_reopen	nightclub	Zoe	You gave me the exit. I used it. That's not the same as it not existing.
gameplay_expansion_scenes.rpy	scene_zoe_romance_reopen	nightclub	narrator	\"No. We're not.\"
gameplay_expansion_scenes.rpy	scene_zoe_romance_reopen	nightclub	Zoe	Okay. Good.
gameplay_expansion_scenes.rpy	scene_zoe_romance_reopen	nightclub	narrator	She doesn't make it bigger than that. But she doesn't move away either.
gameplay_expansion_scenes.rpy	scene_zoe_romance_reopen	nightclub	narrator	\"I think we handled it fine.\"
gameplay_expansion_scenes.rpy	scene_zoe_romance_reopen	nightclub	Zoe	That's a very diplomatic answer.
gameplay_expansion_scenes.rpy	scene_zoe_romance_reopen	nightclub	narrator	She almost smiles.
gameplay_expansion_scenes.rpy	scene_zoe_romance_reopen	nightclub	narrator	[Shrug. Order another drink.]
gameplay_expansion_scenes.rpy	scene_zoe_romance_reopen	nightclub	narrator	She watches you for a second.
gameplay_expansion_scenes.rpy	scene_zoe_romance_reopen	nightclub	Zoe	Fair enough.
gameplay_expansion_scenes.rpy	scene_zoe_romance_reopen	nightclub	narrator	She orders the same.
gameplay_expansion_scenes.rpy	scene_martha_romance_reopen	bar	narrator	She's already at the table when you arrive. Two glasses, not one.
gameplay_expansion_scenes.rpy	scene_martha_romance_reopen	bar	Martha	Your behaviour since that conversation has been inconsistent with your answer.
gameplay_expansion_scenes.rpy	scene_martha_romance_reopen	bar	narrator	No preamble. That's Martha.
gameplay_expansion_scenes.rpy	scene_martha_romance_reopen	bar	Martha	You said same time, same quarter. Then you rearranged twice and showed up early both times.
gameplay_expansion_scenes.rpy	scene_martha_romance_reopen	bar	Martha	You didn't say anything. Then you've been — attentive. More than professionally necessary.
gameplay_expansion_scenes.rpy	scene_martha_romance_reopen	bar	narrator	You sit down.
gameplay_expansion_scenes.rpy	scene_martha_romance_reopen	bar	narrator	\"You're right. My answer was incomplete.\"
gameplay_expansion_scenes.rpy	scene_martha_romance_reopen	bar	narrator	Something shifts in her posture. Not much. Enough.
gameplay_expansion_scenes.rpy	scene_martha_romance_reopen	bar	Martha	I appreciate the correction.
gameplay_expansion_scenes.rpy	scene_martha_romance_reopen	bar	narrator	She lifts her glass. A small gesture. An acknowledgement.
gameplay_expansion_scenes.rpy	scene_martha_romance_reopen	bar	narrator	\"I've been consistent. You're reading into it.\"
gameplay_expansion_scenes.rpy	scene_martha_romance_reopen	bar	narrator	Long pause.
gameplay_expansion_scenes.rpy	scene_martha_romance_reopen	bar	Martha	Perhaps.
gameplay_expansion_scenes.rpy	scene_martha_romance_reopen	bar	narrator	She doesn't sound convinced, but she accepts it.
gameplay_expansion_scenes.rpy	scene_martha_romance_reopen	bar	narrator	[Let the silence sit. See what she does with it.]
gameplay_expansion_scenes.rpy	scene_martha_romance_reopen	bar	narrator	She lets it sit too.
gameplay_expansion_scenes.rpy	scene_martha_romance_reopen	bar	narrator	Eventually she moves on to the agenda.
gameplay_expansion_scenes.rpy	scene_martha_romance_reopen	bar	narrator	But she poured two glasses.
gameplay_expansion_scenes.rpy	scene_caroline_romance_open	bar	narrator	She's at the same corner table. She doesn't look surprised to see you — she rarely does.
gameplay_expansion_scenes.rpy	scene_caroline_romance_open	bar	Caroline	You keep turning up where I am. I've stopped calling it coincidence.
gameplay_expansion_scenes.rpy	scene_caroline_romance_open	bar	narrator	She turns the glass a quarter-turn on the table. Precise, like everything she does.
gameplay_expansion_scenes.rpy	scene_caroline_romance_open	bar	Caroline	So. Are we colleagues who happen to drink in the same places, or is this something you're doing on purpose?
gameplay_expansion_scenes.rpy	scene_caroline_romance_open	bar	narrator	It isn't a trap. It's a genuine question, asked the way she asks everything — as if the answer is data she intends to use.
gameplay_expansion_scenes.rpy	scene_caroline_romance_open	bar	narrator	\"On purpose. I think you already knew that.\"
gameplay_expansion_scenes.rpy	scene_caroline_romance_open	bar	Caroline	I suspected. I don't act on suspicion.
gameplay_expansion_scenes.rpy	scene_caroline_romance_open	bar	narrator	A pause. Then, evenly:
gameplay_expansion_scenes.rpy	scene_caroline_romance_open	bar	Caroline	Now I have confirmation. That changes the calculation.
gameplay_expansion_scenes.rpy	scene_caroline_romance_open	bar	narrator	She doesn't smile, exactly. But something in her posture opens by a degree.
gameplay_expansion_scenes.rpy	scene_caroline_romance_open	bar	narrator	\"Colleagues who drink well. Nothing more.\"
gameplay_expansion_scenes.rpy	scene_caroline_romance_open	bar	Caroline	Sensible. Probably correct.
gameplay_expansion_scenes.rpy	scene_caroline_romance_open	bar	narrator	She accepts it without visible disappointment. Whether that's genuine or discipline, you can't tell.
gameplay_expansion_scenes.rpy	scene_caroline_romance_open	bar	narrator	[Let the question hang. Order a drink instead.]
gameplay_expansion_scenes.rpy	scene_caroline_romance_open	bar	narrator	You signal the bartender rather than answer.
gameplay_expansion_scenes.rpy	scene_caroline_romance_open	bar	Caroline	That's an answer too. Just a slower one.
gameplay_expansion_scenes.rpy	scene_lena_romance_open	bar	narrator	She's off shift — you can tell because she's not scanning the room for the next emergency.
gameplay_expansion_scenes.rpy	scene_lena_romance_open	bar	Dr. Lena	Can I ask you something without it turning weird?
gameplay_expansion_scenes.rpy	scene_lena_romance_open	bar	narrator	She doesn't wait long for permission. She's decided to say it either way.
gameplay_expansion_scenes.rpy	scene_lena_romance_open	bar	Dr. Lena	I look forward to this. Whatever this is. I wanted to know if I'm the only one holding it that way.
gameplay_expansion_scenes.rpy	scene_lena_romance_open	bar	narrator	\"You're not. I've been holding it the same way.\"
gameplay_expansion_scenes.rpy	scene_lena_romance_open	bar	narrator	She lets out a breath she was clearly holding.
gameplay_expansion_scenes.rpy	scene_lena_romance_open	bar	Dr. Lena	Okay. Good. Then I'm glad I said it.
gameplay_expansion_scenes.rpy	scene_lena_romance_open	bar	narrator	She's steady again almost at once — but warmer now, like a decision has been filed and she's at peace with it.
gameplay_expansion_scenes.rpy	scene_lena_romance_open	bar	narrator	\"I value this. As a friendship.\"
gameplay_expansion_scenes.rpy	scene_lena_romance_open	bar	Dr. Lena	That's — yes. That's a good thing to be clear about.
gameplay_expansion_scenes.rpy	scene_lena_romance_open	bar	narrator	If there's a flicker of something else, she folds it away with the same care she gives everything.
gameplay_expansion_scenes.rpy	scene_lena_romance_open	bar	narrator	[Answer honestly, but don't commit.]
gameplay_expansion_scenes.rpy	scene_lena_romance_open	bar	narrator	You give her something true and incomplete.
gameplay_expansion_scenes.rpy	scene_lena_romance_open	bar	Dr. Lena	That's fair. I asked a big question at a small table.
gameplay_expansion_scenes.rpy	scene_elle_romance_open	expression	narrator	She's got her feet in the sand and her eyes on the water, the way she is when she's decided to stop performing for a bit.
gameplay_expansion_scenes.rpy	scene_elle_romance_open	expression	Elle	Can I say a thing? And you don't have to match it, I just want it out loud.
gameplay_expansion_scenes.rpy	scene_elle_romance_open	expression	narrator	She glances over, half a laugh already in her voice, covering for the fact that she means it.
gameplay_expansion_scenes.rpy	scene_elle_romance_open	expression	Elle	I like when it's you. More than the beach-friends version. I've been sitting on that for a while.
gameplay_expansion_scenes.rpy	scene_elle_romance_open	expression	narrator	\"Then let's not do the beach-friends version.\"
gameplay_expansion_scenes.rpy	scene_elle_romance_open	expression	narrator	She grins, properly this time, and looks back at the water like she needs a second.
gameplay_expansion_scenes.rpy	scene_elle_romance_open	expression	Elle	Okay. Okay, good. I was ninety percent sure and ten percent about to feel very silly.
gameplay_expansion_scenes.rpy	scene_elle_romance_open	expression	narrator	\"I like the beach-friends version. A lot.\"
gameplay_expansion_scenes.rpy	scene_elle_romance_open	expression	Elle	Yeah? Good. That's — yeah, that works too.
gameplay_expansion_scenes.rpy	scene_elle_romance_open	expression	narrator	She means it, mostly. She's good at meaning things mostly.
gameplay_expansion_scenes.rpy	scene_elle_romance_open	expression	narrator	[Smile. Let the water fill the gap.]
gameplay_expansion_scenes.rpy	scene_elle_romance_open	expression	narrator	You don't answer with words. She lets it go, but she noticed you didn't say no.
gameplay_expansion_scenes.rpy	scene_caroline_thursday_bar	bar	narrator	The bar is mid-evening loud. You spot Caroline at a corner table — a glass of something pale in front of her, phone face-down.
gameplay_expansion_scenes.rpy	scene_caroline_thursday_bar	bar	narrator	She's still in work clothes. The formal blazer looks slightly incongruous here, out of its element. So does she, except that she doesn't seem to mind.
gameplay_expansion_scenes.rpy	scene_caroline_thursday_bar	bar	narrator	She sees you immediately. She doesn't pretend she didn't.
gameplay_expansion_scenes.rpy	scene_caroline_thursday_bar	bar	Caroline	Well. If you need a seat, there's one.
gameplay_expansion_scenes.rpy	scene_caroline_thursday_bar	bar	narrator	She does not wave you over. She simply states the fact.
gameplay_expansion_scenes.rpy	scene_caroline_thursday_bar	bar	narrator	You sit. She takes a slow drink. Something about the way she holds the glass suggests the day is finished and she's decided to be done with it.
gameplay_expansion_scenes.rpy	scene_caroline_thursday_bar	bar	Caroline	It ends the same every week. I keep thinking it won't.
gameplay_expansion_scenes.rpy	scene_caroline_thursday_bar	bar	narrator	She's not complaining. Just reporting.
gameplay_expansion_scenes.rpy	scene_caroline_thursday_bar	bar	narrator	Then, without preamble, she asks you something — something specific and personal. Something you mentioned in passing weeks ago that you hadn't expected her to file.
gameplay_expansion_scenes.rpy	scene_caroline_thursday_bar	bar	Caroline	How is it going? The thing you said you were working on.
gameplay_expansion_scenes.rpy	scene_caroline_thursday_bar	bar	narrator	Answer honestly.
gameplay_expansion_scenes.rpy	scene_caroline_thursday_bar	bar	Caroline	That's what I thought.
gameplay_expansion_scenes.rpy	scene_caroline_thursday_bar	bar	narrator	She picks up her drink. Doesn't explain what she thought.
gameplay_expansion_scenes.rpy	scene_caroline_thursday_bar	bar	narrator	Deflect with something light.
gameplay_expansion_scenes.rpy	scene_caroline_thursday_bar	bar	Caroline	Sensible.
gameplay_expansion_scenes.rpy	scene_caroline_thursday_bar	bar	narrator	She seems to find this genuinely acceptable.
gameplay_expansion_scenes.rpy	scene_caroline_thursday_bar	bar	narrator	[Say nothing for a moment.]
gameplay_expansion_scenes.rpy	scene_caroline_thursday_bar	bar	narrator	She nods once. Moves on.
gameplay_expansion_scenes.rpy	scene_caroline_thursday_bar	bar	narrator	She finishes her drink. Stands.
gameplay_expansion_scenes.rpy	scene_caroline_thursday_bar	bar	Caroline	I'm not in the habit of running into colleagues after hours.
gameplay_expansion_scenes.rpy	scene_caroline_thursday_bar	bar	narrator	A pause.
gameplay_expansion_scenes.rpy	scene_caroline_thursday_bar	bar	Caroline	But this was fine.
gameplay_expansion_scenes.rpy	scene_caroline_thursday_bar	bar	narrator	She leaves without looking back. You're left with the faint unsettling sense that Caroline noticed more than she ever said.
gameplay_expansion_scenes.rpy	scene_natalie_bar_offduty	bar	narrator	Natalie is at the bar not doing anything. Drink in front of her, not talking to anyone, watching the room with the same flat attention she uses on the warehouse floor.
gameplay_expansion_scenes.rpy	scene_natalie_bar_offduty	bar	narrator	You sit down. She makes room without ceremony, without greeting.
gameplay_expansion_scenes.rpy	scene_natalie_bar_offduty	bar	narrator	The silence that follows doesn't bother her. She finishes a thought, drinks, starts another.
gameplay_expansion_scenes.rpy	scene_natalie_bar_offduty	bar	Natalie	I coach three nights a week. Muay Thai. The gym two streets from the warehouse.
gameplay_expansion_scenes.rpy	scene_natalie_bar_offduty	bar	narrator	She says it the same way she'd say she takes the metro. A fact, not an offer. You're probably the first person from the warehouse who's ever seen this version of her.
gameplay_expansion_scenes.rpy	scene_natalie_bar_offduty	bar	narrator	She looks at you for a moment. The same direct look she uses when she's about to say something she's been thinking about for a while.
gameplay_expansion_scenes.rpy	scene_natalie_bar_offduty	bar	narrator	Ask who she trains.
gameplay_expansion_scenes.rpy	scene_natalie_bar_offduty	bar	Natalie	Kids, mostly. Some adults who think they're tougher than they are.
gameplay_expansion_scenes.rpy	scene_natalie_bar_offduty	bar	narrator	She almost smiles.
gameplay_expansion_scenes.rpy	scene_natalie_bar_offduty	bar	Natalie	The kids figure it out faster.
gameplay_expansion_scenes.rpy	scene_natalie_bar_offduty	bar	narrator	Ask why she coaches when she already works the longest hours on the floor.
gameplay_expansion_scenes.rpy	scene_natalie_bar_offduty	bar	Natalie	Because hauling freight pays the rent. This is the part that's actually mine.
gameplay_expansion_scenes.rpy	scene_natalie_bar_offduty	bar	narrator	A pause. She doesn't add anything to that.
gameplay_expansion_scenes.rpy	scene_natalie_bar_offduty	bar	narrator	[Don't ask. Just listen to whatever she says next.]
gameplay_expansion_scenes.rpy	scene_natalie_bar_offduty	bar	narrator	She takes a slow drink.
gameplay_expansion_scenes.rpy	scene_natalie_bar_offduty	bar	Natalie	The warehouse pays the bills. This is the part that stays.
gameplay_expansion_scenes.rpy	scene_natalie_bar_offduty	bar	narrator	She finishes her drink before you do. Stands.
gameplay_expansion_scenes.rpy	scene_natalie_bar_offduty	bar	Natalie	Same time next weekend, if you end up here.
gameplay_expansion_scenes.rpy	scene_natalie_bar_offduty	bar	narrator	Not an invitation. An observation about what will probably happen.
gameplay_expansion_scenes.rpy	scene_natalie_bar_offduty	bar	narrator	She goes.
gameplay_expansion_scenes.rpy	scene_kai_cafe_quiet	expression	narrator	Kai is at the counter, coffee in hand, not in gym clothes. She's looking at her phone but not really reading it.
gameplay_expansion_scenes.rpy	scene_kai_cafe_quiet	expression	narrator	Nora serves her without asking what she wants — regulars tab.
gameplay_expansion_scenes.rpy	scene_kai_cafe_quiet	expression	narrator	When you sit down, Kai puts the phone away instead of looking up. Like she was waiting for the distraction.
gameplay_expansion_scenes.rpy	scene_kai_cafe_quiet	expression	narrator	After a while she says:
gameplay_expansion_scenes.rpy	scene_kai_cafe_quiet	expression	Kai	Everyone wants the energy all the time. Like if I have a flat day, I'm failing them.
gameplay_expansion_scenes.rpy	scene_kai_cafe_quiet	expression	narrator	Not a complaint. More like she's noticing the thing for the first time by saying it out loud.
gameplay_expansion_scenes.rpy	scene_kai_cafe_quiet	expression	narrator	\"That sounds exhausting.\"
gameplay_expansion_scenes.rpy	scene_kai_cafe_quiet	expression	Kai	It's just part of it.
gameplay_expansion_scenes.rpy	scene_kai_cafe_quiet	expression	narrator	A pause.
gameplay_expansion_scenes.rpy	scene_kai_cafe_quiet	expression	Kai	But yeah. Sometimes.
gameplay_expansion_scenes.rpy	scene_kai_cafe_quiet	expression	narrator	\"You don't have to be the energy.\"
gameplay_expansion_scenes.rpy	scene_kai_cafe_quiet	expression	Kai	People pay for a session and they want...
gameplay_expansion_scenes.rpy	scene_kai_cafe_quiet	expression	narrator	She stops. Considers.
gameplay_expansion_scenes.rpy	scene_kai_cafe_quiet	expression	Kai	I know. I know that. I just forget it sometimes.
gameplay_expansion_scenes.rpy	scene_kai_cafe_quiet	expression	narrator	[Say nothing. Let her sit with it for a second.]
gameplay_expansion_scenes.rpy	scene_kai_cafe_quiet	expression	narrator	She drinks her coffee. The silence doesn't bother her.
gameplay_expansion_scenes.rpy	scene_kai_cafe_quiet	expression	Kai	See, this is the part nobody tells you about.
gameplay_expansion_scenes.rpy	scene_kai_cafe_quiet	expression	narrator	She finishes the coffee. Back to herself — or close enough to the version she usually shows.
gameplay_expansion_scenes.rpy	scene_kai_cafe_quiet	expression	Kai	Same time Thursday?
gameplay_expansion_scenes.rpy	scene_kai_cafe_quiet	expression	narrator	It's her slot anyway. The offer to share it is new.
gameplay_expansion_scenes.rpy	scene_elle_portugal_payoff	expression	narrator	Elle is at the waterline, shoes off. The same posture as always — like the sea owes her something and she's waiting patiently to collect.
gameplay_expansion_scenes.rpy	scene_elle_portugal_payoff	expression	narrator	When you approach, she turns without surprise.
gameplay_expansion_scenes.rpy	scene_elle_portugal_payoff	expression	Elle	I was starting to think you weren't going to come.
gameplay_expansion_scenes.rpy	scene_elle_portugal_payoff	cg_elle_portugal_turn	Elle	You made it sound obvious. I think you were right.
gameplay_expansion_scenes.rpy	scene_elle_portugal_payoff	cg_elle_portugal_turn	narrator	A beat.
gameplay_expansion_scenes.rpy	scene_elle_portugal_payoff	cg_elle_portugal_turn	Elle	I'm going. Three weeks first. Then I decide whether the eighteen months is real.
gameplay_expansion_scenes.rpy	scene_elle_portugal_payoff	cg_elle_portugal_turn	narrator	She says it like it's settled. It is.
gameplay_expansion_scenes.rpy	scene_elle_portugal_payoff	cg_elle_portugal_turn	Elle	I kept making that list. It got long.
gameplay_expansion_scenes.rpy	scene_elle_portugal_payoff	cg_elle_portugal_turn	narrator	She looks at the water.
gameplay_expansion_scenes.rpy	scene_elle_portugal_payoff	cg_elle_portugal_turn	Elle	So I'm staying. For now.
gameplay_expansion_scenes.rpy	scene_elle_portugal_payoff	cg_elle_portugal_turn	narrator	For now is doing a lot of work in that sentence.
gameplay_expansion_scenes.rpy	scene_elle_portugal_payoff	cg_elle_portugal_turn	Elle	I'm going to defer it. One year. See what the year says.
gameplay_expansion_scenes.rpy	scene_elle_portugal_payoff	cg_elle_portugal_turn	narrator	She almost laughs at herself.
gameplay_expansion_scenes.rpy	scene_elle_portugal_payoff	cg_elle_portugal_turn	Elle	I know. It's very me.
gameplay_expansion_scenes.rpy	scene_elle_portugal_payoff	expression	narrator	\"That's the right call.\"
gameplay_expansion_scenes.rpy	scene_elle_portugal_payoff	expression	Elle	You don't know that.
gameplay_expansion_scenes.rpy	scene_elle_portugal_payoff	expression	narrator	Beat.
gameplay_expansion_scenes.rpy	scene_elle_portugal_payoff	expression	Elle	But thanks.
gameplay_expansion_scenes.rpy	scene_elle_portugal_payoff	expression	narrator	\"Are you sure?\"
gameplay_expansion_scenes.rpy	scene_elle_portugal_payoff	expression	Elle	No. But I'm done being unsure about being unsure.
gameplay_expansion_scenes.rpy	scene_elle_portugal_payoff	expression	narrator	\"What happens next?\"
gameplay_expansion_scenes.rpy	scene_elle_portugal_payoff	expression	Elle	I go to the beach, or I go to Portugal. Either way, I figure it out.
gameplay_expansion_scenes.rpy	scene_elle_portugal_payoff	expression	narrator	She almost laughs.
gameplay_expansion_scenes.rpy	scene_elle_portugal_payoff	expression	narrator	[Don't say anything. Sit down next to her.]
gameplay_expansion_scenes.rpy	scene_elle_portugal_payoff	expression	narrator	She sits too. For a while, neither of you says anything.
gameplay_expansion_scenes.rpy	scene_elle_portugal_payoff	expression	Elle	You're good at this part.
gameplay_expansion_scenes.rpy	scene_elle_portugal_payoff	expression	narrator	The light goes gold.
gameplay_expansion_scenes.rpy	scene_elle_portugal_payoff	expression	Elle	I'll let you know how it ends up.
gameplay_expansion_scenes.rpy	scene_elle_portugal_payoff	expression	narrator	Something shifts in her face — not sadness, just the weight of a thing decided.
gameplay_expansion_scenes.rpy	scene_elle_portugal_payoff	expression	Elle	It means something that you came.
gameplay_expansion_scenes.rpy	scene_elle_portugal_payoff	expression	narrator	She goes.
gameplay_expansion_scenes.rpy	scene_sam_marcus_park	basketball_court_day	narrator	You arrive at the park early. Sam and Marcus are already at the court — mid-argument, low-stakes, the kind they've clearly had before.
gameplay_expansion_scenes.rpy	scene_sam_marcus_park	basketball_court_day	Marcus	You count every rep. That's why you plateau.
gameplay_expansion_scenes.rpy	scene_sam_marcus_park	basketball_court_day	Sam	You stop counting and you get sloppy.
gameplay_expansion_scenes.rpy	scene_sam_marcus_park	basketball_court_day	narrator	They're both half-right and they know it.
gameplay_expansion_scenes.rpy	scene_sam_marcus_park	basketball_court_day	narrator	They turn to you at the same moment.
gameplay_expansion_scenes.rpy	scene_sam_marcus_park	basketball_court_day	Marcus	Tiebreaker. Come on.
gameplay_expansion_scenes.rpy	scene_sam_marcus_park	cg_sam_marcus_court	narrator	Side with Sam. \"Counting keeps you honest.\"
gameplay_expansion_scenes.rpy	scene_sam_marcus_park	cg_sam_marcus_court	Sam	Finally.
gameplay_expansion_scenes.rpy	scene_sam_marcus_park	cg_sam_marcus_court	Marcus	Two against one. Fine. Next week I'll destroy both of you.
gameplay_expansion_scenes.rpy	scene_sam_marcus_park	cg_sam_marcus_court	narrator	Side with Marcus. \"At some point you have to trust your body.\"
gameplay_expansion_scenes.rpy	scene_sam_marcus_park	cg_sam_marcus_court	Sam	You're wrong. But okay.
gameplay_expansion_scenes.rpy	scene_sam_marcus_park	cg_sam_marcus_court	narrator	[Split it.] \"Count to build the habit, then drop the count.\"
gameplay_expansion_scenes.rpy	scene_sam_marcus_park	cg_sam_marcus_court	Sam	That's... actually fine.
gameplay_expansion_scenes.rpy	scene_sam_marcus_park	cg_sam_marcus_court	Marcus	You're going to be unbearable about this.
gameplay_expansion_scenes.rpy	scene_sam_marcus_park	cg_sam_marcus_court	narrator	Side with Marcus. \"Listening to your body beats counting reps.\"
gameplay_expansion_scenes.rpy	scene_sam_marcus_park	cg_sam_marcus_court	Marcus	See.
gameplay_expansion_scenes.rpy	scene_sam_marcus_park	cg_sam_marcus_court	Sam	Still wrong. But noted.
gameplay_expansion_scenes.rpy	scene_sam_marcus_park	cg_sam_marcus_court	narrator	Side with Sam. \"Structure first.\"
gameplay_expansion_scenes.rpy	scene_sam_marcus_park	cg_sam_marcus_court	Marcus	I'm surrounded by people who love spreadsheets.
gameplay_expansion_scenes.rpy	scene_sam_marcus_park	cg_sam_marcus_court	narrator	[Split it.] \"Both. At different stages.\"
gameplay_expansion_scenes.rpy	scene_sam_marcus_park	cg_sam_marcus_court	Marcus	You're not picking a side.
gameplay_expansion_scenes.rpy	scene_sam_marcus_park	cg_sam_marcus_court	Sam	They're right.
gameplay_expansion_scenes.rpy	scene_sam_marcus_park	basketball_court_day	narrator	You play. It's nothing serious — three-person casual shooting, the kind where score doesn't matter.
gameplay_expansion_scenes.rpy	scene_sam_marcus_park	basketball_court_day	narrator	By the end both of them are more interested in the next coffee than the argument.
gameplay_expansion_scenes.rpy	scene_sam_marcus_park	basketball_court_day	Sam	Same time tomorrow?
gameplay_expansion_scenes.rpy	scene_sam_marcus_park	basketball_court_day	narrator	Marcus doesn't say yes. He'll be there. He always is.
gigs.rpy	unknown		narrator	blurb
gigs.rpy	unknown		narrator	req
gigs.rpy	unknown		narrator	hours
gigs.rpy	unknown		narrator	line
gigs.rpy	unknown		narrator	blurb
gigs.rpy	unknown		narrator	req
gigs.rpy	unknown		narrator	hours
gigs.rpy	unknown		narrator	line
gigs.rpy	unknown		narrator	blurb
gigs.rpy	unknown		narrator	req
gigs.rpy	unknown		narrator	hours
gigs.rpy	unknown		narrator	line
gigs.rpy	unknown		narrator	blurb
gigs.rpy	unknown		narrator	req
gigs.rpy	unknown		narrator	hours
gigs.rpy	unknown		narrator	line
gigs.rpy	unknown		narrator	blurb
gigs.rpy	unknown		narrator	req
gigs.rpy	unknown		narrator	hours
gigs.rpy	unknown		narrator	line
gigs.rpy	unknown		narrator	
gigs.rpy	unknown		narrator	
gigs.rpy	unknown		narrator	
gigs.rpy	unknown		scrollbars	vertical
gigs.rpy	do_gig	expression	narrator	You take the gig — [_gt].
gigs.rpy	do_gig	expression	narrator	[_g_line]
group_scenes.rpy	unknown		narrator	[_gna] and [_gnb] make room as you join them.
group_scenes.rpy	unknown		narrator	Music
group_scenes.rpy	unknown		narrator	[_gna]: [GROUP_REACT_TEXT[_gra].format(name=_gna)]
group_scenes.rpy	unknown		narrator	[_gnb]: [GROUP_REACT_TEXT[_grb].format(name=_gnb)]
group_scenes.rpy	unknown		narrator	Sports & fitness
group_scenes.rpy	unknown		narrator	[_gna]: [GROUP_REACT_TEXT[_gra].format(name=_gna)]
group_scenes.rpy	unknown		narrator	[_gnb]: [GROUP_REACT_TEXT[_grb].format(name=_gnb)]
group_scenes.rpy	unknown		narrator	Art
group_scenes.rpy	unknown		narrator	[_gna]: [GROUP_REACT_TEXT[_gra].format(name=_gna)]
group_scenes.rpy	unknown		narrator	[_gnb]: [GROUP_REACT_TEXT[_grb].format(name=_gnb)]
group_scenes.rpy	unknown		narrator	Food
group_scenes.rpy	unknown		narrator	[_gna]: [GROUP_REACT_TEXT[_gra].format(name=_gna)]
group_scenes.rpy	unknown		narrator	[_gnb]: [GROUP_REACT_TEXT[_grb].format(name=_gnb)]
group_scenes.rpy	unknown		narrator	Money & ambition
group_scenes.rpy	unknown		narrator	[_gna]: [GROUP_REACT_TEXT[_gra].format(name=_gna)]
group_scenes.rpy	unknown		narrator	[_gnb]: [GROUP_REACT_TEXT[_grb].format(name=_gnb)]
group_scenes.rpy	unknown		narrator	Travel
group_scenes.rpy	unknown		narrator	[_gna]: [GROUP_REACT_TEXT[_gra].format(name=_gna)]
group_scenes.rpy	unknown		narrator	[_gnb]: [GROUP_REACT_TEXT[_grb].format(name=_gnb)]
group_scenes.rpy	unknown		narrator	Movies
group_scenes.rpy	unknown		narrator	[_gna]: [GROUP_REACT_TEXT[_gra].format(name=_gna)]
group_scenes.rpy	unknown		narrator	[_gnb]: [GROUP_REACT_TEXT[_grb].format(name=_gnb)]
group_scenes.rpy	unknown		narrator	Nightlife
group_scenes.rpy	unknown		narrator	[_gna]: [GROUP_REACT_TEXT[_gra].format(name=_gna)]
group_scenes.rpy	unknown		narrator	[_gnb]: [GROUP_REACT_TEXT[_grb].format(name=_gnb)]
group_scenes.rpy	unknown		narrator	Work & life
group_scenes.rpy	unknown		narrator	[_gna]: [GROUP_REACT_TEXT[_gra].format(name=_gna)]
group_scenes.rpy	unknown		narrator	[_gnb]: [GROUP_REACT_TEXT[_grb].format(name=_gnb)]
group_scenes.rpy	unknown		narrator	Leave
home_items.rpy	unknown		narrator	bed
home_items.rpy	unknown		narrator	desk
home_items.rpy	unknown		narrator	appliance_major
home_items.rpy	unknown		narrator	instrument
home_items.rpy	unknown		narrator	tools
home_items.rpy	unknown		narrator	seating
home_items.rpy	unknown		narrator	art_station
home_items.rpy	unknown		narrator	music_corner
home_items.rpy	unknown		narrator	workspace
home_items.rpy	unknown		narrator	kitchen
home_items.rpy	unknown		narrator	workshop
home_items.rpy	unknown		narrator	
home_items.rpy	unknown		narrator	label
home_items.rpy	unknown		narrator	price_new
home_items.rpy	unknown		narrator	price_used
home_items.rpy	unknown		narrator	description
home_items.rpy	unknown		narrator	modifiers
home_items.rpy	unknown		narrator	unlocks
home_items.rpy	unknown		narrator	visual_tier
home_items.rpy	unknown		narrator	available_used
home_items.rpy	unknown		narrator	shop_available
home_items.rpy	unknown		narrator	appearance
home_items.rpy	unknown		narrator	capabilities
home_items.rpy	unknown		narrator	Slow, loud fan, but it compiles. Eventually.
home_items.rpy	unknown		narrator	Boring, indestructible, and the keyboard is genuinely good.
home_items.rpy	unknown		narrator	Overkill for text files. Wonderful for everything else.
home_items.rpy	unknown		narrator	You picked every part. Builds finish before you finish your coffee.
home_items.rpy	unknown		narrator	Absurd. Silent under load. You do not regret it.
home_items.rpy	unknown		narrator	It has four legs and holds a laptop. That is the whole review.
home_items.rpy	unknown		narrator	Flat-pack, one drawer, slight wobble you have learned to work around.
home_items.rpy	unknown		narrator	Enough surface to spread out a whole problem at once.
home_items.rpy	unknown		narrator	Motorised. You use the standing mode more often than you expected.
home_items.rpy	unknown		narrator	You sit on it. Your back files a complaint after two hours.
home_items.rpy	unknown		narrator	Adjustable height. That is the feature list.
home_items.rpy	unknown		narrator	Lumbar support you stop noticing, which is the point.
home_items.rpy	unknown		narrator	Quiet, cheap, entirely forgettable.
home_items.rpy	unknown		narrator	Loud enough that the neighbours know when a deadline is close.
home_items.rpy	unknown		narrator	Docs on one side, code on the other. You will not go back.
home_items.rpy	unknown		narrator	Two panels on an arm. Your desk finally looks like it means business.
home_items.rpy	unknown		narrator	On the floor. It is a bed in the technical sense.
home_items.rpy	unknown		narrator	Off the floor at last. It even has a headboard.
home_items.rpy	unknown		narrator	The first night on it is genuinely surprising.
home_items.rpy	unknown		narrator	Solid frame, proper mattress. Mornings feel different.
home_items.rpy	unknown		narrator	One bulb, one switch, no shade.
home_items.rpy	unknown		narrator	Warm light instead of interrogation light.
home_items.rpy	unknown		narrator	Street light stays outside where it belongs.
home_items.rpy	unknown		narrator	Dims automatically in the evening. Faintly ridiculous, quietly great.
home_items.rpy	unknown		narrator	Loud, but the white noise helps more than the airflow.
home_items.rpy	unknown		narrator	Oscillates. Much quieter than the box fan it replaced.
home_items.rpy	unknown		narrator	Heavy to install, worth it by the first hot week.
home_items.rpy	unknown		narrator	Two of the four rings work reliably.
home_items.rpy	unknown		narrator	Real flame control and an oven that holds its temperature.
home_items.rpy	unknown		narrator	Thin bases. Everything sticks if you look away.
home_items.rpy	unknown		narrator	Heavy bottoms, even heat. Cooking stops being a fight.
home_items.rpy	unknown		narrator	Restaurant-grade. Slightly intimidating in a good way.
home_items.rpy	unknown		narrator	Fills the flat with the right smell at the right hour.
home_items.rpy	unknown		narrator	Takes practice. Makes mornings something you look forward to.
home_items.rpy	unknown		narrator	Loud for nine seconds, useful for years.
home_items.rpy	unknown		narrator	The action is high and the tuners slip. It still sings.
home_items.rpy	unknown		narrator	Warm cedar top. It rewards a light touch.
home_items.rpy	unknown		narrator	Built to be plugged in. Cuts through a noisy room.
home_items.rpy	unknown		narrator	Sixty years old. People stop walking when you play it.
home_items.rpy	unknown		narrator	Fifteen watts. Plenty for a flat with thin walls.
home_items.rpy	unknown		narrator	Clean headroom and a reverb you actually like.
home_items.rpy	unknown		narrator	The guitar is out of its case, so you pick it up more.
home_items.rpy	unknown		narrator	One knob too many, but the sound fills out beautifully.
home_items.rpy	unknown		narrator	Everything patched and velcroed down. Setup takes a minute now.
home_items.rpy	unknown		narrator	Screwdrivers, pliers, an adjustable spanner. Covers most of it.
home_items.rpy	unknown		narrator	Proper sockets in a proper case. No more improvising.
home_items.rpy	unknown		narrator	Tiny drivers, tweezers, magnifier. For the fiddly work.
home_items.rpy	unknown		narrator	Folds away. Wobbles slightly. Better than the kitchen table.
home_items.rpy	unknown		narrator	Heavy top, vice bolted on. Nothing moves while you work.
home_items.rpy	unknown		narrator	Temperature controlled. Your joints stop looking like chewing gum.
home_items.rpy	unknown		narrator	Scope, bench supply, hot air. You can see what the circuit is doing.
home_items.rpy	unknown		narrator	One cushion is flatter than the others. It seats three at a push.
home_items.rpy	unknown		narrator	Deep enough to sink into, firm enough to get back out of.
home_items.rpy	unknown		narrator	Everyone gets a corner. Nobody wants to leave.
home_items.rpy	unknown		narrator	The kind of thing people photograph without meaning to.
home_items.rpy	unknown		narrator	Fine from close up. Two people can share it.
home_items.rpy	unknown		narrator	Big enough that people stop looking at their phones.
home_items.rpy	unknown		narrator	Film night at your place became a thing people ask about.
home_items.rpy	unknown		narrator	Lights off, wall becomes a cinema. Absurd and wonderful.
home_items.rpy	unknown		narrator	Blu-tack and enthusiasm. It is a start.
home_items.rpy	unknown		narrator	Framed prints, three plants you have not killed yet.
home_items.rpy	unknown		narrator	Considered, hung straight, lit properly. It looks like a choice.
home_items.rpy	unknown		narrator	Fresh grounds every morning. A small ritual you look forward to.
home_items.rpy	unknown		narrator	Deliberately inconvenient. That is most of the appeal.
home_items.rpy	unknown		narrator	The books are off the floor. The flat reads differently.
home_items.rpy	unknown		narrator	You hear parts of songs you have known for years.
home_items.rpy	unknown		narrator	Music follows you between rooms. Occasionally mishears you.
home_items.rpy	unknown		narrator	Six pots by the window. Watering them became part of Sunday.
home_items.rpy	unknown		narrator	You bought it because you liked it. That was the whole reason.
home_items.rpy	unknown		narrator	Separates, proper speakers, one very good chair.
home_items.rpy	unknown		narrator	Pine, three legs, one wing nut that needs retightening. It holds a canvas.
home_items.rpy	unknown		narrator	Heavy, adjustable, and it does not move when you lean into a stroke.
home_items.rpy	unknown		narrator	Cartridge paper and a tin of charcoal. Fits in a bag.
home_items.rpy	unknown		narrator	Decent brushes, real pigment, canvas board by the pack.
home_items.rpy	unknown		narrator	Clean, comfortable, invisible. Works nearly everywhere.
home_items.rpy	unknown		narrator	Things that fit properly. People notice without knowing why.
home_items.rpy	unknown		narrator	The outfit that covers eighty percent of situations.
home_items.rpy	unknown		narrator	Good shoulders, honest fabric. Lifts anything underneath it.
home_items.rpy	unknown		narrator	For the rooms where being underdressed is the whole story.
home_items.rpy	unknown		narrator	Measured, adjusted, made for you. It changes how you stand.
home_items.rpy	unknown		narrator	Reads well under bad lighting. Made to be looked at.
home_items.rpy	unknown		narrator	Proper shoes and something that breathes.
home_items.rpy	unknown		narrator	Neutral, durable, meets every dress code you have met.
home_items.rpy	unknown		narrator	Quiet, mechanical, and it does not need charging.
home_items.rpy	unknown		narrator	sleep_recovery
home_items.rpy	unknown		narrator	home_social
home_items.rpy	unknown		narrator	morning_energy
home_items.rpy	unknown		narrator	summer_energy_drain
home_items.rpy	unknown		narrator	work_session_minutes
home_items.rpy	unknown		narrator	recipe_difficulty_max
home_items.rpy	unknown		narrator	confidence
home_items.rpy	unknown		narrator	appearance
home_items.rpy	unknown		narrator	art_quality_modifier
home_items.rpy	unknown		narrator	music_energy
home_items.rpy	unknown		narrator	art_quality_modifier
home_items.rpy	unknown		narrator	sleep_recovery
home_items.rpy	unknown		narrator	home_social
home_items.rpy	unknown		narrator	morning_energy
home_items.rpy	unknown		narrator	summer_energy_drain
home_items.rpy	unknown		narrator	work_session_minutes
home_items.rpy	unknown		narrator	confidence
home_items.rpy	unknown		narrator	art_quality_modifier
home_items.rpy	unknown		narrator	
home_items.rpy	unknown		narrator	old_acoustic
home_items.rpy	unknown		narrator	coffee_maker
home_items.rpy	unknown		narrator	quality_cookware
home_items.rpy	unknown		narrator	double_bed
home_items.rpy	unknown		narrator	basic_laptop
home_items.rpy	unknown		narrator	sketchbook
home_items.rpy	unknown		narrator	
home_items.rpy	unknown		narrator	
home_items.rpy	unknown		narrator	
home_items.rpy	unknown		narrator	
home_items.rpy	unknown		narrator	
home_items.rpy	unknown		narrator	
home_items.rpy	unknown		narrator	
home_items.rpy	unknown		narrator	
home_items.rpy	unknown		narrator	
home_items.rpy	unknown		narrator	
home_items.rpy	unknown		narrator	
home_items.rpy	unknown		narrator	
home_items.rpy	unknown		narrator	
home_items.rpy	unknown		narrator	
home_items.rpy	unknown		narrator	
home_items.rpy	unknown		narrator	The apartment is almost empty. Your stuff fits in two bags.
home_items.rpy	unknown		narrator	It's functional. Not much else.
home_items.rpy	unknown		narrator	It's starting to feel like somewhere you actually live.
home_items.rpy	unknown		narrator	Your apartment has a particular feel to it now.
home_items.rpy	unknown		narrator	It's a genuinely comfortable place. You notice it when you come home.
home_items.rpy	unknown		narrator	
home_items.rpy	unknown		narrator	
home_items.rpy	unknown		narrator	
home_items.rpy	unknown		narrator	
home_items.rpy	unknown		narrator	
home_items.rpy	unknown		narrator	
home_items.rpy	unknown		narrator	
home_items.rpy	unknown		narrator	
home_items.rpy	unknown		narrator	
home_items.rpy	unknown		narrator	
home_items.rpy	unknown		narrator	
home_items.rpy	unknown		narrator	
home_items.rpy	unknown		narrator	Bought: 
home_items.rpy	unknown		narrator	
home_items.rpy	unknown		narrator	
home_items.rpy	unknown		narrator	
home_items.rpy	unknown		narrator	
home_items.rpy	unknown		narrator	summer_energy_drain
home_items.rpy	unknown		narrator	
home_items.rpy	unknown		narrator	
home_items.rpy	unknown		narrator	
home_items.rpy	unknown		narrator	
home_items.rpy	unknown		narrator	
home_items_ui.rpy	unknown		narrator	poor
home_items_ui.rpy	unknown		narrator	#ffd66a
home_items_ui.rpy	unknown		text_hover_color	#ffffff
home_items_ui.rpy	unknown		scrollbars	vertical
home_items_ui.rpy	unknown		background	#12161ef8
home_items_ui.rpy	unknown		background	#1a2230
home_items_ui.rpy	unknown		background	#1a2a3a
home_items_ui.rpy	unknown		hover_background	#1e3a5f
home_items_ui.rpy	unknown		background	#1a2a3a
home_items_ui.rpy	unknown		hover_background	#1e3a5f
home_items_ui.rpy	unknown		background	#1a2a3a
home_items_ui.rpy	unknown		hover_background	#1e3a5f
home_items_ui.rpy	unknown		background	#1a2a3a
home_items_ui.rpy	unknown		hover_background	#1e3a5f
home_items_ui.rpy	unknown		narrator	You set up the [_p62_name].
home_items_ui.rpy	unknown		narrator	You buy the [_p62_name] and set it up.
home_items_ui.rpy	unknown		narrator	You buy the [_p62_name].
home_items_ui.rpy	unknown		narrator	You can't cover that right now.
home_items_ui.rpy	unknown		scrollbars	vertical
home_items_ui.rpy	unknown		scrollbars	vertical
home_items_ui.rpy	unknown		text_hover_color	#ffffff
home_items_ui.rpy	unknown		narrator	
home_items_ui.rpy	unknown		narrator	
home_items_ui.rpy	unknown		narrator	
home_items_ui.rpy	unknown		narrator	
home_items_ui.rpy	unknown		narrator	
home_items_ui.rpy	unknown		narrator	
home_items_ui.rpy	unknown		narrator	
home_items_ui.rpy	unknown		background	#0d1219f8
home_items_ui.rpy	unknown		scrollbars	vertical
home_items_ui.rpy	unknown		scrollbars	vertical
home_items_ui.rpy	unknown		text_hover_color	#ffffff
home_scenes.rpy	home_eli_side_project_scene	expression	narrator	Eli arrives at seven with a laptop bag and no preamble.
home_scenes.rpy	home_eli_side_project_scene	expression	Eli	Here's the scope: a small data pipeline. Processing is slow. I want a second read.
home_scenes.rpy	home_eli_side_project_scene	expression	narrator	You both pull up the repository. The problem is clear after ten minutes. The fix isn't.
home_scenes.rpy	home_eli_side_project_scene	expression	narrator	Work through it correctly. More time, cleaner result.
home_scenes.rpy	home_eli_side_project_scene	expression	narrator	Three hours. But when it's done it holds.
home_scenes.rpy	home_eli_side_project_scene	expression	Eli	This holds up. I'll merge it.
home_scenes.rpy	home_eli_side_project_scene	expression	narrator	Quick fix — good enough for now.
home_scenes.rpy	home_eli_side_project_scene	expression	narrator	Twenty minutes. The pipeline runs. Eli reads the diff for a long time.
home_scenes.rpy	home_eli_side_project_scene	expression	Eli	It works. It'll bite you in six months.
home_scenes.rpy	home_eli_side_project_scene	expression	Eli	But you made the call. File it.
home_scenes.rpy	home_eli_side_project_scene	expression	narrator	Close the laptops. Just talk.
home_scenes.rpy	home_eli_side_project_scene	expression	narrator	You close the laptops.
home_scenes.rpy	home_eli_side_project_scene	expression	narrator	Eli talks about the thesis. Environmental systems, policy modelling. The pipeline can wait.
home_scenes.rpy	home_eli_side_project_scene	expression	Eli	We can finish this another time. This was better.
home_scenes.rpy	home_nora_coffee_scene	expression	narrator	Nora arrives exactly at ten. She walks straight to the machine.
home_scenes.rpy	home_nora_coffee_scene	expression	Nora	How long have you owned this and not adjusted the grind size?
home_scenes.rpy	home_nora_coffee_scene	expression	narrator	She doesn't wait for an answer.
home_scenes.rpy	home_nora_coffee_scene	expression	Nora	Okay. Here's what's actually happening between the bean and the cup.
home_scenes.rpy	home_nora_coffee_scene	expression	narrator	She makes three espressos. Talks through each one.
home_scenes.rpy	home_nora_coffee_scene	expression	narrator	The third is the best coffee you've had in your apartment.
home_scenes.rpy	home_nora_coffee_scene	expression	narrator	\"How long did it take you to learn all this?\"
home_scenes.rpy	home_nora_coffee_scene	expression	Nora	Five years behind a bar. You stop noticing after a while.
home_scenes.rpy	home_nora_coffee_scene	expression	Nora	Then someone asks and you realise you do know a lot about espresso.
home_scenes.rpy	home_nora_coffee_scene	expression	narrator	Just drink and listen.
home_scenes.rpy	home_nora_coffee_scene	expression	narrator	Nora appreciates the silence. She fills it anyway.
home_scenes.rpy	home_nora_coffee_scene	expression	Nora	Someday I want my own place. People come for the coffee, not the atmosphere.
home_scenes.rpy	home_nora_coffee_scene	expression	narrator	When she leaves, your apartment smells like a proper café.
home_scenes.rpy	home_zoe_guitar_scene	expression	narrator	Zoe arrives with a sketchbook under one arm. She sits in the corner without being asked.
home_scenes.rpy	home_zoe_guitar_scene	expression	Zoe	Go on then. Prove it isn't furniture.
home_scenes.rpy	home_zoe_guitar_scene	expression	narrator	You pick up the guitar.
home_scenes.rpy	home_zoe_guitar_scene	expression	narrator	It comes out better than expected. A couple of wrong notes, then something that actually sounds like music.
home_scenes.rpy	home_zoe_guitar_scene	expression	Zoe	Okay. That was actually fine.
home_scenes.rpy	home_zoe_guitar_scene	expression	narrator	Rough around the edges. But there's something there.
home_scenes.rpy	home_zoe_guitar_scene	expression	Zoe	Not bad for someone who clearly doesn't practice enough.
home_scenes.rpy	home_zoe_guitar_scene	expression	narrator	It's bad. Not charming-bad. Just bad.
home_scenes.rpy	home_zoe_guitar_scene	expression	Zoe	This is the longest minute of my life.
home_scenes.rpy	home_zoe_guitar_scene	expression	narrator	She's smiling, though.
home_scenes.rpy	home_zoe_guitar_scene	expression	narrator	Zoe sketches while you play. You stop worrying about mistakes.
home_scenes.rpy	home_zoe_guitar_scene	expression	narrator	Ask her what she's drawing.
home_scenes.rpy	home_zoe_guitar_scene	expression	Zoe	You. Don't look yet.
home_scenes.rpy	home_zoe_guitar_scene	expression	Zoe	Okay, now.
home_scenes.rpy	home_zoe_guitar_scene	expression	narrator	A quick sketch — guitar, posture, not quite your face. Better than a photo.
home_scenes.rpy	home_zoe_guitar_scene	expression	narrator	Keep playing until she asks you to stop.
home_scenes.rpy	home_zoe_guitar_scene	expression	narrator	She doesn't ask you to stop for an hour.
home_scenes.rpy	home_dinner_invite_menu	expression	narrator	Nobody's close enough to invite over yet.
home_scenes.rpy	home_dinner_invite_menu	expression	narrator	Invite Martha (3h)
home_scenes.rpy	home_dinner_invite_menu	expression	narrator	Invite Nora (3h)
home_scenes.rpy	home_dinner_invite_menu	expression	narrator	Invite Zoe (3h)
home_scenes.rpy	home_dinner_invite_menu	expression	narrator	Invite Marcus (3h)
home_scenes.rpy	home_dinner_invite_menu	expression	narrator	Invite Dr. Lena (3h)
home_scenes.rpy	home_dinner_invite_menu	expression	narrator	Invite Kai (3h)
home_scenes.rpy	home_dinner_invite_menu	expression	narrator	Invite Eli (1.5h)
home_scenes.rpy	home_dinner_invite_menu	expression	narrator	Not tonight
home_scenes.rpy	home_dinner_scene_martha	expression	narrator	Martha arrives on time. She glances at the kitchen before she says hello.
home_scenes.rpy	home_dinner_scene_martha	expression	Martha	You're more organised than I expected.
home_scenes.rpy	home_dinner_scene_martha	expression	narrator	\"I had time to prepare.\"
home_scenes.rpy	home_dinner_scene_martha	expression	Martha	Good. Preparation is undervalued.
home_scenes.rpy	home_dinner_scene_martha	expression	narrator	\"The chaos is in the bedroom.\"
home_scenes.rpy	home_dinner_scene_martha	expression	narrator	A pause. Something that might be a smile.
home_scenes.rpy	home_dinner_scene_martha	expression	narrator	She eats without complaining. You decide that counts.
home_scenes.rpy	home_dinner_scene_martha	expression	Martha	This was a good idea. Don't tell Caroline I said that.
home_scenes.rpy	home_dinner_scene_nora	expression	narrator	Nora was a guest for exactly six minutes before she was in the kitchen.
home_scenes.rpy	home_dinner_scene_nora	expression	Nora	You were going to deglaze with water. I saw you reach for the tap.
home_scenes.rpy	home_dinner_scene_nora	expression	narrator	You were.
home_scenes.rpy	home_dinner_scene_nora	expression	Nora	Wine. Always wine. Or stock — but you don't have stock, so. Wine.
home_scenes.rpy	home_dinner_scene_nora	expression	narrator	\"I thought the host was supposed to cook.\"
home_scenes.rpy	home_dinner_scene_nora	expression	Nora	You are cooking. I'm supervising. There's a difference.
home_scenes.rpy	home_dinner_scene_nora	expression	narrator	Let her take over completely.
home_scenes.rpy	home_dinner_scene_nora	expression	narrator	The best meal you've had in your apartment. Nora doesn't mention it.
home_scenes.rpy	home_dinner_scene_nora	expression	narrator	You eat at the counter because neither of you notices the table until it's too late.
home_scenes.rpy	home_dinner_scene_zoe	expression	narrator	Zoe shows up with a bottle of something obscure and a slightly suspicious expression.
home_scenes.rpy	home_dinner_scene_zoe	expression	Zoe	This is either really good or from a petrol station. I genuinely don't know.
home_scenes.rpy	home_dinner_scene_zoe	expression	narrator	It turns out to be really good.
home_scenes.rpy	home_dinner_scene_zoe	expression	narrator	Ask her to stay longer after dinner.
home_scenes.rpy	home_dinner_scene_zoe	expression	Zoe	I wasn't planning to leave yet anyway.
home_scenes.rpy	home_dinner_scene_zoe	expression	narrator	Talk about her current project.
home_scenes.rpy	home_dinner_scene_zoe	expression	Zoe	The client wants beige. Everywhere. Functional beige.
home_scenes.rpy	home_dinner_scene_zoe	expression	Zoe	I'm going to give them functional beige and then paint something completely different at home.
home_scenes.rpy	home_dinner_scene_marcus	expression	narrator	Marcus looks around when he comes in.
home_scenes.rpy	home_dinner_scene_marcus	expression	Marcus	The place finally looks like someone lives here.
home_scenes.rpy	home_dinner_scene_marcus	expression	narrator	He means it as a compliment.
home_scenes.rpy	home_dinner_scene_marcus	expression	narrator	\"It took a while.\"
home_scenes.rpy	home_dinner_scene_marcus	expression	Marcus	That's how most things work.
home_scenes.rpy	home_dinner_scene_marcus	expression	narrator	\"Still a work in progress.\"
home_scenes.rpy	home_dinner_scene_marcus	expression	Marcus	Aren't we all.
home_scenes.rpy	home_dinner_scene_marcus	expression	narrator	He eats two portions and tells you about a construction job that went badly — somehow funny.
home_scenes.rpy	home_dinner_scene_lena	expression	narrator	Lena arrives directly from a shift. She looks tired in a way she doesn't mention.
home_scenes.rpy	home_dinner_scene_lena	expression	Dr. Lena	I should have changed. Sorry.
home_scenes.rpy	home_dinner_scene_lena	expression	narrator	\"How was the shift?\"
home_scenes.rpy	home_dinner_scene_lena	expression	Dr. Lena	Long. But there was a good outcome.
home_scenes.rpy	home_dinner_scene_lena	expression	Dr. Lena	That's the part worth remembering.
home_scenes.rpy	home_dinner_scene_lena	expression	narrator	Don't ask. Just pour her a drink.
home_scenes.rpy	home_dinner_scene_lena	expression	Dr. Lena	Thank you. I needed this.
home_scenes.rpy	home_dinner_scene_lena	expression	narrator	A quiet dinner. She relaxes slowly, like something stops running.
home_scenes.rpy	home_dinner_scene_kai	expression	narrator	Kai checks the portion size before she sits down.
home_scenes.rpy	home_dinner_scene_kai	expression	Kai	Okay, this is a real amount of food. I was worried.
home_scenes.rpy	home_dinner_scene_kai	expression	narrator	\"I made extra.\"
home_scenes.rpy	home_dinner_scene_kai	expression	Kai	Smart. I always eat extra.
home_scenes.rpy	home_dinner_scene_kai	expression	narrator	Work out the protein content together.
home_scenes.rpy	home_dinner_scene_kai	expression	Kai	Finally, someone asks the right questions.
home_scenes.rpy	home_dinner_scene_kai	expression	narrator	She pulls out her phone and calculates it.
home_scenes.rpy	home_dinner_scene_kai	expression	narrator	She eats quickly and with focus. It's somehow a compliment to the food.
home_scenes.rpy	home_dinner_scene_kai	expression	Kai	Same time next week?
home_scenes.rpy	home_dinner_scene_eli	expression	narrator	Eli arrives at exactly the time you agreed. She has brought a packet of jasmine rice.
home_scenes.rpy	home_dinner_scene_eli	expression	narrator	She looks at the table, looks at the rice, looks at you.
home_scenes.rpy	home_dinner_scene_eli	expression	Eli	I didn't think that through.
home_scenes.rpy	home_dinner_scene_eli	expression	narrator	She says it calmly. Like a bug she's just spotted.
home_scenes.rpy	home_dinner_scene_eli	expression	narrator	The meal is fine — whatever you made. Eli eats with careful attention.
home_scenes.rpy	home_dinner_scene_eli	expression	narrator	Halfway through, she notices something about your setup — the way the monitor is positioned, the cable routing on your desk, a book left out at an odd angle. She tilts her head slightly.
home_scenes.rpy	home_dinner_scene_eli	expression	Eli	You put the router there on purpose.
home_scenes.rpy	home_dinner_scene_eli	expression	narrator	It's not a question.
home_scenes.rpy	home_dinner_scene_eli	expression	narrator	\"You notice a lot.\"
home_scenes.rpy	home_dinner_scene_eli	expression	Eli	I notice most things. It's not always useful.
home_scenes.rpy	home_dinner_scene_eli	expression	narrator	A pause. She looks back at the rice, still on the counter.
home_scenes.rpy	home_dinner_scene_eli	expression	Eli	Here it is. The rice was a mistake.
home_scenes.rpy	home_dinner_scene_eli	expression	narrator	She seems genuinely pleased with this conclusion.
home_scenes.rpy	home_dinner_scene_eli	expression	narrator	Ask what she's been working on.
home_scenes.rpy	home_dinner_scene_eli	expression	Eli	The thesis chapter I've been avoiding for six weeks. I finally opened it this morning.
home_scenes.rpy	home_dinner_scene_eli	expression	Eli	Coming here felt easier. Which is probably the point.
home_scenes.rpy	home_dinner_scene_eli	expression	narrator	[[Wait and see if she says something unprompted.]]
home_scenes.rpy	home_dinner_scene_eli	expression	narrator	She does. Eventually.
home_scenes.rpy	home_dinner_scene_eli	expression	Eli	I don't come to people's homes very often. This is — it's good. Thank you.
home_scenes.rpy	home_dinner_scene_eli	expression	narrator	She says it to the table. Means it to you.
home_scenes.rpy	home_dinner_scene_eli	expression	narrator	Near the end of the meal the intellectual scaffolding drops for one sentence.
home_scenes.rpy	home_dinner_scene_eli	expression	Eli	I like it here.
home_scenes.rpy	home_dinner_scene_eli	expression	narrator	She doesn't follow it up. The jasmine rice is still on the counter.
home_scenes.rpy	scene_nora_cheap_home_cooking	expression	Nora	I had this all planned out. The hob, the timing — built around that kitchen.
home_scenes.rpy	scene_nora_cheap_home_cooking	expression	Nora	Not this one. That was a cheap-hob lesson. It doesn't translate.
home_scenes.rpy	scene_nora_cheap_home_cooking	expression	narrator	Nora arrives at six, looks at your kitchen once, and starts rearranging the worktop without asking.
home_scenes.rpy	scene_nora_cheap_home_cooking	expression	Nora	The hob's uneven. You've been compensating for the left burner without noticing.
home_scenes.rpy	scene_nora_cheap_home_cooking	expression	narrator	She's right. You have been.
home_scenes.rpy	scene_nora_cheap_home_cooking	cg_nora_cooking_cheap	Nora	Okay. Limited equipment, limited space. You work with what's there.
home_scenes.rpy	scene_nora_cheap_home_cooking	cg_nora_cooking_cheap	narrator	She moves quickly, no wasted motion. The kitchen stops looking like a problem.
home_scenes.rpy	scene_nora_cheap_home_cooking	cg_nora_cooking_cheap	narrator	Help where she lets you.
home_scenes.rpy	scene_nora_cheap_home_cooking	cg_nora_cooking_cheap	Nora	Hold this. Don't stir — just hold.
home_scenes.rpy	scene_nora_cheap_home_cooking	cg_nora_cooking_cheap	narrator	You hold. You don't stir.
home_scenes.rpy	scene_nora_cheap_home_cooking	cg_nora_cooking_cheap	narrator	Stay out of the way and watch.
home_scenes.rpy	scene_nora_cheap_home_cooking	cg_nora_cooking_cheap	narrator	You stay out of the way. It's genuinely faster.
home_scenes.rpy	scene_nora_cheap_home_cooking	cg_nora_cooking_cheap	Nora	See? The kitchen's not the problem.
home_scenes.rpy	scene_nora_cheap_home_cooking	cg_nora_cooking_cheap	narrator	The result is better than anything you've managed in here on your own.
home_scenes.rpy	scene_nora_cheap_home_cooking	cg_nora_cooking_cheap	Nora	It's a bad kitchen. But it's workable if you stop fighting it.
home_scenes.rpy	talk_followup_nora_home_coffee	cg_nora_cooking_cheap	Nora	Did you change the settings back?
home_scenes.rpy	talk_followup_nora_home_coffee	cg_nora_cooking_cheap	[mc_name]	...
home_scenes.rpy	talk_followup_nora_home_coffee	cg_nora_cooking_cheap	Nora	Right.
home_scenes.rpy	talk_followup_nora_home_coffee	cg_nora_cooking_cheap	narrator	She already knew.
home_scenes.rpy	talk_followup_eli_home_dinner	cg_nora_cooking_cheap	Eli	That dinner was unexpectedly uncomplicated.
home_scenes.rpy	talk_followup_eli_home_dinner	cg_nora_cooking_cheap	narrator	A pause.
home_scenes.rpy	talk_followup_eli_home_dinner	cg_nora_cooking_cheap	Eli	Not that I expected it to be complicated. That's not what I — 
home_scenes.rpy	talk_followup_eli_home_dinner	cg_nora_cooking_cheap	[mc_name]	I know what you meant.
home_scenes.rpy	talk_followup_eli_home_dinner	cg_nora_cooking_cheap	narrator	She doesn't confirm or deny that.
home_scenes.rpy	talk_followup_zoe_home_guitar	cg_nora_cooking_cheap	Zoe	That chord at the end. The open one.
home_scenes.rpy	talk_followup_zoe_home_guitar	cg_nora_cooking_cheap	[mc_name]	What about it?
home_scenes.rpy	talk_followup_zoe_home_guitar	cg_nora_cooking_cheap	Zoe	Nothing. I just noticed it.
home_scenes.rpy	talk_followup_zoe_home_guitar	cg_nora_cooking_cheap	narrator	She definitely noticed more than one thing.
home_upgrades.rpy	unknown		narrator	better_mattress
home_upgrades.rpy	unknown		narrator	title
home_upgrades.rpy	unknown		narrator	desc
home_upgrades.rpy	unknown		narrator	cost
home_upgrades.rpy	unknown		narrator	effect_type
home_upgrades.rpy	unknown		narrator	proper_desk
home_upgrades.rpy	unknown		narrator	title
home_upgrades.rpy	unknown		narrator	desc
home_upgrades.rpy	unknown		narrator	cost
home_upgrades.rpy	unknown		narrator	effect_type
home_upgrades.rpy	unknown		narrator	faster_internet
home_upgrades.rpy	unknown		narrator	title
home_upgrades.rpy	unknown		narrator	desc
home_upgrades.rpy	unknown		narrator	cost
home_upgrades.rpy	unknown		narrator	effect_type
home_upgrades.rpy	unknown		narrator	kitchen_equipment
home_upgrades.rpy	unknown		narrator	title
home_upgrades.rpy	unknown		narrator	desc
home_upgrades.rpy	unknown		narrator	cost
home_upgrades.rpy	unknown		narrator	effect_type
home_upgrades.rpy	unknown		narrator	acoustic_treatment
home_upgrades.rpy	unknown		narrator	title
home_upgrades.rpy	unknown		narrator	desc
home_upgrades.rpy	unknown		narrator	cost
home_upgrades.rpy	unknown		narrator	effect_type
home_upgrades.rpy	unknown		narrator	basic_home_gym
home_upgrades.rpy	unknown		narrator	title
home_upgrades.rpy	unknown		narrator	desc
home_upgrades.rpy	unknown		narrator	cost
home_upgrades.rpy	unknown		narrator	effect_type
home_upgrades.rpy	unknown		narrator	Purchased: 
home_upgrades.rpy	unknown		narrator	
home_upgrades.rpy	unknown		narrator	
home_upgrades.rpy	unknown		scrollbars	vertical
home_upgrades.rpy	unknown		text_hover_color	#ffffff
home_visits.rpy	unknown		narrator	coffee_talk
home_visits.rpy	unknown		narrator	watch_movie
home_visits.rpy	unknown		narrator	cook_together
home_visits.rpy	unknown		narrator	study_together
home_visits.rpy	unknown		narrator	play_music
home_visits.rpy	unknown		narrator	marcus
home_visits.rpy	unknown		narrator	nora
home_visits.rpy	unknown		narrator	zoe
home_visits.rpy	unknown		narrator	eli
home_visits.rpy	unknown		narrator	
home_visits.rpy	unknown		narrator	
home_visits.rpy	unknown		narrator	
home_visits.rpy	unknown		narrator	The place is comfortable enough for it.
home_visits.rpy	unknown		narrator	Your place is a genuinely nice spot to spend an evening.
home_visits.rpy	unknown		narrator	Your place is the sort of flat people are happy to be invited to.
home_visits.rpy	unknown		narrator	
home_visits.rpy	unknown		narrator	relation
home_visits.rpy	unknown		narrator	
home_visits.rpy	unknown		narrator	
home_visits.rpy	unknown		narrator	relation
home_visits.rpy	unknown		narrator	
home_visits.rpy	unknown		background	#12161ef8
hospital_arc.rpy	hosp_first_day	cg_hosp_first_day	narrator	Lena walks two steps ahead, already briefing. The ward is quieter than you expected — tired in a specific way.
hospital_arc.rpy	hosp_first_day	hospital1	Dr. Lena	Clinical assistant orientation. You're with me today — I'll walk you through the ward, then the first set of charts is yours.
hospital_arc.rpy	hosp_first_day	hospital1	Dr. Lena	Two rules. Document what you observe, not what you assume. And if you're unsure: ask once. Still unsure: ask me, not the patient.
hospital_arc.rpy	hosp_first_day	hospital1	narrator	\"What's the most important thing to get right on day one?\"
hospital_arc.rpy	hosp_first_day	hospital1	Dr. Lena	Don't fall behind on charts. Everything flows from the paperwork. If the paperwork's wrong, the treatment plan is wrong.
hospital_arc.rpy	hosp_first_day	hospital1	narrator	\"How will I know if I'm doing well?\"
hospital_arc.rpy	hosp_first_day	hospital1	Dr. Lena	You won't, at first. You'll know when something goes wrong. That's normal — it's how the skill builds.
hospital_arc.rpy	hosp_first_day	hospital1	narrator	\"Ready.\"
hospital_arc.rpy	hosp_first_day	hospital1	Dr. Lena	Good.
hospital_arc.rpy	hosp_first_day	hospital1	narrator	She's already walking.
hospital_arc.rpy	hosp_first_day	hospital1	narrator	The ward is quieter than you expected. People are tired in a specific way — not tired of being here, just tired.
hospital_arc.rpy	hosp_task_1	hospital1	narrator	The intake is complicated. Mr. Arends, 68 — chest pain, two pages of existing conditions. His daughter is in the room and gives a different medication history than he does.
hospital_arc.rpy	hosp_task_1	hospital1	Dr. Lena	I'll be observing. Document what you find. I'll come back when you've finished.
hospital_arc.rpy	hosp_task_1	cg_hosp_task_1	narrator	The chart is dense. Two accounts. You work through it.
hospital_arc.rpy	hosp_task_1	hospital1	narrator	Document both accounts, flag the discrepancy clearly.
hospital_arc.rpy	hosp_task_1	hospital1	narrator	You write up both versions side by side and mark the inconsistency. The chart is dense.
hospital_arc.rpy	hosp_task_1	hospital1	Dr. Lena	The discrepancy needs resolving before any prescriptions are written. Good catch.
hospital_arc.rpy	hosp_task_1	hospital1	narrator	Ask the patient to clarify which account is correct.
hospital_arc.rpy	hosp_task_1	hospital1	narrator	He's not sure. His daughter insists. You document her version with a note about the patient's uncertainty.
hospital_arc.rpy	hosp_task_1	hospital1	Dr. Lena	The family member's account can be more reliable. But note the uncertainty — don't resolve it for them. Keep both versions.
hospital_arc.rpy	hosp_task_1	hospital1	narrator	Document conservatively — only what you can verify.
hospital_arc.rpy	hosp_task_1	hospital1	narrator	You limit yourself to what he's confirmed. The chart is thin but clean.
hospital_arc.rpy	hosp_task_1	hospital1	Dr. Lena	In doubt, document less and flag more. You erred on the right side. Build confidence and the charts will fill out.
hospital_arc.rpy	hosp_npc1_lena	hospital1	narrator	Lena invites you along for rounds.
hospital_arc.rpy	hosp_npc1_lena	cg_hosp_npc1	narrator	At the first bed she shifts register — warmer, slower. She leans slightly. No clinical terms. He answers more completely than he had to.
hospital_arc.rpy	hosp_npc1_lena	hospital1	narrator	After the room:
hospital_arc.rpy	hosp_npc1_lena	hospital1	Dr. Lena	What did you notice?
hospital_arc.rpy	hosp_npc1_lena	hospital1	narrator	\"You didn't start with the medical questions.\"
hospital_arc.rpy	hosp_npc1_lena	hospital1	Dr. Lena	People will tell you what you need if they trust you're interested in what they're saying. The clinical picture is in what they choose to share.
hospital_arc.rpy	hosp_npc1_lena	hospital1	Dr. Lena	The textbook gives you the framework. What's in front of you is the patient.
hospital_arc.rpy	hosp_npc1_lena	hospital1	narrator	\"You seemed different in there.\"
hospital_arc.rpy	hosp_npc1_lena	hospital1	Dr. Lena	Yes.
hospital_arc.rpy	hosp_npc1_lena	hospital1	narrator	A pause, not uncomfortable.
hospital_arc.rpy	hosp_npc1_lena	hospital1	Dr. Lena	The work requires it. You'll find your version.
hospital_arc.rpy	hosp_npc1_lena	hospital1	narrator	\"How do you always know the right thing to say?\"
hospital_arc.rpy	hosp_npc1_lena	hospital1	Dr. Lena	I don't. I know how to listen well enough that they tell me.
hospital_arc.rpy	hosp_npc2_lena	cg_hosp_npc2	narrator	Room 7 was a referral from the ED that didn't stabilise in time. You weren't directly responsible — the chain was long and none of it was yours to make.
hospital_arc.rpy	hosp_npc2_lena	cg_hosp_npc2	narrator	But you were there. You charted the last observations.
hospital_arc.rpy	hosp_npc2_lena	hospital_break_room	narrator	You're in the break room, not eating, not doing anything.
hospital_arc.rpy	hosp_npc2_lena	hospital_break_room	narrator	Lena comes in. She doesn't make it a teaching moment. She sits down.
hospital_arc.rpy	hosp_npc2_lena	hospital_break_room	Dr. Lena	You'll think about this one for a while. That's how it should work.
hospital_arc.rpy	hosp_npc2_lena	hospital_break_room	narrator	Say nothing. Sit with it.
hospital_arc.rpy	hosp_npc2_lena	hospital_break_room	narrator	She doesn't leave. After a few minutes she makes tea, puts one in front of you without asking.
hospital_arc.rpy	hosp_npc2_lena	hospital_break_room	narrator	\"How do you handle it?\"
hospital_arc.rpy	hosp_npc2_lena	hospital_break_room	Dr. Lena	I put it somewhere specific. Not away — somewhere I can find it again. You learn what it means over time.
hospital_arc.rpy	hosp_npc2_lena	hospital_break_room	Dr. Lena	The ones that still sit with you after fifteen years — those are the ones that made you the doctor you are.
hospital_arc.rpy	hosp_npc2_lena	hospital_break_room	narrator	\"Was there anything else that could have been done?\"
hospital_arc.rpy	hosp_npc2_lena	hospital_break_room	narrator	She considers the question properly.
hospital_arc.rpy	hosp_npc2_lena	hospital_break_room	Dr. Lena	That's the right thing to want to know. Probably not. But go back through it when you're ready — not to find blame, to understand.
hospital_arc.rpy	hosp_review_assistant	hospital1	Dr. Lena	The escalation on that case — you chose the harder path. That's not nothing.
hospital_arc.rpy	hosp_review_assistant	hospital1	Dr. Lena	Your documentation on the ambiguous case was exactly what that situation needed.
hospital_arc.rpy	hosp_review_assistant	hospital1	Dr. Lena	You reported the mistake before I had to ask. I don't forget that.
hospital_arc.rpy	hosp_review_assistant	hospital1	Dr. Lena	Your reasoning on the hard case still concerns me. We've talked about it. Watch it doesn't happen again.
hospital_arc.rpy	hosp_review_assistant	hospital1	narrator	Lena finds you between rounds.
hospital_arc.rpy	hosp_review_assistant	hospital1	Dr. Lena	The formal notification comes through tomorrow. I wanted to tell you first.
hospital_arc.rpy	hosp_review_assistant	hospital1	Dr. Lena	You're moving to resident. The clinical director signed off this morning.
hospital_arc.rpy	hosp_review_assistant	hospital1	narrator	\"Thank you. For everything on the ward.\"
hospital_arc.rpy	hosp_review_assistant	hospital1	Dr. Lena	You did the work. I just gave you the patients.
hospital_arc.rpy	hosp_review_assistant	hospital1	narrator	\"What changes when I'm a resident?\"
hospital_arc.rpy	hosp_review_assistant	hospital1	Dr. Lena	More decisions are yours to make. More of the picture is yours to read. The paperwork expands.
hospital_arc.rpy	hosp_review_assistant	hospital1	Dr. Lena	The part that doesn't change: you still ask when you're uncertain.
hospital_arc.rpy	hosp_review_assistant	hospital1	narrator	\"What should I be ready for?\"
hospital_arc.rpy	hosp_review_assistant	hospital1	Dr. Lena	The patients are the same. Your relationship to what they need — that shifts. Take it one day.
hospital_arc.rpy	wev_hosp_case_presentation	hospital1	narrator	Morning rounds. The attending asks you to present the new admission's case.
hospital_arc.rpy	wev_hosp_case_presentation	hospital1	narrator	You've read the chart. Halfway through you stumble — the imaging contradicts the blood panel. You hadn't noticed.
hospital_arc.rpy	wev_hosp_case_presentation	hospital1	Dr. Lena	Take your time.
hospital_arc.rpy	wev_hosp_case_presentation	hospital1	narrator	Acknowledge the discrepancy and keep presenting.
hospital_arc.rpy	wev_hosp_case_presentation	hospital1	narrator	\"The imaging and the bloods don't align — flagged for follow-up. Working hypothesis is...\"
hospital_arc.rpy	wev_hosp_case_presentation	hospital1	narrator	The attending nods. Lena says nothing. Her silence is specific.
hospital_arc.rpy	wev_hosp_case_presentation	hospital1	narrator	Rush through it and hope nobody notices.
hospital_arc.rpy	wev_hosp_case_presentation	hospital1	narrator	The attending notices. The follow-up question lands exactly where you didn't want it to.
hospital_arc.rpy	wev_hosp_overtime_call	hospital1	narrator	A nurse coordinator at 4pm: \"Orla called in sick. Can you stay until nine?\"
hospital_arc.rpy	wev_hosp_overtime_call	hospital1	narrator	Stay.
hospital_arc.rpy	wev_hosp_overtime_call	hospital1	narrator	You're already flagging but you say yes.
hospital_arc.rpy	wev_hosp_overtime_call	hospital1	narrator	It shows by the end. A senior nurse quietly takes over your last chart.
hospital_arc.rpy	wev_hosp_overtime_call	hospital1	narrator	Four more hours. Harder than the first eight, but manageable.
hospital_arc.rpy	wev_hosp_overtime_call	hospital1	narrator	You can't tonight.
hospital_arc.rpy	wev_hosp_overtime_call	hospital1	narrator	\"No problem. We'll manage.\"
hospital_arc.rpy	wev_hosp_overtime_call	hospital1	narrator	They will.
hospital_arc.rpy	hospital_hard_case_scene	hospital1	narrator	A patient's condition changes halfway through an otherwise routine case.
hospital_arc.rpy	hospital_hard_case_scene	hospital1	narrator	The signs are concerning — but ambiguous. Borderline readings, no clear pattern yet.
hospital_arc.rpy	hospital_hard_case_scene	hospital1	narrator	Another staff member leans in.
hospital_arc.rpy	hospital_hard_case_scene	hospital1	narrator	Staff
hospital_arc.rpy	hospital_hard_case_scene	hospital1	narrator	Lena is occupied on the other side of the ward.
hospital_arc.rpy	hospital_hard_case_scene	hospital1	narrator	Stop the procedure and escalate immediately.
hospital_arc.rpy	hospital_hard_case_scene	hospital1	[mc_name]	We stop here. I'm calling for senior review.
hospital_arc.rpy	hospital_hard_case_scene	hospital1	narrator	Staff
hospital_arc.rpy	hospital_hard_case_scene	hospital1	[mc_name]	We're not waiting to find out.
hospital_arc.rpy	hospital_hard_case_scene	hospital1	narrator	The procedure halts. The review is requested.
hospital_arc.rpy	hospital_hard_case_scene	hospital1	narrator	Pause, reassess, and document the change before deciding.
hospital_arc.rpy	hospital_hard_case_scene	hospital1	[mc_name]	Hold on. Let me document what we're seeing and request a second opinion before we continue.
hospital_arc.rpy	hospital_hard_case_scene	hospital1	narrator	The staff member steps back. You record the change in full.
hospital_arc.rpy	hospital_hard_case_scene	hospital1	narrator	Within the hour, a senior reviews the case.
hospital_arc.rpy	hospital_hard_case_scene	hospital1	narrator	Continue the routine process — the concern is probably minor.
hospital_arc.rpy	hospital_hard_case_scene	hospital1	[mc_name]	It's likely just a variation. Let's continue.
hospital_arc.rpy	hospital_hard_case_scene	hospital1	narrator	Staff
hospital_arc.rpy	hospital_hard_case_scene	hospital1	narrator	You continue. The patient requires additional intervention later in the shift.
hospital_arc.rpy	hospital_hard_case_followup	hospital1	narrator	The patient from the earlier case received attention sooner because of the escalation.
hospital_arc.rpy	hospital_hard_case_followup	hospital1	Dr. Lena	The decision to stop was correct. The reading was early but the pattern was real.
hospital_arc.rpy	hospital_hard_case_followup	hospital1	[mc_name]	I wasn't certain at the time.
hospital_arc.rpy	hospital_hard_case_followup	hospital1	Dr. Lena	You didn't need to be certain. You needed to be concerned enough to stop. You were.
hospital_arc.rpy	hospital_hard_case_followup	hospital1	narrator	The documentation from your hold became part of the case record.
hospital_arc.rpy	hospital_hard_case_followup	hospital1	Dr. Lena	Your notes captured the change clearly. That's what supported the later decision.
hospital_arc.rpy	hospital_hard_case_followup	hospital1	[mc_name]	I wasn't sure stopping was right at the time.
hospital_arc.rpy	hospital_hard_case_followup	hospital1	Dr. Lena	The documentation made the choice defensible. That's the point of it.
hospital_arc.rpy	hospital_hard_case_followup	hospital1	narrator	Two additional interventions were required after you continued the routine process.
hospital_arc.rpy	hospital_hard_case_followup	hospital1	Dr. Lena	You saw the case update?
hospital_arc.rpy	hospital_hard_case_followup	hospital1	[mc_name]	Yes.
hospital_arc.rpy	hospital_hard_case_followup	hospital1	narrator	She waits.
hospital_arc.rpy	hospital_hard_case_followup	hospital1	narrator	Report the mistake before Lena asks.
hospital_arc.rpy	hospital_hard_case_followup	hospital1	[mc_name]	I got it wrong. The signs were concerning and I kept going.
hospital_arc.rpy	hospital_hard_case_followup	hospital1	narrator	Lena doesn't move to reassure.
hospital_arc.rpy	hospital_hard_case_followup	hospital1	Dr. Lena	What would you do now?
hospital_arc.rpy	hospital_hard_case_followup	hospital1	[mc_name]	Stop. Document. Call for review.
hospital_arc.rpy	hospital_hard_case_followup	hospital1	Dr. Lena	Then you've learned it. The hard way costs more, but it stays.
hospital_arc.rpy	hospital_hard_case_followup	hospital1	narrator	Wait and defend the original reasoning.
hospital_arc.rpy	hospital_hard_case_followup	hospital1	[mc_name]	The readings were ambiguous. I made a reasonable call with what I had.
hospital_arc.rpy	hospital_hard_case_followup	hospital1	Dr. Lena	Sharp enough to notice. Not decisive enough to act on it.
hospital_arc.rpy	hospital_hard_case_followup	hospital1	[mc_name]	I—
hospital_arc.rpy	hospital_hard_case_followup	hospital1	Dr. Lena	We continue. But this will weigh on how I assess your readiness.
hud.rpy	unknown		tooltip	Your stats, skills, work and assets.
hud.rpy	unknown		font	fonts/Quicksand-SemiBold.ttf
hud.rpy	unknown		font	fonts/Quicksand-SemiBold.ttf
hud_v2.rpy	unknown		narrator	bg
hud_v2.rpy	unknown		narrator	bg_hover
hud_v2.rpy	unknown		narrator	border
hud_v2.rpy	unknown		narrator	radius
hud_v2.rpy	unknown		narrator	font
hud_v2.rpy	unknown		narrator	text_primary
hud_v2.rpy	unknown		narrator	text_secondary
hud_v2.rpy	unknown		narrator	text_cap
hud_v2.rpy	unknown		narrator	money_color
hud_v2.rpy	unknown		narrator	energy_color
hud_v2.rpy	unknown		narrator	hunger_color
hud_v2.rpy	unknown		narrator	hygiene_color
hud_v2.rpy	unknown		narrator	state_color
hud_v2.rpy	unknown		narrator	warn_color
hud_v2.rpy	unknown		narrator	bar_track
hud_v2.rpy	unknown		narrator	bar_w_compact
hud_v2.rpy	unknown		narrator	bar_h_compact
hud_v2.rpy	unknown		narrator	bar_w_expanded
hud_v2.rpy	unknown		narrator	bar_h_expanded
hud_v2.rpy	unknown		narrator	divider
hud_v2.rpy	unknown		narrator	left_x
hud_v2.rpy	unknown		narrator	top_y
hud_v2.rpy	unknown		narrator	island_h
hud_v2.rpy	unknown		narrator	left_w
hud_v2.rpy	unknown		narrator	right_w
hud_v2.rpy	unknown		narrator	right_margin
hud_v2.rpy	unknown		narrator	me_w
hud_v2.rpy	unknown		narrator	pad_x
hud_v2.rpy	unknown		narrator	pad_y
hud_v2.rpy	unknown		narrator	seg_w
hud_v2.rpy	unknown		narrator	seg_gap
hud_v2.rpy	unknown		narrator	panel_y
hud_v2.rpy	unknown		narrator	panel_w
hud_v2.rpy	unknown		narrator	panel_w_wide
hud_v2.rpy	unknown		narrator	
hud_v2.rpy	unknown		narrator	money
hud_v2.rpy	unknown		narrator	energy
hud_v2.rpy	unknown		narrator	hunger
hud_v2.rpy	unknown		narrator	wellbeing
hud_v2.rpy	unknown		narrator	hygiene
hud_v2.rpy	unknown		narrator	calendar
hud_v2.rpy	unknown		narrator	clock
hud_v2.rpy	unknown		narrator	location
hud_v2.rpy	unknown		narrator	map
hud_v2.rpy	unknown		narrator	focused
hud_v2.rpy	unknown		narrator	inspired
hud_v2.rpy	unknown		narrator	confident
hud_v2.rpy	unknown		narrator	stressed
hud_v2.rpy	unknown		narrator	lonely
hud_v2.rpy	unknown		narrator	reputation
hud_v2.rpy	unknown		narrator	followers
hud_v2.rpy	unknown		narrator	expand
hud_v2.rpy	unknown		narrator	
hud_v2.rpy	unknown		narrator	
hud_v2.rpy	unknown		narrator	id
hud_v2.rpy	unknown		narrator	title
hud_v2.rpy	unknown		narrator	desc
hud_v2.rpy	unknown		narrator	days_left
hud_v2.rpy	unknown		narrator	icon
hud_v2.rpy	unknown		narrator	
hud_v2.rpy	unknown		narrator	
hud_v2.rpy	unknown		narrator	
hud_v2.rpy	unknown		narrator	
hud_v2.rpy	unknown		narrator	
hud_v2.rpy	unknown		narrator	
hud_v2.rpy	unknown		tooltip	Day, time, location - and who is here.
hud_v2.rpy	unknown		narrator	Cash on hand.
hud_v2.rpy	unknown		narrator	Energy - sleep to refill. Below 20 blocks demanding activities.
hud_v2.rpy	unknown		narrator	Hunger - eat at home or order from your phone.
hud_v2.rpy	unknown		narrator	Hygiene - shower at home to refill. Below 60 reduces Appearance.
hud_v2.rpy	unknown		narrator	STATE
hud_v2.rpy	unknown		narrator	Temporary states affecting you.
images.rpy	unknown		narrator	cheaphouse_day
images.rpy	unknown		narrator	goodhomeday
images.rpy	unknown		narrator	cafeday
images.rpy	unknown		narrator	gymdaypeople
images.rpy	unknown		narrator	libraryday
images.rpy	unknown		narrator	mallday
images.rpy	unknown		narrator	parkday
images.rpy	unknown		narrator	goodoffice1
images.rpy	unknown		narrator	warehouse
images.rpy	unknown		narrator	centerstreet_day
images.rpy	unknown		narrator	bank_day
images.rpy	unknown		narrator	cardealer_day
images.rpy	unknown		narrator	casino_night
images.rpy	unknown		narrator	sandbeach_day
images.rpy	unknown		narrator	sandbeach_swim_day
images.rpy	unknown		narrator	gym_reception
images.rpy	unknown		narrator	college_study
images.rpy	unknown		narrator	park_readbook_day
images.rpy	unknown		narrator	park_jog_day
images.rpy	unknown		narrator	library_study_day
images.rpy	unknown		narrator	cg_cul_crisis_rush
images.rpy	unknown		narrator	cg_cul_crisis_sauce_closeup
images.rpy	unknown		narrator	cg_cul_crisis_rena_notices
images.rpy	unknown		narrator	cg_cul_crisis_admit
images.rpy	unknown		narrator	cg_cul_crisis_clean_send
images.rpy	unknown		narrator	cg_cul_crisis_solo_attempt
images.rpy	unknown		narrator	cg_cul_crisis_solo_failure
images.rpy	unknown		narrator	cg_cul_crisis_stop_pass
images.rpy	unknown		narrator	cg_cul_crisis_delayed_send
images.rpy	unknown		narrator	cg_cul_crisis_send_anyway
images.rpy	unknown		narrator	cg_cul_crisis_returned_plate
images.rpy	unknown		narrator	cg_cul_crisis_last_ticket
images.rpy	unknown		narrator	cg_cul_crisis_after_good
images.rpy	unknown		narrator	cg_cul_crisis_after_bad
images.rpy	unknown		narrator	nora_rent_4a
images.rpy	unknown		narrator	sam_gym_5a
images.rpy	unknown		narrator	intro_scene4
images.rpy	unknown		fit	contain
images.rpy	unknown		fit	contain
images.rpy	unknown		fit	contain
images.rpy	unknown		fit	contain
images.rpy	unknown		fit	contain
images.rpy	unknown		fit	contain
images.rpy	unknown		fit	contain
images.rpy	unknown		fit	contain
images.rpy	unknown		fit	contain
images.rpy	unknown		fit	contain
images.rpy	unknown		fit	contain
images.rpy	unknown		fit	contain
images.rpy	unknown		fit	contain
images.rpy	unknown		fit	contain
interact.rpy	unknown		narrator	marcus
interact.rpy	unknown		narrator	sam
interact.rpy	unknown		narrator	kai
interact.rpy	unknown		narrator	sam
interact.rpy	unknown		narrator	
interact.rpy	unknown		narrator	nora
interact.rpy	unknown		narrator	name
interact.rpy	unknown		narrator	sprite_angry
interact.rpy	unknown		narrator	aff
interact.rpy	unknown		narrator	sprites
interact.rpy	unknown		narrator	world
interact.rpy	unknown		narrator	sched
interact.rpy	unknown		narrator	likes
interact.rpy	unknown		narrator	topic_arcs
interact.rpy	unknown		narrator	food
interact.rpy	unknown		narrator	ambition
interact.rpy	unknown		narrator	marcus
interact.rpy	unknown		narrator	name
interact.rpy	unknown		narrator	aff
interact.rpy	unknown		narrator	sprites
interact.rpy	unknown		narrator	world
interact.rpy	unknown		narrator	likes
interact.rpy	unknown		narrator	topic_arcs
interact.rpy	unknown		narrator	sports
interact.rpy	unknown		narrator	food
interact.rpy	unknown		narrator	caroline
interact.rpy	unknown		narrator	name
interact.rpy	unknown		narrator	aff
interact.rpy	unknown		narrator	met
interact.rpy	unknown		narrator	likes
interact.rpy	unknown		narrator	lena
interact.rpy	unknown		narrator	name
interact.rpy	unknown		narrator	aff
interact.rpy	unknown		narrator	met
interact.rpy	unknown		narrator	likes
interact.rpy	unknown		narrator	natalie
interact.rpy	unknown		narrator	name
interact.rpy	unknown		narrator	aff
interact.rpy	unknown		narrator	met
interact.rpy	unknown		narrator	likes
interact.rpy	unknown		narrator	martha
interact.rpy	unknown		narrator	name
interact.rpy	unknown		narrator	aff
interact.rpy	unknown		narrator	sprites
interact.rpy	unknown		narrator	met
interact.rpy	unknown		narrator	sched
interact.rpy	unknown		narrator	likes
interact.rpy	unknown		narrator	elle
interact.rpy	unknown		narrator	name
interact.rpy	unknown		narrator	aff
interact.rpy	unknown		narrator	world
interact.rpy	unknown		narrator	likes
interact.rpy	unknown		narrator	topic_arcs
interact.rpy	unknown		narrator	travel
interact.rpy	unknown		narrator	zoe
interact.rpy	unknown		narrator	name
interact.rpy	unknown		narrator	sprite_angry
interact.rpy	unknown		narrator	aff
interact.rpy	unknown		narrator	world
interact.rpy	unknown		narrator	likes
interact.rpy	unknown		narrator	topic_arcs
interact.rpy	unknown		narrator	art
interact.rpy	unknown		narrator	music
interact.rpy	unknown		narrator	sam
interact.rpy	unknown		narrator	name
interact.rpy	unknown		narrator	aff
interact.rpy	unknown		narrator	world
interact.rpy	unknown		narrator	likes
interact.rpy	unknown		narrator	eli
interact.rpy	unknown		narrator	name
interact.rpy	unknown		narrator	sprite_angry
interact.rpy	unknown		narrator	aff
interact.rpy	unknown		narrator	world
interact.rpy	unknown		narrator	likes
interact.rpy	unknown		narrator	topic_arcs
interact.rpy	unknown		narrator	work
interact.rpy	unknown		narrator	kai
interact.rpy	unknown		narrator	name
interact.rpy	unknown		narrator	aff
interact.rpy	unknown		narrator	sprites
interact.rpy	unknown		narrator	world
interact.rpy	unknown		narrator	likes
interact.rpy	unknown		narrator	rena
interact.rpy	unknown		narrator	name
interact.rpy	unknown		narrator	sprite
interact.rpy	unknown		narrator	sprites
interact.rpy	unknown		narrator	aff
interact.rpy	unknown		narrator	met
interact.rpy	unknown		narrator	sched
interact.rpy	unknown		narrator	
interact.rpy	unknown		narrator	sprite
interact.rpy	unknown		narrator	
interact.rpy	unknown		narrator	%s? Now you're speaking my language.
interact.rpy	unknown		narrator	Okay, %s - finally, someone with taste.
interact.rpy	unknown		narrator	Don't get me started on %s. I could go all day.
interact.rpy	unknown		narrator	%s? Sure, it's fine, I guess.
interact.rpy	unknown		narrator	Eh, no strong feelings on %s either way.
interact.rpy	unknown		narrator	%s, huh. It's alright.
interact.rpy	unknown		narrator	%s? Hard pass, honestly.
interact.rpy	unknown		narrator	Ugh, %s. Really not my thing.
interact.rpy	unknown		narrator	Let's talk about literally anything but %s.
interact.rpy	unknown		narrator	Alex, how much can we talk about %s? Can we please change the subject?
interact.rpy	unknown		narrator	...%s again. I need you to surprise me here.
interact.rpy	unknown		narrator	We've covered %s like ten times now. Let's try something else.
interact.rpy	unknown		narrator	
interact.rpy	unknown		narrator	source
interact.rpy	unknown		narrator	trigger_day
interact.rpy	unknown		narrator	
interact.rpy	unknown		narrator	location_cafe
interact.rpy	unknown		narrator	location_bar
interact.rpy	unknown		narrator	location_gym
interact.rpy	unknown		narrator	location_park
interact.rpy	unknown		narrator	location_beach
interact.rpy	unknown		narrator	location_library
interact.rpy	unknown		narrator	location_nightclub
interact.rpy	unknown		narrator	location_hospital
interact.rpy	unknown		narrator	location_warehouse
interact.rpy	unknown		narrator	location_office
interact.rpy	unknown		narrator	location_hub
interact.rpy	unknown		narrator	location_nadbrzeze
interact.rpy	unknown		narrator	location_anchor
interact.rpy	unknown		narrator	
interact.rpy	unknown		narrator	
interact.rpy	unknown		narrator	
interact.rpy	unknown		narrator	
interact.rpy	unknown		narrator	
interact.rpy	unknown		narrator	
interact.rpy	unknown		narrator	
interact.rpy	unknown		narrator	
interact.rpy	unknown		narrator	
interact.rpy	unknown		narrator	
interact.rpy	unknown		narrator	like
interact.rpy	unknown		narrator	dislike
interact.rpy	unknown		narrator	neutral
interact.rpy	unknown		narrator	angry
interact.rpy	unknown		narrator	laugh
interact.rpy	unknown		narrator	talk
interact.rpy	unknown		narrator	
interact.rpy	unknown		narrator	
interact.rpy	unknown		narrator	%s glances at you, then pointedly looks away. Not today.
interact.rpy	unknown		narrator	%s pretends not to hear you and drifts off.
interact.rpy	unknown		narrator	%s gives you a quick once-over and keeps walking.
interact.rpy	unknown		narrator	You start to say something - %s is already somewhere else. \"...\"
interact.rpy	unknown		narrator	
interact.rpy	unknown		narrator	book
interact.rpy	unknown		narrator	sweets
interact.rpy	unknown		narrator	gadget
interact.rpy	unknown		narrator	flowers
interact.rpy	unknown		narrator	book
interact.rpy	unknown		narrator	sweets
interact.rpy	unknown		narrator	gadget
interact.rpy	unknown		narrator	flowers
interact.rpy	unknown		narrator	book
interact.rpy	unknown		narrator	sweets
interact.rpy	unknown		narrator	gadget
interact.rpy	unknown		narrator	flowers
interact.rpy	unknown		narrator	book
interact.rpy	unknown		narrator	sweets
interact.rpy	unknown		narrator	gadget
interact.rpy	unknown		narrator	flowers
interact.rpy	unknown		narrator	martha
interact.rpy	unknown		narrator	min_aff
interact.rpy	unknown		narrator	first
interact.rpy	unknown		narrator	warm
interact.rpy	unknown		narrator	repeat
interact.rpy	unknown		narrator	too_soon
interact.rpy	unknown		narrator	low_affection
interact.rpy	unknown		narrator	low_trust
interact.rpy	unknown		narrator	aff_gain
interact.rpy	unknown		narrator	nora
interact.rpy	unknown		narrator	min_aff
interact.rpy	unknown		narrator	first
interact.rpy	unknown		narrator	warm
interact.rpy	unknown		narrator	repeat
interact.rpy	unknown		narrator	too_soon
interact.rpy	unknown		narrator	low_affection
interact.rpy	unknown		narrator	low_trust
interact.rpy	unknown		narrator	aff_gain
interact.rpy	unknown		narrator	zoe
interact.rpy	unknown		narrator	min_aff
interact.rpy	unknown		narrator	first
interact.rpy	unknown		narrator	warm
interact.rpy	unknown		narrator	repeat
interact.rpy	unknown		narrator	too_soon
interact.rpy	unknown		narrator	low_affection
interact.rpy	unknown		narrator	low_trust
interact.rpy	unknown		narrator	aff_gain
interact.rpy	unknown		narrator	eli
interact.rpy	unknown		narrator	min_aff
interact.rpy	unknown		narrator	first
interact.rpy	unknown		narrator	warm
interact.rpy	unknown		narrator	repeat
interact.rpy	unknown		narrator	too_soon
interact.rpy	unknown		narrator	low_affection
interact.rpy	unknown		narrator	low_trust
interact.rpy	unknown		narrator	aff_gain
interact.rpy	unknown		narrator	lena
interact.rpy	unknown		narrator	min_aff
interact.rpy	unknown		narrator	first
interact.rpy	unknown		narrator	warm
interact.rpy	unknown		narrator	repeat
interact.rpy	unknown		narrator	too_soon
interact.rpy	unknown		narrator	low_affection
interact.rpy	unknown		narrator	low_trust
interact.rpy	unknown		narrator	aff_gain
interact.rpy	unknown		narrator	marcus
interact.rpy	unknown		narrator	min_aff
interact.rpy	unknown		narrator	first
interact.rpy	unknown		narrator	warm
interact.rpy	unknown		narrator	repeat
interact.rpy	unknown		narrator	too_soon
interact.rpy	unknown		narrator	low_affection
interact.rpy	unknown		narrator	low_trust
interact.rpy	unknown		narrator	aff_gain
interact.rpy	unknown		narrator	kai
interact.rpy	unknown		narrator	min_aff
interact.rpy	unknown		narrator	first
interact.rpy	unknown		narrator	warm
interact.rpy	unknown		narrator	repeat
interact.rpy	unknown		narrator	too_soon
interact.rpy	unknown		narrator	low_affection
interact.rpy	unknown		narrator	low_trust
interact.rpy	unknown		narrator	aff_gain
interact.rpy	unknown		narrator	natalie
interact.rpy	unknown		narrator	min_aff
interact.rpy	unknown		narrator	first
interact.rpy	unknown		narrator	warm
interact.rpy	unknown		narrator	repeat
interact.rpy	unknown		narrator	too_soon
interact.rpy	unknown		narrator	low_affection
interact.rpy	unknown		narrator	low_trust
interact.rpy	unknown		narrator	aff_gain
interact.rpy	unknown		narrator	caroline
interact.rpy	unknown		narrator	min_aff
interact.rpy	unknown		narrator	first
interact.rpy	unknown		narrator	warm
interact.rpy	unknown		narrator	repeat
interact.rpy	unknown		narrator	too_soon
interact.rpy	unknown		narrator	low_affection
interact.rpy	unknown		narrator	low_trust
interact.rpy	unknown		narrator	aff_gain
interact.rpy	unknown		narrator	elle
interact.rpy	unknown		narrator	min_aff
interact.rpy	unknown		narrator	first
interact.rpy	unknown		narrator	warm
interact.rpy	unknown		narrator	repeat
interact.rpy	unknown		narrator	too_soon
interact.rpy	unknown		narrator	low_affection
interact.rpy	unknown		narrator	low_trust
interact.rpy	unknown		narrator	aff_gain
interact.rpy	unknown		narrator	sam
interact.rpy	unknown		narrator	min_aff
interact.rpy	unknown		narrator	first
interact.rpy	unknown		narrator	warm
interact.rpy	unknown		narrator	repeat
interact.rpy	unknown		narrator	too_soon
interact.rpy	unknown		narrator	low_affection
interact.rpy	unknown		narrator	low_trust
interact.rpy	unknown		narrator	aff_gain
interact.rpy	unknown		narrator	
interact.rpy	unknown		narrator	
interact.rpy	unknown		narrator	
interact.rpy	unknown		narrator	nora
interact.rpy	unknown		narrator	min_aff
interact.rpy	unknown		narrator	romance_flag
interact.rpy	unknown		narrator	valid_contexts
interact.rpy	unknown		narrator	warm_after_days
interact.rpy	unknown		narrator	first_kiss
interact.rpy	unknown		narrator	repeat
interact.rpy	unknown		narrator	warm
interact.rpy	unknown		narrator	too_soon
interact.rpy	unknown		narrator	low_affection
interact.rpy	unknown		narrator	low_trust
interact.rpy	unknown		narrator	romance_locked
interact.rpy	unknown		narrator	romance_unopened
interact.rpy	unknown		narrator	romance_friends
interact.rpy	unknown		narrator	romance_paused
interact.rpy	unknown		narrator	romance_closed
interact.rpy	unknown		narrator	wrong_context
interact.rpy	unknown		narrator	aff_gain
interact.rpy	unknown		narrator	marcus
interact.rpy	unknown		narrator	min_aff
interact.rpy	unknown		narrator	romance_flag
interact.rpy	unknown		narrator	valid_contexts
interact.rpy	unknown		narrator	first_kiss
interact.rpy	unknown		narrator	too_soon
interact.rpy	unknown		narrator	low_affection
interact.rpy	unknown		narrator	low_trust
interact.rpy	unknown		narrator	romance_locked
interact.rpy	unknown		narrator	romance_unavailable
interact.rpy	unknown		narrator	wrong_context
interact.rpy	unknown		narrator	aff_gain
interact.rpy	unknown		narrator	caroline
interact.rpy	unknown		narrator	min_aff
interact.rpy	unknown		narrator	romance_flag
interact.rpy	unknown		narrator	valid_contexts
interact.rpy	unknown		narrator	warm_after_days
interact.rpy	unknown		narrator	first_kiss
interact.rpy	unknown		narrator	repeat
interact.rpy	unknown		narrator	warm
interact.rpy	unknown		narrator	too_soon
interact.rpy	unknown		narrator	low_affection
interact.rpy	unknown		narrator	low_trust
interact.rpy	unknown		narrator	romance_locked
interact.rpy	unknown		narrator	romance_unopened
interact.rpy	unknown		narrator	romance_friends
interact.rpy	unknown		narrator	romance_paused
interact.rpy	unknown		narrator	romance_closed
interact.rpy	unknown		narrator	wrong_context
interact.rpy	unknown		narrator	aff_gain
interact.rpy	unknown		narrator	aff_pen_low_aff
interact.rpy	unknown		narrator	aff_pen_low_trust
interact.rpy	unknown		narrator	aff_pen_romance_locked
interact.rpy	unknown		narrator	lena
interact.rpy	unknown		narrator	min_aff
interact.rpy	unknown		narrator	romance_flag
interact.rpy	unknown		narrator	valid_contexts
interact.rpy	unknown		narrator	warm_after_days
interact.rpy	unknown		narrator	first_kiss
interact.rpy	unknown		narrator	repeat
interact.rpy	unknown		narrator	warm
interact.rpy	unknown		narrator	too_soon
interact.rpy	unknown		narrator	low_affection
interact.rpy	unknown		narrator	low_trust
interact.rpy	unknown		narrator	romance_locked
interact.rpy	unknown		narrator	romance_unopened
interact.rpy	unknown		narrator	romance_friends
interact.rpy	unknown		narrator	romance_paused
interact.rpy	unknown		narrator	romance_closed
interact.rpy	unknown		narrator	wrong_context
interact.rpy	unknown		narrator	aff_gain
interact.rpy	unknown		narrator	aff_pen_low_aff
interact.rpy	unknown		narrator	aff_pen_low_trust
interact.rpy	unknown		narrator	natalie
interact.rpy	unknown		narrator	min_aff
interact.rpy	unknown		narrator	romance_flag
interact.rpy	unknown		narrator	valid_contexts
interact.rpy	unknown		narrator	first_kiss
interact.rpy	unknown		narrator	too_soon
interact.rpy	unknown		narrator	low_affection
interact.rpy	unknown		narrator	low_trust
interact.rpy	unknown		narrator	romance_locked
interact.rpy	unknown		narrator	wrong_context
interact.rpy	unknown		narrator	aff_gain
interact.rpy	unknown		narrator	aff_pen_low_aff
interact.rpy	unknown		narrator	aff_pen_low_trust
interact.rpy	unknown		narrator	martha
interact.rpy	unknown		narrator	min_aff
interact.rpy	unknown		narrator	romance_flag
interact.rpy	unknown		narrator	valid_contexts
interact.rpy	unknown		narrator	too_soon
interact.rpy	unknown		narrator	low_affection
interact.rpy	unknown		narrator	low_trust
interact.rpy	unknown		narrator	romance_locked
interact.rpy	unknown		narrator	romance_unopened
interact.rpy	unknown		narrator	romance_friends
interact.rpy	unknown		narrator	romance_paused
interact.rpy	unknown		narrator	romance_closed
interact.rpy	unknown		narrator	first_kiss
interact.rpy	unknown		narrator	repeat
interact.rpy	unknown		narrator	warm
interact.rpy	unknown		narrator	wrong_context
interact.rpy	unknown		narrator	aff_gain
interact.rpy	unknown		narrator	aff_pen_low_aff
interact.rpy	unknown		narrator	aff_pen_low_trust
interact.rpy	unknown		narrator	aff_pen_romance_locked
interact.rpy	unknown		narrator	warm_after_days
interact.rpy	unknown		narrator	elle
interact.rpy	unknown		narrator	min_aff
interact.rpy	unknown		narrator	romance_flag
interact.rpy	unknown		narrator	valid_contexts
interact.rpy	unknown		narrator	warm_after_days
interact.rpy	unknown		narrator	first_kiss
interact.rpy	unknown		narrator	repeat
interact.rpy	unknown		narrator	warm
interact.rpy	unknown		narrator	too_soon
interact.rpy	unknown		narrator	low_affection
interact.rpy	unknown		narrator	low_trust
interact.rpy	unknown		narrator	romance_locked
interact.rpy	unknown		narrator	romance_unopened
interact.rpy	unknown		narrator	romance_friends
interact.rpy	unknown		narrator	romance_paused
interact.rpy	unknown		narrator	romance_closed
interact.rpy	unknown		narrator	wrong_context
interact.rpy	unknown		narrator	aff_gain
interact.rpy	unknown		narrator	zoe
interact.rpy	unknown		narrator	min_aff
interact.rpy	unknown		narrator	romance_flag
interact.rpy	unknown		narrator	valid_contexts
interact.rpy	unknown		narrator	warm_after_days
interact.rpy	unknown		narrator	first_kiss
interact.rpy	unknown		narrator	repeat
interact.rpy	unknown		narrator	warm
interact.rpy	unknown		narrator	too_soon
interact.rpy	unknown		narrator	low_affection
interact.rpy	unknown		narrator	low_trust
interact.rpy	unknown		narrator	romance_locked
interact.rpy	unknown		narrator	romance_unopened
interact.rpy	unknown		narrator	romance_friends
interact.rpy	unknown		narrator	romance_paused
interact.rpy	unknown		narrator	romance_closed
interact.rpy	unknown		narrator	wrong_context
interact.rpy	unknown		narrator	aff_gain
interact.rpy	unknown		narrator	aff_pen_low_aff
interact.rpy	unknown		narrator	aff_pen_low_trust
interact.rpy	unknown		narrator	sam
interact.rpy	unknown		narrator	min_aff
interact.rpy	unknown		narrator	romance_flag
interact.rpy	unknown		narrator	valid_contexts
interact.rpy	unknown		narrator	first_kiss
interact.rpy	unknown		narrator	too_soon
interact.rpy	unknown		narrator	low_affection
interact.rpy	unknown		narrator	low_trust
interact.rpy	unknown		narrator	romance_locked
interact.rpy	unknown		narrator	romance_unavailable
interact.rpy	unknown		narrator	wrong_context
interact.rpy	unknown		narrator	aff_gain
interact.rpy	unknown		narrator	eli
interact.rpy	unknown		narrator	min_aff
interact.rpy	unknown		narrator	romance_flag
interact.rpy	unknown		narrator	valid_contexts
interact.rpy	unknown		narrator	first_kiss
interact.rpy	unknown		narrator	too_soon
interact.rpy	unknown		narrator	low_affection
interact.rpy	unknown		narrator	low_trust
interact.rpy	unknown		narrator	romance_locked
interact.rpy	unknown		narrator	wrong_context
interact.rpy	unknown		narrator	aff_gain
interact.rpy	unknown		narrator	kai
interact.rpy	unknown		narrator	min_aff
interact.rpy	unknown		narrator	romance_flag
interact.rpy	unknown		narrator	valid_contexts
interact.rpy	unknown		narrator	first_kiss
interact.rpy	unknown		narrator	too_soon
interact.rpy	unknown		narrator	low_affection
interact.rpy	unknown		narrator	low_trust
interact.rpy	unknown		narrator	romance_locked
interact.rpy	unknown		narrator	romance_unavailable
interact.rpy	unknown		narrator	wrong_context
interact.rpy	unknown		narrator	aff_gain
interact.rpy	unknown		narrator	nora
interact.rpy	unknown		narrator	min_aff_open
interact.rpy	unknown		narrator	legacy_flag
interact.rpy	unknown		narrator	elle
interact.rpy	unknown		narrator	min_aff_open
interact.rpy	unknown		narrator	legacy_flag
interact.rpy	unknown		narrator	zoe
interact.rpy	unknown		narrator	min_aff_open
interact.rpy	unknown		narrator	legacy_flag
interact.rpy	unknown		narrator	caroline
interact.rpy	unknown		narrator	min_aff_open
interact.rpy	unknown		narrator	legacy_flag
interact.rpy	unknown		narrator	lena
interact.rpy	unknown		narrator	min_aff_open
interact.rpy	unknown		narrator	legacy_flag
interact.rpy	unknown		narrator	martha
interact.rpy	unknown		narrator	min_aff_open
interact.rpy	unknown		narrator	marcus
interact.rpy	unknown		narrator	kai
interact.rpy	unknown		narrator	sam
interact.rpy	unknown		narrator	eli
interact.rpy	unknown		narrator	natalie
interact.rpy	unknown		narrator	marcus
interact.rpy	unknown		narrator	rena
interact.rpy	unknown		narrator	nora
interact.rpy	unknown		narrator	martha
interact.rpy	unknown		narrator	lena
interact.rpy	unknown		narrator	natalie
interact.rpy	unknown		narrator	elle
interact.rpy	unknown		narrator	caroline
interact.rpy	unknown		narrator	zoe
interact.rpy	unknown		narrator	eli
interact.rpy	unknown		narrator	sam
interact.rpy	unknown		narrator	kai
interact.rpy	unknown		narrator	zoe
interact.rpy	unknown		narrator	nora
interact.rpy	unknown		narrator	martha
interact.rpy	unknown		narrator	eli
interact.rpy	unknown		narrator	
interact.rpy	unknown		narrator	
interact.rpy	unknown		narrator	
interact.rpy	unknown		narrator	trigger_day
interact.rpy	unknown		narrator	gift_id
interact.rpy	unknown		narrator	gift_name
interact.rpy	unknown		narrator	gift_count
interact.rpy	unknown		narrator	trigger_location
interact.rpy	unknown		narrator	variant
interact.rpy	unknown		background	#ffffff50
interact.rpy	unknown		narrator	[_rb]
interact.rpy	unknown		narrator	[_nm] leans back a little, trying to be polite about it. You could really use a shower.
interact.rpy	unknown		narrator	[_jn] clocks the embrace. Their expression flickers.
interact.rpy	unknown		narrator	[_jn] catches your eye. Their expression shifts.
interact.rpy	unknown		narrator	[_nm] smiles. \"Sure, here you go.\" Number saved.
interact.rpy	unknown		narrator	[_jn] catches your attention drift toward [_nm]. Something shifts in their expression.
interact.rpy	unknown		narrator	[_date_prompt]
interact.rpy	unknown		narrator	Dinner out (3h)
interact.rpy	unknown		narrator	Rooftop drinks (3h)
interact.rpy	unknown		narrator	A walk on the beach (3h)
interact.rpy	unknown		narrator	Actually, never mind
interact.rpy	unknown		narrator	[_date_owarn]\nContinue anyway?
interact.rpy	unknown		narrator	Continue
interact.rpy	unknown		narrator	Go back
interact.rpy	unknown		narrator	[_nm] lights up — this is exactly their kind of evening.
interact.rpy	unknown		narrator	[_nm] is a good sport about it, but you can tell it isn't quite their scene.
interact.rpy	nora_greet		Nora	I haven't forgotten that I owe you one.
interact.rpy	nora_greet		Nora	Hey, you. I was hoping you'd come in today.
interact.rpy	nora_greet		Nora	There you are. The usual?
interact.rpy	nora_greet		Nora	Back already? Coffee's that good, or...?
interact.rpy	marcus_greet		Marcus	Was just about to text you. What's up, man?
interact.rpy	marcus_greet		Marcus	There he is. Grab a seat.
interact.rpy	marcus_greet		Marcus	Hey, neighbor. Surviving?
interact.rpy	caroline_greet		Caroline	There's my favorite source of interesting problems. Sit.
interact.rpy	caroline_greet		Caroline	Look who it is. Whatever you did, I already know.
interact.rpy	caroline_greet		Caroline	HR. If you're not on fire, make it quick.
interact.rpy	lena_greet		Dr. Lena	Oh good, a face that isn't a chart. Two minutes, they're yours.
interact.rpy	lena_greet		Dr. Lena	Hey. Still standing? Good. Half my morning wasn't.
interact.rpy	lena_greet		Dr. Lena	If you're not bleeding, you're in the wrong line - but hi.
interact.rpy	natalie_greet		Natalie	There's my reliable one. Don't let it go to your head.
interact.rpy	natalie_greet		Natalie	You again. Fine. You work harder than half the floor, so - what.
interact.rpy	natalie_greet		Natalie	You lost? Break room's that way.
interact.rpy	martha_greet		Martha	Oh good, it's you. I was getting bored being the smartest person in the room.
interact.rpy	martha_greet		Martha	You clean up better than I expected. Impress me, or at least don't bore me.
interact.rpy	martha_greet		Martha	So the new blood has ambitions. We'll see if they survive this place.
interact.rpy	elle_greet		Elle	Hey, stranger! Wednesday's better already. Sit, the water's perfect.
interact.rpy	elle_greet		Elle	Oh - hi! Didn't think I'd see you out here again. Good surprise.
interact.rpy	elle_greet		Elle	Hi there. You look a little lost for a beach. First time?
interact.rpy	zoe_greet		Zoe	Hey, you. Pull up some grass. I'm avoiding a canvas that's avoiding me.
interact.rpy	zoe_greet		Zoe	Oh, it's you. Good - I needed an excuse to stop pretending to sketch.
interact.rpy	zoe_greet		Zoe	You're blocking my light. ...Kidding. Mostly. I'm Zoe.
interact.rpy	sam_greet		Sam	Hey! Perfect timing, I need a break before my legs stage a mutiny.
interact.rpy	sam_greet		Sam	Oh hey, it's you! Still can't keep up, but I respect the effort.
interact.rpy	sam_greet		Sam	Morning! You run, or just admiring people who do? I'm Sam.
interact.rpy	eli_greet		Eli	Oh good, a friendly face. Save me from this thesis for five minutes?
interact.rpy	eli_greet		Eli	Hey. Sorry - deep in it. But a break's probably healthy. Allegedly.
interact.rpy	eli_greet		Eli	Uh, hi. I'm Eli. Don't mind the mess, this is just... my whole personality.
interact.rpy	kai_greet		Kai	Yo! Was just thinking about you. Good timing as always.
interact.rpy	kai_greet		Kai	Hey! You're back. This beach has a way of pulling people in, right?
interact.rpy	kai_greet		Kai	Sup. You look like someone who doesn't come here enough.
interact.rpy	kai_greet		narrator	[_hug_text]
interact.rpy	kai_greet		narrator	[_hug_text]
interact.rpy	kai_greet		narrator	[_kiss_text]
interact.rpy	kai_greet		narrator	[_kiss_text]
interact.rpy	scene_first_kiss_nora	cg_nora_kiss	narrator	[_kiss_text]
interact.rpy	scene_first_kiss_elle	cg_elle_kiss	narrator	[_kiss_text]
interact.rpy	scene_first_kiss_zoe	cg_zoe_kiss	narrator	[_kiss_text]
interact.rpy	scene_first_kiss_caroline	cg_caroline_kiss	narrator	[_kiss_text]
interact.rpy	scene_first_kiss_lena	cg_lena_kiss	narrator	[_kiss_text]
interact.rpy	scene_first_kiss_martha	cg_martha_kiss	narrator	[_kiss_text]
interact.rpy	talk_followup_marcus_first_shift	cg_martha_kiss	Marcus	Still surviving the job?
interact.rpy	talk_followup_marcus_first_shift	cg_martha_kiss	[mc_name]	Barely.
interact.rpy	talk_followup_marcus_first_shift	cg_martha_kiss	Marcus	Consistent, at least.
interact.rpy	talk_followup_marcus_first_shift	cg_martha_kiss	Marcus	Still think you could get used to the job?
interact.rpy	talk_followup_marcus_first_shift	cg_martha_kiss	[mc_name]	Ask me after the fifth shift.
interact.rpy	talk_followup_marcus_first_shift	cg_martha_kiss	Marcus	Good answer.
interact.rpy	talk_followup_marcus_first_shift	cg_martha_kiss	Marcus	Still surviving the job?
interact.rpy	talk_followup_marcus_first_shift	cg_martha_kiss	[mc_name]	So far.
interact.rpy	talk_followup_marcus_first_shift	cg_martha_kiss	Marcus	Good.
interact.rpy	talk_followup_marcus_first_shift	cg_martha_kiss	Marcus	The first shift proves you can show up.
interact.rpy	talk_followup_marcus_first_shift	cg_martha_kiss	Marcus	The fifth proves it wasn't an accident.
interact.rpy	talk_followup_martha_credit	cg_martha_kiss	Martha	The next summary is yours too.
interact.rpy	talk_followup_martha_credit	cg_martha_kiss	[mc_name]	That almost sounded like trust.
interact.rpy	talk_followup_martha_credit	cg_martha_kiss	Martha	Don't make me revise it.
interact.rpy	talk_followup_martha_revision	cg_martha_kiss	Martha	The revision reached the meeting on time.
interact.rpy	talk_followup_martha_revision	cg_martha_kiss	[mc_name]	You could say thank you.
interact.rpy	talk_followup_martha_revision	cg_martha_kiss	Martha	I could also revise it again.
interact.rpy	talk_followup_martha_revision	cg_martha_kiss	Martha	You were right about the duplicate attachments.
interact.rpy	talk_followup_martha_revision	cg_martha_kiss	[mc_name]	I was hoping never to hear that sentence.
interact.rpy	talk_followup_martha_revision	cg_martha_kiss	Martha	Don't become dependent on it.
interact.rpy	talk_followup_martha_settled	cg_martha_kiss	Martha	You stopped asking where the templates are.
interact.rpy	talk_followup_martha_settled	cg_martha_kiss	[mc_name]	I know where they are now.
interact.rpy	talk_followup_martha_settled	cg_martha_kiss	Martha	That wasn't praise.
interact.rpy	talk_followup_martha_settled	cg_martha_kiss	[mc_name]	It sounded close.
interact.rpy	talk_followup_martha_settled	cg_martha_kiss	Martha	Then your standards are adapting.
interact.rpy	marcus_park_invite_followup	cg_martha_kiss	Marcus	You still counting that shot?
interact.rpy	marcus_park_invite_followup	cg_martha_kiss	[mc_name]	It went in.
interact.rpy	marcus_park_invite_followup	cg_martha_kiss	Marcus	After the rebound.
interact.rpy	marcus_park_invite_followup	cg_martha_kiss	[mc_name]	Still went in.
interact.rpy	marcus_park_invite_followup	cg_martha_kiss	Marcus	That is not how counting works.
interact.rpy	nora_grounds_invite_followup	cg_martha_kiss	Nora	I changed the drink.
interact.rpy	nora_grounds_invite_followup	cg_martha_kiss	[mc_name]	Because of my opinion?
interact.rpy	nora_grounds_invite_followup	cg_martha_kiss	Nora	Despite your opinion.
interact.rpy	nora_grounds_invite_followup	cg_martha_kiss	[mc_name]	Good to know I helped.
interact.rpy	nora_grounds_invite_followup	cg_martha_kiss	Nora	You created resistance. Similar effect.
interact.rpy	zoe_park_invite_followup	cg_martha_kiss	Zoe	I kept the second version.
interact.rpy	zoe_park_invite_followup	cg_martha_kiss	[mc_name]	The one you were less annoyed by?
interact.rpy	zoe_park_invite_followup	cg_martha_kiss	Zoe	I corrected that.
interact.rpy	zoe_park_invite_followup	cg_martha_kiss	[mc_name]	The drawing?
interact.rpy	zoe_park_invite_followup	cg_martha_kiss	Zoe	The annoyance.
interact.rpy	eli_library_invite_followup	cg_martha_kiss	Eli	The second outlet stopped working.
interact.rpy	eli_library_invite_followup	cg_martha_kiss	[mc_name]	You jinxed it.
interact.rpy	eli_library_invite_followup	cg_martha_kiss	Eli	I documented it.
interact.rpy	eli_library_invite_followup	cg_martha_kiss	[mc_name]	That is not the same.
interact.rpy	eli_library_invite_followup	cg_martha_kiss	Eli	It is more useful.
interact.rpy	zoe_jealousy_first_notice	cg_martha_kiss	Zoe	You've been spending a lot of time with her.
interact.rpy	zoe_jealousy_first_notice	cg_martha_kiss	[mc_name]	Are you keeping track?
interact.rpy	zoe_jealousy_first_notice	cg_martha_kiss	Zoe	No.
interact.rpy	zoe_jealousy_first_notice	cg_martha_kiss	Zoe	I noticed.
interact.rpy	zoe_jealousy_first_notice	cg_martha_kiss	narrator	\"It doesn't mean anything.\"
interact.rpy	zoe_jealousy_first_notice	cg_martha_kiss	[mc_name]	It doesn't mean anything.
interact.rpy	zoe_jealousy_first_notice	cg_martha_kiss	Zoe	That wasn't what I asked.
interact.rpy	zoe_jealousy_first_notice	cg_martha_kiss	narrator	\"I didn't realise it bothered you.\"
interact.rpy	zoe_jealousy_first_notice	cg_martha_kiss	[mc_name]	I didn't realise it bothered you.
interact.rpy	zoe_jealousy_first_notice	cg_martha_kiss	Zoe	I didn't say it did.
interact.rpy	zoe_jealousy_first_notice	cg_martha_kiss	[mc_name]	You didn't have to.
interact.rpy	zoe_jealousy_first_notice	cg_martha_kiss	narrator	\"Are you jealous?\"
interact.rpy	zoe_jealousy_first_notice	cg_martha_kiss	[mc_name]	Are you jealous?
interact.rpy	zoe_jealousy_first_notice	cg_martha_kiss	Zoe	That's a very confident interpretation.
interact.rpy	nora_jealousy_first_notice	cg_martha_kiss	Nora	You've been popular lately.
interact.rpy	nora_jealousy_first_notice	cg_martha_kiss	[mc_name]	That sounds dangerous.
interact.rpy	nora_jealousy_first_notice	cg_martha_kiss	Nora	Only for your schedule.
interact.rpy	nora_jealousy_first_notice	cg_martha_kiss	[mc_name]	Is that what this is about?
interact.rpy	nora_jealousy_first_notice	cg_martha_kiss	Nora	I'm deciding.
interact.rpy	nora_jealousy_first_notice	cg_martha_kiss	narrator	\"Are you jealous?\"
interact.rpy	nora_jealousy_first_notice	cg_martha_kiss	[mc_name]	Are you jealous?
interact.rpy	nora_jealousy_first_notice	cg_martha_kiss	Nora	A little.
interact.rpy	nora_jealousy_first_notice	cg_martha_kiss	Nora	Don't look so pleased with yourself.
interact.rpy	nora_jealousy_first_notice	cg_martha_kiss	narrator	\"You could have just asked.\"
interact.rpy	nora_jealousy_first_notice	cg_martha_kiss	[mc_name]	You could have just asked.
interact.rpy	nora_jealousy_first_notice	cg_martha_kiss	Nora	I just did.
interact.rpy	nora_jealousy_first_notice	cg_martha_kiss	narrator	\"It's none of your business.\"
interact.rpy	nora_jealousy_first_notice	cg_martha_kiss	[mc_name]	It's none of your business.
interact.rpy	nora_jealousy_first_notice	cg_martha_kiss	Nora	Right.
interact.rpy	nora_jealousy_first_notice	cg_martha_kiss	Nora	Good to know.
interact.rpy	martha_jealousy_first_notice	cg_martha_kiss	Martha	Your private life has become surprisingly public.
interact.rpy	martha_jealousy_first_notice	cg_martha_kiss	[mc_name]	Is this professional feedback?
interact.rpy	martha_jealousy_first_notice	cg_martha_kiss	Martha	I haven't decided.
interact.rpy	martha_jealousy_first_notice	cg_martha_kiss	[mc_name]	Then what is it?
interact.rpy	martha_jealousy_first_notice	cg_martha_kiss	Martha	An observation.
interact.rpy	martha_jealousy_first_notice	cg_martha_kiss	narrator	\"Does it bother you?\"
interact.rpy	martha_jealousy_first_notice	cg_martha_kiss	[mc_name]	Does it bother you?
interact.rpy	martha_jealousy_first_notice	cg_martha_kiss	Martha	That depends on whether you intended me to notice.
interact.rpy	martha_jealousy_first_notice	cg_martha_kiss	narrator	\"I wasn't trying to make a point.\"
interact.rpy	martha_jealousy_first_notice	cg_martha_kiss	[mc_name]	I wasn't trying to make a point.
interact.rpy	martha_jealousy_first_notice	cg_martha_kiss	Martha	Good.
interact.rpy	martha_jealousy_first_notice	cg_martha_kiss	Martha	It would have been an imprecise one.
interact.rpy	martha_jealousy_first_notice	cg_martha_kiss	narrator	\"You're overthinking it.\"
interact.rpy	martha_jealousy_first_notice	cg_martha_kiss	[mc_name]	You're overthinking it.
interact.rpy	martha_jealousy_first_notice	cg_martha_kiss	Martha	And you're underestimating it.
interact.rpy	eli_jealousy_first_notice	cg_martha_kiss	e	You don't have to explain anything.
interact.rpy	eli_jealousy_first_notice	cg_martha_kiss	[mc_name]	I wasn't going to.
interact.rpy	eli_jealousy_first_notice	cg_martha_kiss	e	Okay.
interact.rpy	eli_jealousy_first_notice	cg_martha_kiss	narrator	A quiet pause.
interact.rpy	eli_jealousy_first_notice	cg_martha_kiss	[mc_name]	You clearly want to say something.
interact.rpy	eli_jealousy_first_notice	cg_martha_kiss	e	Wanting to and being entitled to are different things.
interact.rpy	eli_jealousy_first_notice	cg_martha_kiss	narrator	\"It matters what you think.\"
interact.rpy	eli_jealousy_first_notice	cg_martha_kiss	[mc_name]	It matters what you think.
interact.rpy	eli_jealousy_first_notice	cg_martha_kiss	e	Then don't make me guess.
interact.rpy	eli_jealousy_first_notice	cg_martha_kiss	narrator	\"There's nothing to explain.\"
interact.rpy	eli_jealousy_first_notice	cg_martha_kiss	[mc_name]	There's nothing to explain.
interact.rpy	eli_jealousy_first_notice	cg_martha_kiss	e	Then we're done.
interact.rpy	eli_jealousy_first_notice	cg_martha_kiss	narrator	\"Are you upset?\"
interact.rpy	eli_jealousy_first_notice	cg_martha_kiss	[mc_name]	Are you upset?
interact.rpy	eli_jealousy_first_notice	cg_martha_kiss	e	I'm adjusting my expectations.
interact.rpy	elle_sandbeach_tide	cg_martha_kiss	Elle	The water was farther out earlier.
interact.rpy	elle_sandbeach_tide	cg_martha_kiss	[mc_name]	You've been watching it?
interact.rpy	elle_sandbeach_tide	cg_martha_kiss	Elle	Not deliberately.
interact.rpy	elle_sandbeach_tide	cg_martha_kiss	[mc_name]	That sounds convincing.
interact.rpy	elle_sandbeach_tide	cg_martha_kiss	Elle	I had a better spot before the tide disagreed.
interact.rpy	elle_sandbeach_shoes	cg_martha_kiss	[mc_name]	You brought shoes onto the sand.
interact.rpy	elle_sandbeach_shoes	cg_martha_kiss	Elle	I also brought the intention to keep sand out of them.
interact.rpy	elle_sandbeach_shoes	cg_martha_kiss	[mc_name]	How is that going?
interact.rpy	elle_sandbeach_shoes	cg_martha_kiss	Elle	The intention remains strong.
interact.rpy	elle_sandbeach_horizon	cg_martha_kiss	Elle	The horizon looks closer when the air is clear.
interact.rpy	elle_sandbeach_horizon	cg_martha_kiss	[mc_name]	It is not.
interact.rpy	elle_sandbeach_horizon	cg_martha_kiss	Elle	I know.
interact.rpy	elle_sandbeach_horizon	cg_martha_kiss	[mc_name]	Then why say it?
interact.rpy	elle_sandbeach_horizon	cg_martha_kiss	Elle	Because knowing something isn't the same as how it looks.
interact.rpy	kai_sandbeach_water	cg_martha_kiss	[mc_name]	Going in?
interact.rpy	kai_sandbeach_water	cg_martha_kiss	Kai	I considered it.
interact.rpy	kai_sandbeach_water	cg_martha_kiss	[mc_name]	And?
interact.rpy	kai_sandbeach_water	cg_martha_kiss	Kai	The water made a counterargument.
interact.rpy	kai_sandbeach_crowd	cg_martha_kiss	Kai	It's quieter over here.
interact.rpy	kai_sandbeach_crowd	cg_martha_kiss	[mc_name]	There are still people everywhere.
interact.rpy	kai_sandbeach_crowd	cg_martha_kiss	Kai	Quieter isn't the same as empty.
interact.rpy	kai_sandbeach_crowd	cg_martha_kiss	[mc_name]	Fair.
interact.rpy	kai_sandbeach_walk	cg_martha_kiss	[mc_name]	How far did you walk?
interact.rpy	kai_sandbeach_walk	cg_martha_kiss	Kai	Far enough to stop counting.
interact.rpy	kai_sandbeach_walk	cg_martha_kiss	[mc_name]	That doesn't answer the question.
interact.rpy	kai_sandbeach_walk	cg_martha_kiss	Kai	It answers why I don't know.
interact.rpy	zoe_sandbeach_colour	cg_martha_kiss	Zoe	The water isn't blue today.
interact.rpy	zoe_sandbeach_colour	cg_martha_kiss	[mc_name]	It looks blue.
interact.rpy	zoe_sandbeach_colour	cg_martha_kiss	Zoe	That's the problem.
interact.rpy	zoe_sandbeach_colour	cg_martha_kiss	[mc_name]	What colour is it?
interact.rpy	zoe_sandbeach_colour	cg_martha_kiss	Zoe	I haven't decided.
interact.rpy	zoe_sandbeach_footprints	cg_martha_kiss	Zoe	Someone walked through the part I was drawing.
interact.rpy	zoe_sandbeach_footprints	cg_martha_kiss	[mc_name]	The sand?
interact.rpy	zoe_sandbeach_footprints	cg_martha_kiss	Zoe	The footprints.
interact.rpy	zoe_sandbeach_footprints	cg_martha_kiss	[mc_name]	They made more footprints.
interact.rpy	zoe_sandbeach_footprints	cg_martha_kiss	Zoe	Different ones.
interact.rpy	zoe_sandbeach_wind	cg_martha_kiss	narrator	The wind lifts the edge of Zoe's page.
interact.rpy	zoe_sandbeach_wind	cg_martha_kiss	narrator	She presses it flat with one hand.
interact.rpy	zoe_sandbeach_wind	cg_martha_kiss	[mc_name]	Need help?
interact.rpy	zoe_sandbeach_wind	cg_martha_kiss	Zoe	I need the wind to develop restraint.
interact.rpy	zoe_sandbeach_wind	cg_martha_kiss	[mc_name]	I'll speak to it.
interact.rpy	zoe_sandbeach_wind	cg_martha_kiss	Zoe	Be firm.
interact.rpy	marcus_grounds_order	cg_martha_kiss	Marcus	I ordered the simple one.
interact.rpy	marcus_grounds_order	cg_martha_kiss	[mc_name]	Which one is simple?
interact.rpy	marcus_grounds_order	cg_martha_kiss	Marcus	The one with the shortest name.
interact.rpy	marcus_grounds_order	cg_martha_kiss	[mc_name]	That doesn't make it simple.
interact.rpy	marcus_grounds_order	cg_martha_kiss	Marcus	It makes it easier to say confidently.
interact.rpy	marcus_grounds_table	cg_martha_kiss	[mc_name]	You've been looking at that table for a while.
interact.rpy	marcus_grounds_table	cg_martha_kiss	Marcus	It's close to the door and far from the speaker.
interact.rpy	marcus_grounds_table	cg_martha_kiss	[mc_name]	Strategic.
interact.rpy	marcus_grounds_table	cg_martha_kiss	Marcus	I take coffee seating seriously.
interact.rpy	marcus_grounds_temperature	cg_martha_kiss	Marcus	This is still too hot.
interact.rpy	marcus_grounds_temperature	cg_martha_kiss	[mc_name]	You bought it ten minutes ago.
interact.rpy	marcus_grounds_temperature	cg_martha_kiss	Marcus	I expected progress.
interact.rpy	marcus_grounds_temperature	cg_martha_kiss	[mc_name]	It's coffee, not a negotiation.
interact.rpy	marcus_grounds_temperature	cg_martha_kiss	Marcus	Everything is a negotiation if you wait long enough.
interact.rpy	eli_library_outlet	cg_martha_kiss	Eli	That outlet doesn't work.
interact.rpy	eli_library_outlet	cg_martha_kiss	[mc_name]	How do you know?
interact.rpy	eli_library_outlet	cg_martha_kiss	Eli	I tried it.
interact.rpy	eli_library_outlet	cg_martha_kiss	[mc_name]	Once?
interact.rpy	eli_library_outlet	cg_martha_kiss	Eli	Four times, with decreasing optimism.
interact.rpy	eli_library_bookmark	cg_martha_kiss	[mc_name]	You're using a receipt as a bookmark.
interact.rpy	eli_library_bookmark	cg_martha_kiss	Eli	It was available.
interact.rpy	eli_library_bookmark	cg_martha_kiss	[mc_name]	It's from three months ago.
interact.rpy	eli_library_bookmark	cg_martha_kiss	Eli	It has proven reliable.
interact.rpy	eli_library_keyboard	cg_martha_kiss	narrator	A keyboard clicks rapidly from the next table.
interact.rpy	eli_library_keyboard	cg_martha_kiss	Eli	They've been writing the same sentence for five minutes.
interact.rpy	eli_library_keyboard	cg_martha_kiss	[mc_name]	How can you tell?
interact.rpy	eli_library_keyboard	cg_martha_kiss	Eli	The backspace key has a distinct sound.
interact.rpy	lena_hospital_coffee	cg_martha_kiss	[mc_name]	Is that coffee still warm?
interact.rpy	lena_hospital_coffee	cg_martha_kiss	Dr. Lena	That stopped being the relevant question an hour ago.
interact.rpy	lena_hospital_coffee	cg_martha_kiss	[mc_name]	What's the relevant question?
interact.rpy	lena_hospital_coffee	cg_martha_kiss	Dr. Lena	Whether I remember where I left it.
interact.rpy	lena_hospital_sign	cg_martha_kiss	Dr. Lena	That sign has been pointing the wrong way all week.
interact.rpy	lena_hospital_sign	cg_martha_kiss	[mc_name]	Nobody changed it?
interact.rpy	lena_hospital_sign	cg_martha_kiss	Dr. Lena	Several people discussed changing it.
interact.rpy	lena_hospital_sign	cg_martha_kiss	[mc_name]	Productive.
interact.rpy	lena_hospital_sign	cg_martha_kiss	Dr. Lena	There were notes.
interact.rpy	lena_hospital_quiet	cg_martha_kiss	[mc_name]	It's unusually quiet.
interact.rpy	lena_hospital_quiet	cg_martha_kiss	Dr. Lena	Never say that in a hospital.
interact.rpy	lena_hospital_quiet	cg_martha_kiss	[mc_name]	Why?
interact.rpy	lena_hospital_quiet	cg_martha_kiss	Dr. Lena	Because the building takes it personally.
interact.rpy	sam_gym_bench	cg_martha_kiss	Sam	Someone moved this bench.
interact.rpy	sam_gym_bench	cg_martha_kiss	[mc_name]	By how much?
interact.rpy	sam_gym_bench	cg_martha_kiss	Sam	Not enough to notice.
interact.rpy	sam_gym_bench	cg_martha_kiss	[mc_name]	You noticed.
interact.rpy	sam_gym_bench	cg_martha_kiss	Sam	Exactly.
interact.rpy	sam_gym_music	cg_martha_kiss	[mc_name]	Do you actually like this song?
interact.rpy	sam_gym_music	cg_martha_kiss	Sam	Not anymore.
interact.rpy	sam_gym_music	cg_martha_kiss	[mc_name]	What changed?
interact.rpy	sam_gym_music	cg_martha_kiss	Sam	It started for the fourth time.
interact.rpy	sam_gym_rest	cg_martha_kiss	Sam	You're supposed to rest between sets.
interact.rpy	sam_gym_rest	cg_martha_kiss	[mc_name]	I am resting.
interact.rpy	sam_gym_rest	cg_martha_kiss	Sam	You're reorganising the weights.
interact.rpy	sam_gym_rest	cg_martha_kiss	[mc_name]	Resting productively.
interact.rpy	sam_gym_rest	cg_martha_kiss	Sam	That isn't a thing.
interact.rpy	nora_grounds_queue	cg_martha_kiss	Nora	The queue always gets longer when somebody asks whether we're busy.
interact.rpy	nora_grounds_queue	cg_martha_kiss	[mc_name]	Maybe they want confirmation.
interact.rpy	nora_grounds_queue	cg_martha_kiss	Nora	They usually ask while standing in the queue.
interact.rpy	nora_grounds_queue	cg_martha_kiss	[mc_name]	Strong evidence.
interact.rpy	nora_grounds_queue	cg_martha_kiss	Nora	I'm considering putting it on the menu.
interact.rpy	nora_grounds_lid	cg_martha_kiss	Nora	That lid doesn't fit.
interact.rpy	nora_grounds_lid	cg_martha_kiss	[mc_name]	It looks like it fits.
interact.rpy	nora_grounds_lid	cg_martha_kiss	Nora	That is how it gains your trust.
interact.rpy	nora_grounds_lid	cg_martha_kiss	[mc_name]	You make disposable cups sound dangerous.
interact.rpy	nora_grounds_lid	cg_martha_kiss	Nora	Complacency is dangerous.
interact.rpy	nora_grounds_regular	cg_martha_kiss	[mc_name]	You remembered their order.
interact.rpy	nora_grounds_regular	cg_martha_kiss	Nora	They order the same thing every time.
interact.rpy	nora_grounds_regular	cg_martha_kiss	[mc_name]	Still counts.
interact.rpy	nora_grounds_regular	cg_martha_kiss	Nora	It stops counting after the twentieth time.
interact.rpy	martha_nexus_elevator	cg_martha_kiss	Martha	The elevator stopped on every floor.
interact.rpy	martha_nexus_elevator	cg_martha_kiss	[mc_name]	Busy building.
interact.rpy	martha_nexus_elevator	cg_martha_kiss	Martha	Nobody entered or left.
interact.rpy	martha_nexus_elevator	cg_martha_kiss	[mc_name]	Less busy building.
interact.rpy	martha_nexus_elevator	cg_martha_kiss	Martha	More indecisive elevator.
interact.rpy	martha_nexus_calendar	cg_martha_kiss	[mc_name]	Your calendar has no empty space.
interact.rpy	martha_nexus_calendar	cg_martha_kiss	Martha	There are seven minutes at twelve forty-three.
interact.rpy	martha_nexus_calendar	cg_martha_kiss	[mc_name]	That isn't empty space.
interact.rpy	martha_nexus_calendar	cg_martha_kiss	Martha	It is if nobody notices.
interact.rpy	martha_nexus_badge	cg_martha_kiss	Martha	Your badge is upside down.
interact.rpy	martha_nexus_badge	cg_martha_kiss	[mc_name]	It still works.
interact.rpy	martha_nexus_badge	cg_martha_kiss	Martha	That wasn't my objection.
interact.rpy	martha_nexus_badge	cg_martha_kiss	[mc_name]	What was?
interact.rpy	martha_nexus_badge	cg_martha_kiss	Martha	That I noticed.
interact.rpy	natalie_warehouse_marker	cg_martha_kiss	Natalie	Who left the marker without the cap?
interact.rpy	natalie_warehouse_marker	cg_martha_kiss	[mc_name]	Is that important?
interact.rpy	natalie_warehouse_marker	cg_martha_kiss	Natalie	Not until every label becomes unreadable.
interact.rpy	natalie_warehouse_marker	cg_martha_kiss	[mc_name]	Then it becomes important?
interact.rpy	natalie_warehouse_marker	cg_martha_kiss	Natalie	Then it becomes expensive.
interact.rpy	natalie_warehouse_noise	cg_martha_kiss	narrator	A pallet jack rattles somewhere behind the shelving.
interact.rpy	natalie_warehouse_noise	cg_martha_kiss	[mc_name]	That sounds healthy.
interact.rpy	natalie_warehouse_noise	cg_martha_kiss	Natalie	It sounds temporary.
interact.rpy	natalie_warehouse_noise	cg_martha_kiss	[mc_name]	Which part?
interact.rpy	natalie_warehouse_noise	cg_martha_kiss	Natalie	The pallet jack.
interact.rpy	natalie_warehouse_path	cg_martha_kiss	Natalie	Keep the walkway clear.
interact.rpy	natalie_warehouse_path	cg_martha_kiss	[mc_name]	It is clear.
interact.rpy	natalie_warehouse_path	cg_martha_kiss	Natalie	It was not clear ten seconds ago.
interact.rpy	natalie_warehouse_path	cg_martha_kiss	[mc_name]	Fast improvement.
interact.rpy	natalie_warehouse_path	cg_martha_kiss	Natalie	Late improvement.
interact.rpy	kai_nightclub_volume	cg_martha_kiss	[mc_name]	Can you hear me?
interact.rpy	kai_nightclub_volume	cg_martha_kiss	Kai	Mostly.
interact.rpy	kai_nightclub_volume	cg_martha_kiss	[mc_name]	What did I say?
interact.rpy	kai_nightclub_volume	cg_martha_kiss	Kai	That proves less than you think.
interact.rpy	kai_nightclub_exit	cg_martha_kiss	Kai	The exit sign is brighter than everything else in here.
interact.rpy	kai_nightclub_exit	cg_martha_kiss	[mc_name]	Planning ahead?
interact.rpy	kai_nightclub_exit	cg_martha_kiss	Kai	Appreciating useful design.
interact.rpy	kai_nightclub_exit	cg_martha_kiss	[mc_name]	Very festive.
interact.rpy	kai_nightclub_exit	cg_martha_kiss	Kai	I have range.
interact.rpy	kai_nightclub_song	cg_martha_kiss	Kai	This song was better outside.
interact.rpy	kai_nightclub_song	cg_martha_kiss	[mc_name]	You heard it outside?
interact.rpy	kai_nightclub_song	cg_martha_kiss	Kai	Through three walls.
interact.rpy	kai_nightclub_song	cg_martha_kiss	[mc_name]	And that improved it?
interact.rpy	kai_nightclub_song	cg_martha_kiss	Kai	Significantly.
interact.rpy	caroline_nexus_reception	cg_martha_kiss	Caroline	Reception called twice.
interact.rpy	caroline_nexus_reception	cg_martha_kiss	[mc_name]	About what?
interact.rpy	caroline_nexus_reception	cg_martha_kiss	Caroline	They did not say.
interact.rpy	caroline_nexus_reception	cg_martha_kiss	[mc_name]	Are you going to call back?
interact.rpy	caroline_nexus_reception	cg_martha_kiss	Caroline	Eventually they will become specific.
interact.rpy	caroline_nexus_floor	cg_martha_kiss	[mc_name]	You pressed the wrong floor.
interact.rpy	caroline_nexus_floor	cg_martha_kiss	Caroline	No.
interact.rpy	caroline_nexus_floor	cg_martha_kiss	[mc_name]	The doors opened on the wrong floor.
interact.rpy	caroline_nexus_floor	cg_martha_kiss	Caroline	The elevator misunderstood.
interact.rpy	caroline_nexus_floor	cg_martha_kiss	[mc_name]	Naturally.
interact.rpy	caroline_nexus_document	cg_martha_kiss	Caroline	This document is marked confidential.
interact.rpy	caroline_nexus_document	cg_martha_kiss	[mc_name]	It is sitting beside the printer.
interact.rpy	caroline_nexus_document	cg_martha_kiss	Caroline	Which is why I am standing beside the printer.
interact.rpy	caroline_nexus_document	cg_martha_kiss	[mc_name]	Protecting it?
interact.rpy	caroline_nexus_document	cg_martha_kiss	Caroline	Judging whoever left it.
interact.rpy	zoe_park_tree	cg_martha_kiss	Zoe	That tree leans more than it did yesterday.
interact.rpy	zoe_park_tree	cg_martha_kiss	[mc_name]	You measured it?
interact.rpy	zoe_park_tree	cg_martha_kiss	Zoe	No.
interact.rpy	zoe_park_tree	cg_martha_kiss	[mc_name]	Then how do you know?
interact.rpy	zoe_park_tree	cg_martha_kiss	Zoe	It looks more committed.
interact.rpy	zoe_park_dog	cg_martha_kiss	narrator	A dog stops beside Zoe and studies her sketchbook.
interact.rpy	zoe_park_dog	cg_martha_kiss	Zoe	No.
interact.rpy	zoe_park_dog	cg_martha_kiss	[mc_name]	It hasn't done anything.
interact.rpy	zoe_park_dog	cg_martha_kiss	Zoe	It is considering it.
interact.rpy	zoe_park_dog	cg_martha_kiss	narrator	The dog loses interest and walks away.
interact.rpy	zoe_park_dog	cg_martha_kiss	Zoe	Correct decision.
interact.rpy	zoe_park_path	cg_martha_kiss	[mc_name]	Why are you sitting beside the path instead of on the bench?
interact.rpy	zoe_park_path	cg_martha_kiss	Zoe	The bench faces the wrong direction.
interact.rpy	zoe_park_path	cg_martha_kiss	[mc_name]	For what?
interact.rpy	zoe_park_path	cg_martha_kiss	Zoe	Everything.
interact.rpy	elle_grounds_window	cg_martha_kiss	Elle	This table gets better light.
interact.rpy	elle_grounds_window	cg_martha_kiss	[mc_name]	You moved two metres.
interact.rpy	elle_grounds_window	cg_martha_kiss	Elle	Exactly.
interact.rpy	elle_grounds_window	cg_martha_kiss	[mc_name]	Significant journey.
interact.rpy	elle_grounds_window	cg_martha_kiss	Elle	Worth it.
interact.rpy	elle_grounds_spoon	cg_martha_kiss	[mc_name]	You haven't used the spoon.
interact.rpy	elle_grounds_spoon	cg_martha_kiss	Elle	I might.
interact.rpy	elle_grounds_spoon	cg_martha_kiss	[mc_name]	For what?
interact.rpy	elle_grounds_spoon	cg_martha_kiss	Elle	That depends on whether the coffee improves.
interact.rpy	elle_grounds_spoon	cg_martha_kiss	[mc_name]	Will stirring help?
interact.rpy	elle_grounds_spoon	cg_martha_kiss	Elle	It will create activity.
interact.rpy	elle_grounds_choice	cg_martha_kiss	Elle	I always choose faster when the menu is shorter.
interact.rpy	elle_grounds_choice	cg_martha_kiss	[mc_name]	There are six options.
interact.rpy	elle_grounds_choice	cg_martha_kiss	Elle	And I have been considering them for ten minutes.
interact.rpy	elle_grounds_choice	cg_martha_kiss	[mc_name]	Efficient.
interact.rpy	elle_grounds_choice	cg_martha_kiss	Elle	I did not say I was good at it.
interact.rpy	kai_gym_mirror	cg_martha_kiss	[mc_name]	You keep looking at the mirror.
interact.rpy	kai_gym_mirror	cg_martha_kiss	Kai	I am checking the space behind me.
interact.rpy	kai_gym_mirror	cg_martha_kiss	[mc_name]	Very practical.
interact.rpy	kai_gym_mirror	cg_martha_kiss	Kai	That is why the mirror is there.
interact.rpy	kai_gym_mirror	cg_martha_kiss	[mc_name]	I thought it was for form.
interact.rpy	kai_gym_mirror	cg_martha_kiss	Kai	That too.
interact.rpy	kai_gym_machine	cg_martha_kiss	Kai	This machine has twelve adjustment points.
interact.rpy	kai_gym_machine	cg_martha_kiss	[mc_name]	Is that too many?
interact.rpy	kai_gym_machine	cg_martha_kiss	Kai	It has one useful position.
interact.rpy	kai_gym_machine	cg_martha_kiss	[mc_name]	Which one?
interact.rpy	kai_gym_machine	cg_martha_kiss	Kai	I am still negotiating.
interact.rpy	kai_gym_towel	cg_martha_kiss	[mc_name]	That towel has been on the bench for a while.
interact.rpy	kai_gym_towel	cg_martha_kiss	Kai	It is reserving the bench.
interact.rpy	kai_gym_towel	cg_martha_kiss	[mc_name]	For who?
interact.rpy	kai_gym_towel	cg_martha_kiss	Kai	Someone with a strong sense of entitlement.
it_arc.rpy	it_first_day	cg_it_first_day	narrator	The Hub is open-plan and loud in the quiet way offices get loud — too many keyboards, not enough walls.
it_arc.rpy	it_first_day	hub_pov	narrator	Your induction pack is on your desk. Next to it: a sticky note.
it_arc.rpy	it_first_day	hub_pov	narrator	\"Ticket #4471 — flaky test, login service. Fix by EOD. — E\"
it_arc.rpy	it_first_day	hub_pov	narrator	Before you finish reading it, someone drops into the chair beside you.
it_arc.rpy	it_first_day	hub_pov	Eli	You found the desk. Good. I'm Eli.
it_arc.rpy	it_first_day	hub_pov	Eli	Senior dev. I'll be your point of contact for the first month, which means I'll answer your questions once and expect you to remember.
it_arc.rpy	it_first_day	hub_pov	narrator	\"What's #4471 actually doing?\"
it_arc.rpy	it_first_day	hub_pov	Eli	Failing one in five in CI but not locally. Start with the test runner logs. Don't touch the implementation until you understand why it's failing.
it_arc.rpy	it_first_day	hub_pov	narrator	\"Is there documentation for the codebase?\"
it_arc.rpy	it_first_day	hub_pov	Eli	There's a wiki. Last updated in 2019. Treat it as archaeology rather than instruction.
it_arc.rpy	it_first_day	hub_pov	narrator	\"Happy to be here.\"
it_arc.rpy	it_first_day	hub_pov	Eli	Sure.
it_arc.rpy	it_first_day	hub_pov	narrator	She's already turned back to her monitor.
it_arc.rpy	it_first_day	hub_pov	Eli	Standup's at nine. Don't be late for standup.
it_arc.rpy	it_task_1	hub_pov	Eli	Client report this morning. Login service dropping sessions on mobile — intermittently, same pattern as the test. I'm assigning it to you.
it_arc.rpy	it_task_1	hub_pov	Eli	Priority one. They've escalated once already.
it_arc.rpy	it_task_1	hub_pov	narrator	The ticket is a wall of text. Stack traces, screenshots, one angry note from the account manager.
it_arc.rpy	it_task_1	cg_it_task_1	narrator	Priority one. You open the logs.
it_arc.rpy	it_task_1	hub_pov	narrator	Work through the stack trace methodically.
it_arc.rpy	it_task_1	hub_pov	narrator	You start at the top and work down. Two hours. When you find it — a race condition in session refresh — you have a complete picture.
it_arc.rpy	it_task_1	hub_pov	Eli	Took longer than it needed to. But you got there without guessing. Write the test first next time.
it_arc.rpy	it_task_1	hub_pov	narrator	Check git blame to understand the context first.
it_arc.rpy	it_task_1	hub_pov	narrator	Six commits. The problematic logic was introduced fourteen months ago during a crunch push. The message says \"quick fix — revisit.\"
it_arc.rpy	it_task_1	hub_pov	narrator	It was never revisited.
it_arc.rpy	it_task_1	hub_pov	Eli	Good instinct. Understanding the why is half the fix.
it_arc.rpy	it_task_1	hub_pov	narrator	Ask Eli for help.
it_arc.rpy	it_task_1	hub_pov	Eli	What have you already tried?
it_arc.rpy	it_task_1	hub_pov	narrator	You walk her through it. She stops you twice to ask why you ruled something out.
it_arc.rpy	it_task_1	hub_pov	Eli	The race condition is in session refresh. Go fix it.
it_arc.rpy	it_task_1	hub_pov	narrator	The guidance saves two hours. Being guided feels useful and slightly uncomfortable.
it_arc.rpy	it_npc1_eli	cg_it_npc1	narrator	Your PR notification: seven inline comments, two requests for changes, one 'this whole section needs a rethink.'
it_arc.rpy	it_npc1_eli	hub_pov	Eli	Did you read through all of it?
it_arc.rpy	it_npc1_eli	hub_pov	narrator	\"I read it. Some comments I don't fully follow.\"
it_arc.rpy	it_npc1_eli	hub_pov	Eli	Which ones?
it_arc.rpy	it_npc1_eli	hub_pov	narrator	You pull up the PR. You go through the three you're uncertain about.
it_arc.rpy	it_npc1_eli	hub_pov	Eli	This one — you're naming a function after what it does today. When this gets extended in six months, the name will lie.
it_arc.rpy	it_npc1_eli	hub_pov	Eli	The others are style. You can push back on style. You can't push back on naming.
it_arc.rpy	it_npc1_eli	hub_pov	narrator	\"I can make all the changes.\"
it_arc.rpy	it_npc1_eli	hub_pov	Eli	I didn't ask if you could. I asked if you read through it.
it_arc.rpy	it_npc1_eli	hub_pov	narrator	A beat.
it_arc.rpy	it_npc1_eli	hub_pov	Eli	Go read it. Come back when you have a question.
it_arc.rpy	it_npc1_eli	hub_pov	narrator	\"I'd push back on the error handling comment.\"
it_arc.rpy	it_npc1_eli	hub_pov	Eli	Go on.
it_arc.rpy	it_npc1_eli	hub_pov	narrator	You explain. She listens without interrupting.
it_arc.rpy	it_npc1_eli	hub_pov	Eli	You're not wrong. But you're optimising for now, not six months from now. The extra branch costs three lines and saves whoever maintains this from guessing.
it_arc.rpy	it_npc1_eli	hub_pov	Eli	You can still push back. Know why you're doing it.
it_arc.rpy	it_npc2_eli	cg_it_npc2	narrator	The deploy goes to prod at six-fifteen. You're still here. Eli is still here.
it_arc.rpy	it_npc2_eli	cg_it_npc2	narrator	The smoke tests run. The dashboard is green. Neither of you moves.
it_arc.rpy	it_npc2_eli	hub_pov	narrator	After a few minutes:
it_arc.rpy	it_npc2_eli	hub_pov	Eli	Good deploy. No alerts in ten minutes means no fire.
it_arc.rpy	it_npc2_eli	hub_pov	narrator	\"Why are you still here after everyone left?\"
it_arc.rpy	it_npc2_eli	hub_pov	Eli	Same reason you are. You want to see how it lands.
it_arc.rpy	it_npc2_eli	hub_pov	Eli	After a while you stop being able to hand that part off.
it_arc.rpy	it_npc2_eli	hub_pov	narrator	Stay quiet. Let the silence run.
it_arc.rpy	it_npc2_eli	hub_pov	narrator	Eli glances at you once. Something shifts slightly in how she's sitting.
it_arc.rpy	it_npc2_eli	hub_pov	Eli	This team has had three re-orgs in four years. Everyone who stayed did it for the same reason — the work itself.
it_arc.rpy	it_npc2_eli	hub_pov	Eli	Don't tell the new hires. It ruins the mystique.
it_arc.rpy	it_npc2_eli	hub_pov	narrator	\"Is The Hub actually a good place to work?\"
it_arc.rpy	it_npc2_eli	hub_pov	Eli	Depends what you're comparing it to. The codebase is a mess. Product decisions are sometimes baffling.
it_arc.rpy	it_npc2_eli	hub_pov	Eli	But the problems are real. That part's still true.
it_arc.rpy	it_review_junior	hub_pov	Eli	The deployment incident — judgment under uncertainty. The rollback was right.
it_arc.rpy	it_review_junior	hub_pov	Eli	Controlled scope, complete documentation. That's how recoverable errors stay recoverable.
it_arc.rpy	it_review_junior	hub_pov	Eli	The correction after the concealment mattered. The original call was still wrong.
it_arc.rpy	it_review_junior	hub_pov	Eli	Trust in your decision-making on that incident is limited. That's where we are.
it_arc.rpy	it_review_junior	hub_pov	Eli	HR will send you something official. I wanted to tell you before the system does.
it_arc.rpy	it_review_junior	hub_pov	Eli	You're not junior anymore.
it_arc.rpy	it_review_junior	hub_pov	narrator	\"What changed?\"
it_arc.rpy	it_review_junior	hub_pov	Eli	You stopped asking whether something was worth understanding. You just understood it.
it_arc.rpy	it_review_junior	hub_pov	Eli	That's the threshold. Not a skill level — a habit.
it_arc.rpy	it_review_junior	hub_pov	narrator	\"Thank you.\"
it_arc.rpy	it_review_junior	hub_pov	Eli	Don't thank me. You did the work.
it_arc.rpy	it_review_junior	hub_pov	narrator	A pause.
it_arc.rpy	it_review_junior	hub_pov	Eli	But you're welcome.
it_arc.rpy	it_review_junior	hub_pov	narrator	\"What's the next threshold?\"
it_arc.rpy	it_review_junior	hub_pov	Eli	You start having opinions about the architecture. Other people's opinions bother you for reasons you can explain.
it_arc.rpy	it_review_junior	hub_pov	Eli	Right now you're fixing problems. Next level you're preventing them.
it_arc.rpy	it_production_incident	hub_pov	narrator	Deployment window opens at six. By six-forty the monitoring board flags a data mismatch.
it_arc.rpy	it_production_incident	hub_pov	narrator	Limited scope — around nine hundred records — but the pattern is irregular in a way that doesn't resolve to an obvious cause.
it_arc.rpy	it_production_incident	hub_pov	Eli	How wide?
it_arc.rpy	it_production_incident	hub_pov	[mc_name]	Nine hundred records. The write confirmation went through, but the downstream state doesn't match.
it_arc.rpy	it_production_incident	hub_pov	narrator	A colleague at the next terminal turns around.
it_arc.rpy	it_production_incident	hub_pov	narrator	Colleague
it_arc.rpy	it_production_incident	hub_pov	Eli	It's a judgment call.
it_arc.rpy	it_production_incident	hub_pov	narrator	She's not making it for you.
it_arc.rpy	it_production_incident	hub_pov	narrator	Rollback means delay, escalation, and an explanation tonight. Continuing means nine hundred users with inconsistent state until morning.
it_arc.rpy	it_production_incident	hub_pov	narrator	Stop deployment, roll back and escalate.
it_arc.rpy	it_production_incident	hub_pov	[mc_name]	Rollback. Now.
it_arc.rpy	it_production_incident	hub_pov	narrator	You kill the deployment. The monitoring board steadies.
it_arc.rpy	it_production_incident	hub_pov	[mc_name]	Nine hundred records with an irregular mismatch doesn't get explained in the morning.
it_arc.rpy	it_production_incident	hub_pov	narrator	The colleague doesn't argue. Eli makes a note.
it_arc.rpy	it_production_incident	hub_pov	narrator	Isolate the affected component, document it, deploy the safe portion.
it_arc.rpy	it_production_incident	hub_pov	[mc_name]	Split it. Document the mismatch scope, isolate the affected component, and deploy the rest.
it_arc.rpy	it_production_incident	hub_pov	narrator	The colleague pulls up the architecture. Forty minutes of careful partitioning.
it_arc.rpy	it_production_incident	hub_pov	[mc_name]	The safe portion ships. The rest waits for root cause.
it_arc.rpy	it_production_incident	hub_pov	narrator	It lands clean.
it_arc.rpy	it_production_incident	hub_pov	narrator	Continue deployment and suppress the warning until morning.
it_arc.rpy	it_production_incident	hub_pov	[mc_name]	Continue. I'll take the call on it.
it_arc.rpy	it_production_incident	hub_pov	narrator	The flag clears from the active board. The deployment finishes.
it_arc.rpy	it_production_incident	hub_pov	narrator	You write a private note to review the affected records in the morning.
it_arc.rpy	it_production_incident_followup	hub_pov	narrator	Two shifts later: the source analysis comes back. The mismatch wasn't localised — the upstream feed had been corrupted at the source for two days before the deploy.
it_arc.rpy	it_production_incident_followup	hub_pov	Eli	Your rollback caught it before it compounded.
it_arc.rpy	it_production_incident_followup	hub_pov	[mc_name]	I didn't know how wide it was at the time.
it_arc.rpy	it_production_incident_followup	hub_pov	Eli	You didn't need to know. The scope was unclear and the risk was real. That was enough.
it_arc.rpy	it_production_incident_followup	hub_pov	narrator	Two shifts later: the case review. The safe portion held; the documentation you attached made the remaining fix traceable.
it_arc.rpy	it_production_incident_followup	hub_pov	Eli	The partition worked because the documentation was complete.
it_arc.rpy	it_production_incident_followup	hub_pov	[mc_name]	I wasn't certain the boundary would hold.
it_arc.rpy	it_production_incident_followup	hub_pov	Eli	It did. The note you left was why the fix took two hours instead of two days.
it_arc.rpy	it_production_incident_followup	hub_pov	narrator	Two shifts later: the incident report. The mismatch reached users. Support tickets opened the morning after the deploy.
it_arc.rpy	it_production_incident_followup	hub_pov	Eli	The flag was cleared from the active board.
it_arc.rpy	it_production_incident_followup	hub_pov	[mc_name]	I cleared it.
it_arc.rpy	it_production_incident_followup	hub_pov	narrator	She waits.
it_arc.rpy	it_production_incident_followup	hub_pov	narrator	Acknowledge the call before she asks.
it_arc.rpy	it_production_incident_followup	hub_pov	[mc_name]	I made the wrong call. The risk was real and I chose the deadline.
it_arc.rpy	it_production_incident_followup	hub_pov	narrator	Eli doesn't soften.
it_arc.rpy	it_production_incident_followup	hub_pov	Eli	What's different next time?
it_arc.rpy	it_production_incident_followup	hub_pov	[mc_name]	Escalate. The delay is recoverable. The user impact isn't.
it_arc.rpy	it_production_incident_followup	hub_pov	Eli	That's the right answer. Getting there after the incident is still getting there.
it_arc.rpy	it_production_incident_followup	hub_pov	narrator	Defend the reasoning.
it_arc.rpy	it_production_incident_followup	hub_pov	[mc_name]	The scope looked contained. I made a judgment call with the information I had.
it_arc.rpy	it_production_incident_followup	hub_pov	Eli	Nine hundred records with an irregular mismatch pattern isn't contained scope.
it_arc.rpy	it_production_incident_followup	hub_pov	[mc_name]	The monitoring had cleared similar flags before.
it_arc.rpy	it_production_incident_followup	hub_pov	Eli	This one wasn't similar.
it_arc.rpy	it_production_incident_followup	hub_pov	narrator	She closes the incident report.
location_ambient.rpy	unknown		narrator	location_cafe
location_ambient.rpy	unknown		narrator	location_park
location_ambient.rpy	unknown		narrator	location_bar
location_ambient.rpy	unknown		narrator	location_library
location_ambient.rpy	unknown		narrator	location_gym
location_ambient.rpy	unknown		narrator	location_hospital
location_ambient.rpy	unknown		narrator	location_warehouse
location_ambient.rpy	unknown		narrator	text
location_ambient.rpy	unknown		narrator	choices
location_ambient.rpy	unknown		narrator	text
location_ambient.rpy	unknown		narrator	choices
location_ambient.rpy	unknown		narrator	text
location_ambient.rpy	unknown		narrator	choices
location_ambient.rpy	unknown		narrator	text
location_ambient.rpy	unknown		narrator	choices
location_ambient.rpy	unknown		narrator	text
location_ambient.rpy	unknown		narrator	choices
location_ambient.rpy	unknown		narrator	text
location_ambient.rpy	unknown		narrator	choices
location_ambient.rpy	unknown		narrator	
location_ambient.rpy	unknown		narrator	location_cafe
location_ambient.rpy	unknown		narrator	morning
location_ambient.rpy	unknown		narrator	afternoon
location_ambient.rpy	unknown		narrator	evening
location_ambient.rpy	unknown		narrator	late_night
location_ambient.rpy	unknown		narrator	location_park
location_ambient.rpy	unknown		narrator	morning
location_ambient.rpy	unknown		narrator	afternoon
location_ambient.rpy	unknown		narrator	evening
location_ambient.rpy	unknown		narrator	late_night
location_ambient.rpy	unknown		narrator	location_bar
location_ambient.rpy	unknown		narrator	morning
location_ambient.rpy	unknown		narrator	afternoon
location_ambient.rpy	unknown		narrator	evening
location_ambient.rpy	unknown		narrator	late_night
location_ambient.rpy	unknown		narrator	location_gym
location_ambient.rpy	unknown		narrator	morning
location_ambient.rpy	unknown		narrator	afternoon
location_ambient.rpy	unknown		narrator	evening
location_ambient.rpy	unknown		narrator	late_night
location_ambient.rpy	unknown		narrator	location_library
location_ambient.rpy	unknown		narrator	morning
location_ambient.rpy	unknown		narrator	afternoon
location_ambient.rpy	unknown		narrator	evening
location_ambient.rpy	unknown		narrator	late_night
location_ambient.rpy	unknown		narrator	location_cafe
location_ambient.rpy	unknown		narrator	location_library
location_ambient.rpy	unknown		narrator	location_gym
location_ambient.rpy	unknown		narrator	location_bar
location_ambient.rpy	unknown		narrator	location_hospital
location_ambient.rpy	unknown		narrator	location_office
location_ambient.rpy	unknown		narrator	location_warehouse
location_ambient.rpy	unknown		narrator	location_park
location_ambient.rpy	unknown		narrator	location_hub
location_ambient.rpy	unknown		narrator	location_kitchen
location_ambient.rpy	unknown		narrator	nora
location_ambient.rpy	unknown		narrator	line
location_ambient.rpy	unknown		narrator	line
location_ambient.rpy	unknown		narrator	line
location_ambient.rpy	unknown		narrator	marcus
location_ambient.rpy	unknown		narrator	line
location_ambient.rpy	unknown		narrator	line
location_ambient.rpy	unknown		narrator	line
location_ambient.rpy	unknown		narrator	zoe
location_ambient.rpy	unknown		narrator	line
location_ambient.rpy	unknown		narrator	line
location_ambient.rpy	unknown		narrator	line
location_ambient.rpy	unknown		narrator	eli
location_ambient.rpy	unknown		narrator	line
location_ambient.rpy	unknown		narrator	line
location_ambient.rpy	unknown		narrator	lena
location_ambient.rpy	unknown		narrator	line
location_ambient.rpy	unknown		narrator	line
location_ambient.rpy	unknown		narrator	sam
location_ambient.rpy	unknown		narrator	line
location_ambient.rpy	unknown		narrator	line
location_ambient.rpy	unknown		narrator	npc_id
location_ambient.rpy	unknown		narrator	day
location_ambient.rpy	unknown		narrator	location_cafe
location_ambient.rpy	unknown		narrator	location_bar
location_ambient.rpy	unknown		narrator	location_park
location_ambient.rpy	unknown		narrator	location_gym
location_ambient.rpy	unknown		narrator	location_library
location_ambient.rpy	unknown		narrator	location_office
location_ambient.rpy	unknown		narrator	location_hub
location_ambient.rpy	unknown		narrator	location_hospital
location_ambient.rpy	unknown		narrator	location_warehouse
location_ambient.rpy	unknown		narrator	location_nightclub
location_ambient.rpy	unknown		narrator	location_diner
location_ambient.rpy	unknown		narrator	location_sandbeach
location_ambient.rpy	unknown		narrator	location_college
location_ambient.rpy	unknown		narrator	
location_ambient.rpy	unknown		narrator	
location_ambient.rpy	unknown		narrator	
location_ambient.rpy	unknown		narrator	[_cx_text]
location_ambient.rpy	unknown		narrator	[_cx_c0_lbl]
location_ambient.rpy	unknown		narrator	[_cx_c1_lbl]
location_beats.rpy	unknown		narrator	
location_beats.rpy	nora_cover_shift_scene	expression	narrator	Nora is wiping down the same stretch of counter she was wiping when you walked in.
location_beats.rpy	nora_cover_shift_scene	expression	Nora	Oh — hey.
location_beats.rpy	nora_cover_shift_scene	expression	[mc_name]	Hey. Everything okay?
location_beats.rpy	nora_cover_shift_scene	expression	Nora	Yeah. Mostly.
location_beats.rpy	nora_cover_shift_scene	expression	Nora	I was actually hoping I'd run into you.
location_beats.rpy	nora_cover_shift_scene	expression	[mc_name]	Uh-oh.
location_beats.rpy	nora_cover_shift_scene	expression	Nora	Don't make that face. I haven't even asked yet.
location_beats.rpy	nora_cover_shift_scene	expression	[mc_name]	That sounds suspicious.
location_beats.rpy	nora_cover_shift_scene	expression	Nora	It's not that bad.
location_beats.rpy	nora_cover_shift_scene	expression	Nora	Any chance you could cover the rest of my shift?
location_beats.rpy	nora_cover_shift_scene	expression	[mc_name]	How late?
location_beats.rpy	nora_cover_shift_scene	expression	Nora	Close. Henry locks up at seven.
location_beats.rpy	nora_cover_shift_scene	expression	[mc_name]	That's not the rest of your shift. That's most of an evening.
location_beats.rpy	nora_cover_shift_scene	expression	Nora	I know.
location_beats.rpy	nora_cover_shift_scene	expression	Nora	The nursing thing. There's a session I said I'd go to and I've already skipped one.
location_beats.rpy	nora_cover_shift_scene	expression	Nora	If I skip this one too I think I stop being someone who's going.
location_beats.rpy	nora_cover_shift_scene	expression	Nora	Something personal came up. I'll explain it properly sometime.
location_beats.rpy	nora_cover_shift_scene	expression	Nora	I wouldn't ask if I had a better option.
location_beats.rpy	nora_cover_shift_scene	expression	narrator	\"Yeah, I can cover.\"
location_beats.rpy	nora_cover_shift_scene	expression	narrator	\"What's in it for me?\"
location_beats.rpy	nora_cover_shift_scene	expression	[mc_name]	What's in it for me?
location_beats.rpy	nora_cover_shift_scene	expression	Nora	My eternal gratitude.
location_beats.rpy	nora_cover_shift_scene	expression	[mc_name]	That's not legal tender.
location_beats.rpy	nora_cover_shift_scene	expression	Nora	Then you're out of luck.
location_beats.rpy	nora_cover_shift_scene	expression	narrator	\"Alright. I'll stay.\"
location_beats.rpy	nora_cover_shift_scene	expression	narrator	\"I can't tonight either way.\"
location_beats.rpy	nora_cover_shift_scene	expression	narrator	\"I can't tonight.\"
location_beats.rpy	nora_cover_accept	expression	[mc_name]	Alright. I'll stay.
location_beats.rpy	nora_cover_accept	expression	Nora	Seriously?
location_beats.rpy	nora_cover_accept	expression	[mc_name]	Yeah.
location_beats.rpy	nora_cover_accept	expression	Nora	Thank you.
location_beats.rpy	nora_cover_accept	expression	Nora	I owe you one.
location_beats.rpy	nora_cover_accept	expression	narrator	She has the apron off and her bag over her shoulder faster than you've ever seen her move.
location_beats.rpy	nora_cover_accept	expression	narrator	nora
location_beats.rpy	nora_cover_accept	expression	narrator	nora
location_beats.rpy	nora_cover_accept	expression	narrator	Seriously, thanks again. You really saved me last night.
location_beats.rpy	nora_cover_accept	expression	narrator	nora_cover_shift_thanks
location_beats.rpy	nora_cover_accept	expression	narrator	You spend the rest of the evening on the wrong side of the counter.
location_beats.rpy	nora_cover_accept	expression	narrator	By the time Henry starts stacking chairs, the place is down to one couple and the hum of the fridge.
location_beats.rpy	nora_cover_accept	expression	narrator	He looks mildly confused about who you are, and pays you in a coffee you don't especially want.
location_beats.rpy	nora_cover_decline	expression	[mc_name]	Sorry. I can't tonight.
location_beats.rpy	nora_cover_decline	expression	Nora	That's okay.
location_beats.rpy	nora_cover_decline	expression	Nora	I figured it was worth asking.
location_beats_tier_a.rpy	unknown		narrator	
location_beats_tier_a.rpy	unknown		narrator	
location_beats_tier_a.rpy	unknown		narrator	
location_beats_tier_a.rpy	unknown		narrator	
location_beats_tier_a.rpy	unknown		narrator	
location_beats_tier_a.rpy	unknown		narrator	
location_beats_tier_a.rpy	unknown		narrator	
location_beats_tier_a.rpy	unknown		narrator	
location_beats_tier_a.rpy	unknown		narrator	
location_beats_tier_a.rpy	unknown		narrator	
location_beats_tier_a.rpy	zoe_outdoor_scene	sandbeach_day	narrator	You'd got about twenty paces down the sand before you registered that the person sitting on the breakwater was someone you knew.
location_beats_tier_a.rpy	zoe_outdoor_scene	sandbeach_day	Zoe	Okay, that's uncanny. I was about to text you about something else entirely.
location_beats_tier_a.rpy	zoe_outdoor_scene	sandbeach_day	[mc_name]	Should I be worried?
location_beats_tier_a.rpy	zoe_outdoor_scene	sandbeach_day	Zoe	Probably. It's about a colour.
location_beats_tier_a.rpy	zoe_outdoor_scene	sandbeach_day	Zoe	There's a specific grey the water does about an hour before it turns. I've been failing at it for three days.
location_beats_tier_a.rpy	zoe_outdoor_scene	sandbeach_day	[mc_name]	And the beach is helping?
location_beats_tier_a.rpy	zoe_outdoor_scene	sandbeach_day	Zoe	The beach is gloating.
location_beats_tier_a.rpy	zoe_outdoor_scene	sandbeach_day	Zoe	I'm out here trying to look at water without immediately deciding what's wrong with it. It's going badly.
location_beats_tier_a.rpy	zoe_outdoor_scene	sandbeach_day	Zoe	This is the most quiet I've had since the festival, and I'm wasting it on a grey.
location_beats_tier_a.rpy	zoe_outdoor_scene	sandbeach_day	narrator	\"I'll sit for a bit.\"
location_beats_tier_a.rpy	zoe_outdoor_scene	sandbeach_day	narrator	\"I'll leave you to it.\"
location_beats_tier_a.rpy	zoe_outdoor_stay	sandbeach_day	[mc_name]	I'll sit for a bit.
location_beats_tier_a.rpy	zoe_outdoor_stay	sandbeach_day	Zoe	Suit yourself. Fair warning: I'm not going to be good company. I'm going to be squinting.
location_beats_tier_a.rpy	zoe_outdoor_stay	sandbeach_day	narrator	She squints. You sit. For half an hour the conversation is mostly about how much the wind is a problem for anybody with paper.
location_beats_tier_a.rpy	zoe_outdoor_stay	sandbeach_day	narrator	zoe
location_beats_tier_a.rpy	zoe_outdoor_stay	sandbeach_day	Zoe	Same time next weekend, probably. I'll still be losing.
location_beats_tier_a.rpy	zoe_outdoor_stay	sandbeach_day	narrator	By the time you stand up she's stopped narrating and started actually working. You take that as the exit cue.
location_beats_tier_a.rpy	zoe_outdoor_go	sandbeach_day	[mc_name]	I'll leave you to it.
location_beats_tier_a.rpy	zoe_outdoor_go	sandbeach_day	Zoe	Good instinct.
location_beats_tier_a.rpy	zoe_walk_scene	parkday	narrator	Zoe is already standing, bag over one shoulder, like she'd decided to leave several minutes ago and hasn't got round to it.
location_beats_tier_a.rpy	zoe_walk_scene	parkday	Zoe	Perfect. I need to walk and I need to not be alone with my own opinions. Come round the long way?
location_beats_tier_a.rpy	zoe_walk_scene	parkday	[mc_name]	How long is the long way?
location_beats_tier_a.rpy	zoe_walk_scene	parkday	Zoe	Half an hour. Forty if I'm being annoying about a tree.
location_beats_tier_a.rpy	zoe_walk_scene	parkday	Zoe	And you'll actually get why I'm being annoying about the tree, which is worse for both of us.
location_beats_tier_a.rpy	zoe_walk_scene	parkday	narrator	\"Alright. Long way.\"
location_beats_tier_a.rpy	zoe_walk_scene	parkday	narrator	\"Another time — I've got things.\"
location_beats_tier_a.rpy	zoe_walk_yes	parkday	[mc_name]	Alright. Long way.
location_beats_tier_a.rpy	zoe_walk_yes	parkday	Zoe	Excellent. You've made a mistake and I respect it.
location_beats_tier_a.rpy	zoe_walk_yes	parkday	narrator	The long way turns out to be a loop she's clearly done a hundred times, narrated like a tour of things that have personally disappointed her.
location_beats_tier_a.rpy	zoe_walk_yes	parkday	narrator	Somewhere near the end she stops narrating, which is somehow the friendlier half.
location_beats_tier_a.rpy	zoe_walk_yes	parkday	narrator	zoe
location_beats_tier_a.rpy	zoe_walk_no	parkday	[mc_name]	Another time — I've got things.
location_beats_tier_a.rpy	zoe_walk_no	parkday	Zoe	Fine. I'll be annoying about the tree on my own.
location_beats_tier_a.rpy	eli_favor_scene	libraryday	narrator	Eli is standing at the end of the stacks with one headphone off, which for her is roughly the body language of a flare gun.
location_beats_tier_a.rpy	eli_favor_scene	libraryday	Eli	Hey. Can I borrow a brain for ninety seconds? Mine's been in the same argument since eleven.
location_beats_tier_a.rpy	eli_favor_scene	libraryday	[mc_name]	Go ahead.
location_beats_tier_a.rpy	eli_favor_scene	libraryday	Eli	Two ways to do the same thing. One's shorter and I can't explain it to anyone. One's longer and boring and everybody understands it instantly.
location_beats_tier_a.rpy	eli_favor_scene	libraryday	Eli	I keep picking the short one and then defending it for an hour, which is not, mathematically, shorter.
location_beats_tier_a.rpy	eli_favor_scene	libraryday	narrator	\"Boring one. You already know.\"
location_beats_tier_a.rpy	eli_favor_scene	libraryday	[mc_name]	Boring one. You already know.
location_beats_tier_a.rpy	eli_favor_scene	libraryday	Eli	I did know. I wanted someone else to say it so I could be annoyed at them instead of me.
location_beats_tier_a.rpy	eli_favor_scene	libraryday	narrator	eli
location_beats_tier_a.rpy	eli_favor_scene	libraryday	narrator	\"Keep the clever one and write down why.\"
location_beats_tier_a.rpy	eli_favor_scene	libraryday	[mc_name]	Keep the clever one. Just write down why, next to it.
location_beats_tier_a.rpy	eli_favor_scene	libraryday	Eli	...That's irritatingly reasonable. The explaining was the whole cost and I never thought about paying it once.
location_beats_tier_a.rpy	eli_favor_scene	libraryday	narrator	eli
location_beats_tier_a.rpy	eli_favor_scene	libraryday	Eli	If you've read something twice and it still doesn't land — is that the writing, or is that you?
location_beats_tier_a.rpy	eli_favor_scene	libraryday	[mc_name]	Depends how good you were feeling before you started.
location_beats_tier_a.rpy	eli_favor_scene	libraryday	Eli	Hm.
location_beats_tier_a.rpy	eli_favor_scene	libraryday	narrator	\"It's the writing. Move on.\"
location_beats_tier_a.rpy	eli_favor_scene	libraryday	[mc_name]	It's the writing. Move on.
location_beats_tier_a.rpy	eli_favor_scene	libraryday	Eli	Permission granted by an outside party. That's all I needed, honestly.
location_beats_tier_a.rpy	eli_favor_scene	libraryday	narrator	eli
location_beats_tier_a.rpy	eli_favor_scene	libraryday	narrator	\"Read it out loud once.\"
location_beats_tier_a.rpy	eli_favor_scene	libraryday	[mc_name]	Read it out loud once. If it survives your own voice it's fine.
location_beats_tier_a.rpy	eli_favor_scene	libraryday	Eli	That's a horrible test and I'm going to use it forever.
location_beats_tier_a.rpy	eli_favor_scene	libraryday	narrator	eli
location_beats_tier_a.rpy	eli_favor_scene	libraryday	Eli	Okay. Headphone's going back on. Thank you.
location_beats_tier_a.rpy	eli_after_shift_scene	hub_day	narrator	She's at the wrong end of the floor for her own work, holding a coffee she clearly bought as a reason to be standing there.
location_beats_tier_a.rpy	eli_after_shift_scene	hub_day	Eli	You're here all day, right? The whole eight?
location_beats_tier_a.rpy	eli_after_shift_scene	hub_day	[mc_name]	That's the arrangement.
location_beats_tier_a.rpy	eli_after_shift_scene	hub_day	Eli	Right. So — after. Are you a person who does anything after, or does the day just end?
location_beats_tier_a.rpy	eli_after_shift_scene	hub_day	narrator	\"I could do something after.\"
location_beats_tier_a.rpy	eli_after_shift_scene	hub_day	[mc_name]	I could do something after.
location_beats_tier_a.rpy	eli_after_shift_scene	hub_day	Eli	Noted. Not a plan. I'm bad at plans, they make me want to cancel them.
location_beats_tier_a.rpy	eli_after_shift_scene	hub_day	Eli	But noted.
location_beats_tier_a.rpy	eli_after_shift_scene	hub_day	narrator	eli
location_beats_tier_a.rpy	eli_after_shift_scene	hub_day	narrator	\"Today the day just ends.\"
location_beats_tier_a.rpy	eli_after_shift_scene	hub_day	[mc_name]	Today? The day just ends.
location_beats_tier_a.rpy	eli_after_shift_scene	hub_day	Eli	Honest. Fine. I'll ask on a better day.
location_beats_tier_a.rpy	eli_after_shift_scene	hub_day	narrator	She takes the coffee back to her own end of the floor at a speed that suggests she's finished the part she'd rehearsed.
location_beats_tier_a.rpy	marcus_park_favor_scene	parkday	narrator	Marcus is walking it off at the top of the path, hands on his head, breathing like a man who has made a decision he regrets.
location_beats_tier_a.rpy	marcus_park_favor_scene	parkday	Marcus	Hey. Do me a favour. Run the last loop with me.
location_beats_tier_a.rpy	marcus_park_favor_scene	parkday	[mc_name]	Why?
location_beats_tier_a.rpy	marcus_park_favor_scene	parkday	Marcus	Because on my own I'm going to call it here and pretend I did four.
location_beats_tier_a.rpy	marcus_park_favor_scene	parkday	Marcus	And you'll make it easy, which is insulting, but I'll take it.
location_beats_tier_a.rpy	marcus_park_favor_scene	parkday	narrator	\"One loop.\"
location_beats_tier_a.rpy	marcus_park_favor_scene	parkday	narrator	\"I've got my own thing to do.\"
location_beats_tier_a.rpy	marcus_park_favor_yes	parkday	[mc_name]	One loop.
location_beats_tier_a.rpy	marcus_park_favor_yes	parkday	Marcus	One loop.
location_beats_tier_a.rpy	marcus_park_favor_yes	parkday	narrator	It is not a conversation. It's twenty minutes of two people not being the first to slow down, which is apparently its own kind of talking.
location_beats_tier_a.rpy	marcus_park_favor_yes	parkday	Marcus	Four. Officially four.
location_beats_tier_a.rpy	marcus_park_favor_yes	parkday	narrator	marcus
location_beats_tier_a.rpy	marcus_park_favor_no	parkday	[mc_name]	I've got my own thing to do.
location_beats_tier_a.rpy	marcus_park_favor_no	parkday	Marcus	Fair. I'll lie to myself about it later.
location_beats_tier_a.rpy	marcus_one_game_scene	bar	narrator	Marcus racks the balls with the specific efficiency of a man who is technically still working.
location_beats_tier_a.rpy	marcus_one_game_scene	bar	Marcus	There he is. You know I've thought about that game more than is healthy.
location_beats_tier_a.rpy	marcus_one_game_scene	bar	[mc_name]	You brought it up, not me.
location_beats_tier_a.rpy	marcus_one_game_scene	bar	Marcus	One game. I've got twenty minutes and a grudge.
location_beats_tier_a.rpy	marcus_one_game_scene	bar	Marcus	One game. Table's free and I'm bored of my own bar.
location_beats_tier_a.rpy	marcus_one_game_scene	bar	[mc_name]	Just one?
location_beats_tier_a.rpy	marcus_one_game_scene	bar	Marcus	That's what everyone says.
location_beats_tier_a.rpy	marcus_one_game_scene	bar	narrator	\"Rack them.\"
location_beats_tier_a.rpy	marcus_one_game_scene	bar	[mc_name]	Rack them.
location_beats_tier_a.rpy	marcus_one_game_scene	bar	Marcus	Money on the table first. House rule. My house.
location_beats_tier_a.rpy	marcus_one_game_scene	bar	narrator	\"Not tonight.\"
location_beats_tier_a.rpy	marcus_one_game_scene	bar	[mc_name]	Not tonight.
location_beats_tier_a.rpy	marcus_one_game_scene	bar	Marcus	Table'll be here.
location_beats_tier_a.rpy	nora_exhausted_scene	expression	narrator	You get about as far as ordering before she puts the cup down and just looks at you.
location_beats_tier_a.rpy	nora_exhausted_scene	expression	Nora	Okay. What's happening to you.
location_beats_tier_a.rpy	nora_exhausted_scene	expression	[mc_name]	Nothing's happening to me.
location_beats_tier_a.rpy	nora_exhausted_scene	expression	Nora	You've got the face people have in here at six in the morning. It's not six in the morning.
location_beats_tier_a.rpy	nora_exhausted_scene	expression	Nora	I'd offer you a triple, but honestly at this point that's just being cruel with extra steps.
location_beats_tier_a.rpy	nora_exhausted_scene	expression	narrator	\"It's been a long stretch.\"
location_beats_tier_a.rpy	nora_exhausted_scene	expression	[mc_name]	It's been a long stretch. It'll ease off.
location_beats_tier_a.rpy	nora_exhausted_scene	expression	Nora	That's what I said for about two years.
location_beats_tier_a.rpy	nora_exhausted_scene	expression	Nora	For what it's worth: it does ease off. It just doesn't ease off because you decided it should.
location_beats_tier_a.rpy	nora_exhausted_scene	expression	narrator	nora
location_beats_tier_a.rpy	nora_exhausted_scene	expression	narrator	\"I'm fine.\"
location_beats_tier_a.rpy	nora_exhausted_scene	expression	[mc_name]	I'm fine.
location_beats_tier_a.rpy	nora_exhausted_scene	expression	Nora	Sure.
location_beats_tier_a.rpy	nora_exhausted_scene	expression	Nora	Well. The chairs are free and nobody's counting how long you sit in one.
location_beats_tier_a.rpy	nora_exhausted_scene	expression	narrator	nora
location_beats_tier_a.rpy	nora_exhausted_scene	expression	narrator	\"Say the thing you're clearly about to say.\"
location_beats_tier_a.rpy	nora_exhausted_scene	expression	[mc_name]	Say the thing you're clearly about to say.
location_beats_tier_a.rpy	nora_exhausted_scene	expression	Nora	Go home. Eat something that isn't from here. That's the whole speech.
location_beats_tier_a.rpy	nora_exhausted_scene	expression	Nora	I've given it to about forty people. You're the first one who asked for it.
location_beats_tier_a.rpy	nora_exhausted_scene	expression	narrator	nora
location_beats_tier_a.rpy	nora_walk_out_scene	expression	narrator	She's already got her coat over the back of a chair and the apron half untied — the last ten minutes of a shift, where nobody does any work.
location_beats_tier_a.rpy	nora_walk_out_scene	expression	Nora	You've got about eight minutes of me and then I turn into a person who does not work here.
location_beats_tier_a.rpy	nora_walk_out_scene	expression	[mc_name]	What happens then?
location_beats_tier_a.rpy	nora_walk_out_scene	expression	Nora	I walk to the crossing and complain about the bus. It's a whole thing.
location_beats_tier_a.rpy	nora_walk_out_scene	expression	narrator	\"I'm going that way anyway.\"
location_beats_tier_a.rpy	nora_walk_out_scene	expression	[mc_name]	I'm going that way anyway.
location_beats_tier_a.rpy	nora_walk_out_scene	expression	Nora	Then you're getting the bus complaint. That's the deal, I don't make the rules.
location_beats_tier_a.rpy	nora_walk_out_scene	expression	narrator	You end up at the crossing together at eighteen minutes past, which is late enough that the complaint has real feeling in it.
location_beats_tier_a.rpy	nora_walk_out_scene	expression	narrator	She goes left. You don't. That's the whole thing.
location_beats_tier_a.rpy	nora_walk_out_scene	expression	narrator	nora
location_beats_tier_a.rpy	nora_walk_out_scene	expression	narrator	\"I'll let you get out of here.\"
location_beats_tier_a.rpy	nora_walk_out_scene	expression	[mc_name]	I'll let you get out of here.
location_beats_tier_a.rpy	nora_walk_out_scene	expression	Nora	Appreciated. Genuinely — the eight minutes are the worst part.
location_beats_tier_a.rpy	marcus_zoe_bar_scene	bar	Marcus	— no, because the second you charge for it, it's a job. That's not a bad thing. That's just what it is.
location_beats_tier_a.rpy	marcus_zoe_bar_scene	bar	Zoe	It's a bad thing when you say it like that. You say it like it's a diagnosis.
location_beats_tier_a.rpy	marcus_zoe_bar_scene	bar	Marcus	I'm a bartender. Everything I say sounds like a diagnosis.
location_beats_tier_a.rpy	marcus_zoe_bar_scene	bar	Zoe	You could stop.
location_beats_tier_a.rpy	marcus_zoe_bar_scene	bar	Marcus	...Oh. Hey.
location_beats_tier_a.rpy	marcus_zoe_bar_scene	bar	Zoe	You're a witness now. Sorry. It's mostly his fault.
location_beats_tier_a.rpy	marcus_zoe_bar_scene	bar	narrator	\"Go on then. Both of you.\"
location_beats_tier_a.rpy	marcus_zoe_bar_scene	bar	narrator	\"I'll leave you two to it.\"
location_beats_tier_a.rpy	marcus_zoe_bar_join	bar	[mc_name]	Go on then. Both of you.
location_beats_tier_a.rpy	marcus_zoe_bar_join	bar	Marcus	Right. She sells one painting and now money's a moral problem.
location_beats_tier_a.rpy	marcus_zoe_bar_join	bar	Zoe	One painting is data.
location_beats_tier_a.rpy	marcus_zoe_bar_join	bar	Marcus	One painting is one painting.
location_beats_tier_a.rpy	marcus_zoe_bar_join	bar	narrator	It goes on for half an hour and doesn't resolve, which appears to be the format. Neither of them looks like they want it to.
location_beats_tier_a.rpy	marcus_zoe_bar_join	bar	narrator	marcus
location_beats_tier_a.rpy	marcus_zoe_bar_join	bar	narrator	zoe
location_beats_tier_a.rpy	marcus_zoe_bar_pass	bar	[mc_name]	I'll leave you two to it.
location_beats_tier_a.rpy	marcus_zoe_bar_pass	bar	Zoe	Coward.
location_beats_tier_a.rpy	marcus_zoe_bar_pass	bar	Marcus	Smart man.
location_beats_tier_a.rpy	cross_zoe_nora_scene	expression	Nora	— all I'm saying is you've been ordering the same thing for four months and telling me you're experimenting.
location_beats_tier_a.rpy	cross_zoe_nora_scene	expression	Zoe	I'm experimenting with commitment.
location_beats_tier_a.rpy	cross_zoe_nora_scene	expression	Nora	That's the most artist thing anyone's said to me at this counter.
location_beats_tier_a.rpy	cross_zoe_nora_scene	expression	Zoe	Oh — hey. She's bullying me.
location_beats_tier_a.rpy	cross_zoe_nora_scene	expression	Nora	I'm doing customer service.
location_beats_tier_a.rpy	cross_zoe_nora_scene	expression	narrator	\"Pull up a stool.\"
location_beats_tier_a.rpy	cross_zoe_nora_scene	expression	[mc_name]	Room for one more?
location_beats_tier_a.rpy	cross_zoe_nora_scene	expression	Nora	There's always room, that's the tragedy of a Wednesday.
location_beats_tier_a.rpy	cross_zoe_nora_scene	expression	narrator	Twenty-five minutes of nothing in particular: the same order, the bus, a man outside who has been on the phone since before you arrived.
location_beats_tier_a.rpy	cross_zoe_nora_scene	expression	narrator	Nora keeps working the whole time and somehow stays in the conversation. Zoe doesn't order anything different.
location_beats_tier_a.rpy	cross_zoe_nora_scene	expression	narrator	nora
location_beats_tier_a.rpy	cross_zoe_nora_scene	expression	narrator	zoe
location_beats_tier_a.rpy	cross_zoe_nora_scene	expression	narrator	\"Don't let me interrupt.\"
location_beats_tier_a.rpy	cross_zoe_nora_scene	expression	[mc_name]	Don't let me interrupt.
location_beats_tier_a.rpy	cross_zoe_nora_scene	expression	Zoe	Too late, but appreciated.
location_unlock.rpy	unknown		narrator	location_home
location_unlock.rpy	unknown		narrator	location_bar
location_unlock.rpy	unknown		narrator	location_cafe
location_unlock.rpy	unknown		narrator	location_park
location_unlock.rpy	unknown		narrator	location_gym
location_unlock.rpy	unknown		narrator	location_hub
location_unlock.rpy	unknown		narrator	location_library
location_unlock.rpy	unknown		narrator	location_hospital
location_unlock.rpy	unknown		narrator	location_office
location_unlock.rpy	unknown		narrator	location_kitchen
location_unlock.rpy	unknown		narrator	location_sandbeach
location_unlock.rpy	unknown		narrator	location_nightclub
location_unlock.rpy	unknown		narrator	location_warehouse
location_unlock.rpy	unknown		narrator	location_diner
location_unlock.rpy	unknown		narrator	location_college
location_unlock.rpy	unknown		narrator	future_gallery
location_unlock.rpy	unknown		narrator	unlock_hint
location_unlock.rpy	unknown		narrator	loc_nora_apt
location_unlock.rpy	unknown		narrator	loc_marcus_apt
location_unlock.rpy	unknown		narrator	loc_zoe_studio
location_unlock.rpy	unknown		narrator	loc_eli_dorm
location_unlock.rpy	unknown		narrator	loc_sam_house
location_unlock.rpy	unknown		narrator	loc_lena_apt
location_unlock.rpy	unknown		narrator	loc_natalie_house
location_unlock.rpy	unknown		narrator	loc_kai_apt
location_unlock.rpy	unknown		narrator	loc_martha_apt
location_unlock.rpy	unknown		narrator	loc_caroline_apt
location_unlock.rpy	unknown		narrator	loc_rena_place
location_unlock.rpy	unknown		narrator	loc_elle_apt
location_unlock.rpy	unknown		narrator	loc_julia_apt
location_unlock.rpy	unknown		narrator	Discovered: 
locations.rpy	location_home_actions	expression	narrator	[_p62_home_flavor]
locations.rpy	location_home_actions	expression	narrator	Sleep
locations.rpy	location_home_actions	expression	narrator	Cook something
locations.rpy	location_home_actions	expression	narrator	A catering order came in
locations.rpy	location_home_actions	expression	narrator	Shower (0.5h)
locations.rpy	location_home_actions	expression	narrator	You take a quick shower. Feeling fresh.
locations.rpy	location_home_actions	expression	narrator	Nap (3h)
locations.rpy	location_home_actions	expression	narrator	[_nap_owarn]\nContinue anyway?
locations.rpy	location_home_actions	expression	narrator	Continue
locations.rpy	location_home_actions	expression	narrator	Go back
locations.rpy	location_home_actions	expression	narrator	A proper nap on a proper bed. You wake up sharp.
locations.rpy	location_home_actions	expression	narrator	Use computer
locations.rpy	location_home_actions	expression	narrator	Repair bench
locations.rpy	location_home_actions	expression	narrator	[_p65_art_menu_label]
locations.rpy	location_home_actions	expression	narrator	Practice guitar (2h)
locations.rpy	location_home_actions	expression	narrator	[_guitar_owarn]\nContinue anyway?
locations.rpy	location_home_actions	expression	narrator	Continue
locations.rpy	location_home_actions	expression	narrator	Go back
locations.rpy	location_home_actions	expression	narrator	You run scales and a couple of songs. Fingers sore, ear sharper.
locations.rpy	location_home_actions	expression	narrator	A second session. Progress is slower, but you find a cleaner chord shape.
locations.rpy	location_home_actions	expression	narrator	You noodle for a bit. Your fingers aren't interested today.
locations.rpy	location_home_actions	expression	narrator	Make coffee (0.5h)
locations.rpy	location_home_actions	expression	narrator	Nora's settings. Comes out right.
locations.rpy	location_home_actions	expression	narrator	Fine. Could be better.
locations.rpy	location_home_actions	expression	narrator	Invite someone for dinner (3h)
locations.rpy	location_home_actions	expression	narrator	Home workout (1h)
locations.rpy	location_home_actions	expression	narrator	You put in a solid hour on the equipment. Sweat is honest.
locations.rpy	location_home_actions	expression	narrator	Invite someone over
locations.rpy	location_home_actions	expression	narrator	[_p62_morning_label]
locations.rpy	location_home_actions	expression	narrator	You make yourself something with the [_p62_drink_name]. +[_p62_drink_gain] Energy.
locations.rpy	location_home_actions	expression	narrator	Put a record on (0.5h)
locations.rpy	location_home_actions	expression	narrator	You drop the needle and let the first side play out. The flat feels like yours.
locations.rpy	location_home_actions	expression	narrator	Change guitar strings ($[_p62_strings_cost])
locations.rpy	location_home_actions	expression	narrator	You strip the old set off and put fresh strings on. Everything rings again.
locations.rpy	location_home_actions	expression	narrator	Look around your place
locations.rpy	location_home_invite_menu	expression	narrator	Nobody's free to come over right now.
locations.rpy	location_home_invite_menu	expression	narrator	[_hv_flavour]
locations.rpy	location_cafe	expression	narrator	The café is closed. Come back between 07:00–19:00.
locations.rpy	cafe_first_visit	expression	narrator	The place smells of espresso and warm milk. Behind the counter, a woman in an apron looks up from a stack of cups, dark hair coming loose from its bun.
locations.rpy	cafe_first_visit	expression	Nora	Hey - welcome to Grounds. First time, right? You've got the lost look. Everybody does their first week in this city.
locations.rpy	cafe_first_visit	expression	narrator	\"That obvious? Yeah, just moved in.\"
locations.rpy	cafe_first_visit	expression	Nora	Thought so. Coffee helps. So does not overthinking the menu - it's mostly just coffee with extra steps.
locations.rpy	cafe_first_visit	expression	narrator	\"I'm looking for work, actually.\"
locations.rpy	cafe_first_visit	expression	Nora	Oh? We're always a pair of hands short. Talk to Henry - he owns the place - but honestly, if you can carry a tray without wearing it, you're hired.
locations.rpy	cafe_first_visit	expression	narrator	\"Just here for the coffee.\"
locations.rpy	cafe_first_visit	expression	Nora	A man who knows what he wants. Refreshing, honestly.
locations.rpy	cafe_first_visit	expression	Nora	I'm Nora, by the way. I basically live behind this counter.
locations.rpy	cafe_first_visit	expression	narrator	You introduce yourself.
locations.rpy	cafe_first_visit	expression	Nora	Good to meet you, [mc_name]. First cup's on me - new-neighbor rate. After that Henry starts counting, so enjoy it.
locations.rpy	cafe_actions	expression	narrator	The café lights are going off. Time to head out.
locations.rpy	cafe_actions	expression	narrator	[_cev_title] is happening here.
locations.rpy	cafe_actions	expression	narrator	Attend ([_cev_dur]h)
locations.rpy	cafe_actions	expression	narrator	Skip it
locations.rpy	cafe_actions	expression	narrator	Buy a coffee ($3, 0.5h)
locations.rpy	cafe_actions	expression	narrator	Double-strength today. You feel the buzz hit immediately.
locations.rpy	cafe_actions	expression	narrator	You sip a good coffee. Worth it.
locations.rpy	cafe_actions	expression	narrator	Work a shift - Barista (4h)
locations.rpy	cafe_work_shift	expression	narrator	It's too late to start a full shift.
locations.rpy	cafe_work_shift	expression	narrator	You can barely keep your eyes open. Even Henry would send you home. Sleep first.
locations.rpy	cafe_work_shift	expression	narrator	[_owarn]\nContinue anyway?
locations.rpy	cafe_work_shift	expression	narrator	Continue
locations.rpy	cafe_work_shift	expression	narrator	Go back
locations.rpy	cafe_work_shift	pov_barista	narrator	Four hours of steaming milk and small talk. You pocket $[_cafe_pay].
locations.rpy	cafe_work_shift	pov_barista	Nora	Not bad for a first shift. Henry says you're a natural - high praise, he called me 'adequate' for a year.
locations.rpy	cafe_work_shift	pov_barista	Nora	Another one down. You're basically furniture now. The good kind.
locations.rpy	location_gym	pov_barista	narrator	The gym is closed for the night.
locations.rpy	gym_reception	gym_reception	narrator	The receptionist looks up. \"Pass or day rate?\"
locations.rpy	gym_reception	gym_reception	narrator	Week pass ($40)
locations.rpy	gym_reception	gym_reception	narrator	Not enough cash.
locations.rpy	gym_reception	gym_reception	narrator	She hands over a card. Seven days, unlimited access.
locations.rpy	gym_reception	gym_reception	narrator	Month pass ($120)
locations.rpy	gym_reception	gym_reception	narrator	Not enough cash.
locations.rpy	gym_reception	gym_reception	narrator	Better value if you actually show up. She seems mildly sceptical.
locations.rpy	gym_reception	gym_reception	narrator	Day rate ($8)
locations.rpy	gym_reception	gym_reception	narrator	Not enough cash.
locations.rpy	gym_reception	gym_reception	narrator	One day. Fair enough.
locations.rpy	gym_reception	gym_reception	narrator	Not today.
locations.rpy	gym_floor	gymdaypeople	narrator	[_cev_title] is happening here.
locations.rpy	gym_floor	gymdaypeople	narrator	Attend ([_cev_dur]h)
locations.rpy	gym_floor	gymdaypeople	narrator	Skip it
locations.rpy	gym_floor	gymdaypeople	narrator	Work a shift (8h)
locations.rpy	gym_floor	gymdaypeople	narrator	Too late to start a full shift today.
locations.rpy	gym_floor	gymdaypeople	narrator	You're running on empty. Trainers need rest too.
locations.rpy	gym_floor	gymdaypeople	narrator	[_tr_owarn]\nContinue anyway?
locations.rpy	gym_floor	gymdaypeople	narrator	Continue
locations.rpy	gym_floor	gymdaypeople	narrator	Go back
locations.rpy	gym_floor	gymdaypeople	narrator	Drained, but you kept your energy up for every client. That's the job.
locations.rpy	gym_floor	gymdaypeople	narrator	Back-to-back sessions. You finish knowing exactly what you did today.
locations.rpy	gym_floor	gymdaypeople	narrator	Apply as a Personal Trainer
locations.rpy	gym_floor	gymdaypeople	narrator	Kai looks you over, then at your form on the floor. \"You know how to move. Let's see if you can teach it.\" Assistant trainer. Starting Monday.
locations.rpy	gym_floor	gymdaypeople	narrator	Kai checks your profile. \"STR and the Athletic Training cert minimum. The college runs the course — come back when you're there.\"
locations.rpy	gym_floor	gymdaypeople	narrator	Lead a group class (1.5h)
locations.rpy	gym_floor	gymdaypeople	narrator	Train - weights (1.5h, -28 energy)
locations.rpy	gym_floor	gymdaypeople	narrator	You're too exhausted to lift. Get some rest first.
locations.rpy	gym_floor	gymdaypeople	narrator	The free trainer spots your form and pushes you hard. Exceptional session.
locations.rpy	gym_floor	gymdaypeople	narrator	Pre-workout in the system. You push past the usual ceiling.
locations.rpy	gym_floor	gymdaypeople	narrator	Protein shake in the tank. A clean, productive session.
locations.rpy	gym_floor	gymdaypeople	narrator	A solid session. You can feel it already.
locations.rpy	gym_floor	gymdaypeople	narrator	Head back to the floor
locations.rpy	gym_floor	gymdaypeople	narrator	Push for a personal best (+0.5h)
locations.rpy	gym_floor	gymdaypeople	narrator	You push through and hit a new personal best.
locations.rpy	gym_floor	gymdaypeople	narrator	You finish strong. Not a record, but close.
locations.rpy	gym_floor	gymdaypeople	narrator	Not today. You finish the session anyway.
locations.rpy	gym_floor	gymdaypeople	narrator	Cardio (1h, -12 energy)
locations.rpy	gym_floor	gymdaypeople	narrator	You're too exhausted to run. Rest up first.
locations.rpy	gym_floor	gymdaypeople	narrator	You run until your lungs complain.
locations.rpy	gym_floor	gymdaypeople	narrator	Buy Protein Shake ($12)
locations.rpy	gym_floor	gymdaypeople	narrator	Not enough cash.
locations.rpy	gym_floor	gymdaypeople	narrator	A vanilla protein powder. Mix with water after training. +50%% STR EXP on the next weights session.
locations.rpy	gym_floor	gymdaypeople	narrator	Buy Pre-workout ($20)
locations.rpy	gym_floor	gymdaypeople	narrator	Not enough cash.
locations.rpy	gym_floor	gymdaypeople	narrator	The label is mostly warnings. +100%% STR EXP on the next weights session.
locations.rpy	location_library	gymdaypeople	narrator	The library is closing. Time to head out.
locations.rpy	location_library	expression	narrator	[_cev_title] is happening here.
locations.rpy	location_library	expression	narrator	Attend ([_cev_dur]h)
locations.rpy	location_library	expression	narrator	Skip it
locations.rpy	location_library	expression	narrator	Study — general (2h)
locations.rpy	location_library	expression	narrator	Too tired to focus. The words blur. Sleep first.
locations.rpy	location_library	expression	narrator	[_study_owarn]\nContinue anyway?
locations.rpy	location_library	expression	narrator	Continue
locations.rpy	location_library	expression	narrator	Go back
locations.rpy	location_library	expression	narrator	Two hours of focused reading. Your brain hurts in a good way.
locations.rpy	location_library	expression	narrator	Second session. Progress slows — the mind's full — but you push through.
locations.rpy	location_library	expression	narrator	You're staring at the page. Nothing new is going in. Get some rest.
locations.rpy	location_library	expression	narrator	Self-study a subject (2h, free)
locations.rpy	location_library	expression	narrator	Too tired to concentrate on anything. Sleep first.
locations.rpy	location_library	expression	narrator	What are you working through?
locations.rpy	location_library	expression	narrator	Medicine
locations.rpy	location_library	expression	narrator	Dense textbooks, clinical notes. Slower than a real course, but it sticks.
locations.rpy	location_library	expression	narrator	Programming
locations.rpy	location_library	expression	narrator	Tutorials, docs, Stack Overflow rabbit holes. You get somewhere.
locations.rpy	location_library	expression	narrator	Business
locations.rpy	location_library	expression	narrator	Case studies and frameworks. Dry but useful.
locations.rpy	location_library	expression	narrator	Art
locations.rpy	location_library	expression	narrator	Theory, references, sketching. You can feel the improvement in small ways.
locations.rpy	location_bar	bar	Marcus	Hey. You free tomorrow morning? I know a court at the park. Eight o'clock, if you can make it.
locations.rpy	location_bar	bar	narrator	I'll be there.
locations.rpy	location_bar	bar	Marcus	Good. Don't be late.
locations.rpy	location_bar	bar	narrator	Maybe another time.
locations.rpy	location_bar	bar	Marcus	Your loss.
locations.rpy	location_bar	bar	narrator	[_cev_title] is happening here.
locations.rpy	location_bar	bar	narrator	Attend ([_cev_dur]h)
locations.rpy	location_bar	bar	narrator	Skip it
locations.rpy	location_bar	bar	narrator	Have a drink ($[_drink_cost], 0.5h)
locations.rpy	location_bar	bar	narrator	The noise and the drinks do their job.
locations.rpy	location_bar	bar	narrator	Open Mic (2h) [[Guitar 4 / Rep 8]]
locations.rpy	location_bar	bar	narrator	You're too worn out to perform tonight.
locations.rpy	location_bar	bar	narrator	Bar Games (pool, darts, arm wrestling)
locations.rpy	location_bar	bar	narrator	Socialize (1h)
locations.rpy	location_bar	bar	narrator	Happy hour energy in the air — you're electric tonight.
locations.rpy	location_bar	bar	narrator	You work the room. A few numbers exchanged.
locations.rpy	location_bar	bar	narrator	Second round of conversation. Still good, but the fresh energy is gone.
locations.rpy	location_bar	bar	narrator	You've made the rounds. Everyone's heard your best material. Call it a night.
locations.rpy	location_bar	bar	narrator	You hover near a few groups but can't quite break in. Maybe with a bit more charm.
locations.rpy	location_office	bar	narrator	Nexus Tower is dark on weekends. The corporate world takes Saturdays off.
locations.rpy	location_office	bar	narrator	Nexus Tower is locked up for the night.
locations.rpy	location_office	goodoffice1	narrator	Go to work
locations.rpy	location_office	goodoffice1	narrator	You're too tired or it's too late to start a shift.
locations.rpy	location_office	goodoffice1	narrator	[_corp_owarn]\nContinue anyway?
locations.rpy	location_office	goodoffice1	narrator	Continue
locations.rpy	location_office	goodoffice1	narrator	Go back
locations.rpy	location_office	goodoffice1	narrator	Head out.
locations.rpy	location_office	goodoffice1	narrator	Stay for overtime.
locations.rpy	location_office	goodoffice1	narrator	Ask about a promotion
locations.rpy	location_office	goodoffice1	Caroline	There's an open matter from the reporting review. Come back once it's resolved.
locations.rpy	location_office	goodoffice1	narrator	New title. Caroline hands you the updated contract with a tight smile.
locations.rpy	location_office	goodoffice1	narrator	\"Strong quarter - but you need the skills for the next rung first.\"
locations.rpy	location_office	goodoffice1	narrator	Apply for the graduate scheme
locations.rpy	location_office	goodoffice1	Caroline	HR. Let me save us both time - Business 1, INT 20, CHR 20, APP 20. All four, minimum. The college helps.
locations.rpy	location_office	goodoffice1	narrator	Quit this job
locations.rpy	location_office	goodoffice1	narrator	You hand in your notice. Caroline nods. \"Best of luck.\"
locations.rpy	location_shop_clothing	clothesshop	narrator	Buy a casual outfit ($80)
locations.rpy	location_shop_clothing	clothesshop	narrator	Not enough money.
locations.rpy	location_shop_clothing	clothesshop	narrator	A clean, well-fitted outfit. You carry yourself a little differently.
locations.rpy	location_shop_clothing	clothesshop	narrator	Upgrade your wardrobe (+status)
locations.rpy	location_shop_clothing	clothesshop	narrator	Not enough money.
locations.rpy	location_shop_clothing	clothesshop	narrator	Designer pieces, tailored. You carry yourself differently — people notice.
locations.rpy	location_shop_electronics	electronicsshop	narrator	Buy a gadget ($100)
locations.rpy	location_shop_electronics	electronicsshop	narrator	Not enough money.
locations.rpy	location_shop_electronics	electronicsshop	narrator	A new toy to tinker with. You spend a few evenings digging into it — and pick up a thing or two.
locations.rpy	location_shop_electronics	electronicsshop	narrator	Buy a guitar ($150)
locations.rpy	location_shop_electronics	electronicsshop	narrator	Not enough money.
locations.rpy	location_shop_electronics	electronicsshop	narrator	A decent starter guitar. Now you can practice music at home.
locations.rpy	location_shop_electronics	electronicsshop	narrator	Metal detector ($120)
locations.rpy	location_shop_electronics	electronicsshop	narrator	You can't quite afford it right now.
locations.rpy	location_shop_electronics	electronicsshop	narrator	You pick up a compact metal detector. Good for the beach, if you have time.
locations.rpy	location_shop_gifts	giftshop	narrator	Treat yourself ($30, +energy)
locations.rpy	location_shop_gifts	giftshop	narrator	Not enough money.
locations.rpy	location_shop_gifts	giftshop	narrator	A small indulgence. You feel a little brighter.
locations.rpy	location_shop_gifts	giftshop	narrator	Buy a coffee machine ($150)
locations.rpy	location_shop_gifts	giftshop	narrator	Not enough money.
locations.rpy	location_shop_gifts	giftshop	narrator	Compact, capable, and immediately on the counter. You'll figure out the settings.
locations.rpy	location_shop_gifts	giftshop	narrator	Buy a kitchen set ($200)
locations.rpy	location_shop_gifts	giftshop	narrator	Not enough money.
locations.rpy	location_shop_gifts	giftshop	narrator	Good pans, proper knives, a cutting board that doesn't slide. Cooking becomes less miserable.
locations.rpy	location_shop_gifts	giftshop	narrator	Buy a better bed ($400)
locations.rpy	location_shop_gifts	giftshop	narrator	Not enough money.
locations.rpy	location_shop_gifts	giftshop	narrator	Delivered and set up at home. Sleep restores fully now - and you can grab a Nap.
locations.rpy	location_shop_gifts	giftshop	narrator	Buy jewelry (+status)
locations.rpy	location_shop_gifts	giftshop	narrator	Not enough money.
locations.rpy	location_shop_gifts	giftshop	narrator	A tasteful piece that quietly says you've arrived.
locations.rpy	location_shop_gifts	giftshop	narrator	Buy a book ($20)
locations.rpy	location_shop_gifts	giftshop	narrator	Not enough money.
locations.rpy	location_shop_gifts	giftshop	narrator	A well-chosen paperback. Thoughtful and personal.
locations.rpy	location_shop_gifts	giftshop	narrator	Buy sweets ($15)
locations.rpy	location_shop_gifts	giftshop	narrator	Not enough money.
locations.rpy	location_shop_gifts	giftshop	narrator	A box of good chocolates. Hard to go wrong.
locations.rpy	location_shop_gifts	giftshop	narrator	Buy a gadget ($35)
locations.rpy	location_shop_gifts	giftshop	narrator	Not enough money.
locations.rpy	location_shop_gifts	giftshop	narrator	A small tech gift. Practical and a little flashy.
locations.rpy	location_shop_gifts	giftshop	narrator	Buy flowers ($25)
locations.rpy	location_shop_gifts	giftshop	narrator	Not enough money.
locations.rpy	location_shop_gifts	giftshop	narrator	A fresh bouquet. Classic for a reason.
locations.rpy	location_industrial	warehouse	narrator	Industrial District
locations.rpy	location_industrial	warehouse	narrator	Warehouse
locations.rpy	location_industrial	warehouse	narrator	Car Dealership
locations.rpy	location_industrial	warehouse	narrator	Leave
locations.rpy	location_cardealer	cardealer_day	narrator	Buy a used runabout ($1500)
locations.rpy	location_cardealer	cardealer_day	narrator	Not enough money. The salesman's smile cools.
locations.rpy	location_cardealer	cardealer_day	narrator	Nothing fancy, but it's yours. Wheels change how the city sees you.
locations.rpy	location_cardealer	cardealer_day	narrator	Trade up to a nice car ($4000)
locations.rpy	location_cardealer	cardealer_day	narrator	Not enough money for the upgrade yet.
locations.rpy	location_cardealer	cardealer_day	narrator	Clean lines, leather seats. People clock it in the parking lot.
locations.rpy	location_cardealer	cardealer_day	narrator	Buy the luxury model ($12000)
locations.rpy	location_cardealer	cardealer_day	narrator	Not enough for the flagship. Come back richer.
locations.rpy	location_cardealer	cardealer_day	narrator	The kind of car that opens doors before you say a word.
locations.rpy	location_cardealer	cardealer_day	narrator	Your car's top of the line
locations.rpy	location_cardealer	cardealer_day	narrator	Nothing here beats what's already in your garage.
locations.rpy	location_kitchen	kitchen	narrator	Work a shift (8h)
locations.rpy	location_kitchen	kitchen	narrator	Too late to start a full shift today.
locations.rpy	location_kitchen	kitchen	narrator	Too wiped to cook a full service. Go sleep - chef's orders.
locations.rpy	location_kitchen	kitchen	narrator	[_cul_owarn]\nContinue anyway?
locations.rpy	location_kitchen	kitchen	narrator	Continue
locations.rpy	location_kitchen	kitchen	narrator	Go back
locations.rpy	location_kitchen	kitchen	narrator	Slammed and half-asleep, you burn a plate and hear about it. Bad night on the line.
locations.rpy	location_kitchen	kitchen	narrator	A brutal service, but you kept your station clean and fast. Chef almost nodded.
locations.rpy	location_kitchen	kitchen	narrator	Ask about a promotion
locations.rpy	location_kitchen	kitchen	narrator	The chef grunts approval and hands you a bigger station. Moving up.
locations.rpy	location_kitchen	kitchen	narrator	\"Not yet. Cook more, cook better, then we talk.\"
locations.rpy	location_kitchen	kitchen	narrator	Drop off your CV
locations.rpy	location_kitchen	kitchen	narrator	The head chef eyes your knife roll. \"Commis. Don't bleed on my food.\" You're in.
locations.rpy	location_kitchen	kitchen	narrator	The head chef barely looks up. \"Not ready. Cooking 1 and some muscle, minimum. Learn to prep first.\"
locations.rpy	location_kitchen	kitchen	narrator	Quit the kitchen
locations.rpy	location_kitchen	kitchen	narrator	You hang up the apron. The heat wasn't for you.
locations.rpy	location_nightclub	nightclub	narrator	Hit the dance floor (1h)
locations.rpy	location_nightclub	nightclub	narrator	You lose an hour to the beat. Worth it.
locations.rpy	location_nightclub	nightclub	narrator	Work the crowd (1h) [[CHR 30]]
locations.rpy	location_nightclub	nightclub	narrator	You need CHR 30 to hold this room.
locations.rpy	location_nightclub	nightclub	narrator	Industry night — the room is full of people who matter. You're on fire.
locations.rpy	location_nightclub	nightclub	narrator	You move room to room, easy and loud. A few new contacts.
locations.rpy	location_nightclub	nightclub	narrator	Buy a round ($15)
locations.rpy	location_nightclub	nightclub	narrator	Not enough cash.
locations.rpy	location_nightclub	nightclub	narrator	Drinks all around. Cheap way to be popular for ten minutes.
locations.rpy	location_nightclub	nightclub	narrator	DJ night - dance floor (1h) [[Fri-Sun]]
locations.rpy	location_nightclub	nightclub	narrator	DJ nights are Fri–Sun only.
locations.rpy	location_nightclub	nightclub	narrator	The DJ pushes the crowd up. You lose yourself in it — when you surface you're grinning.
locations.rpy	location_nightclub	nightclub	narrator	VIP section ($50, +CHR) [[Fri-Sun]]
locations.rpy	location_nightclub	nightclub	narrator	VIP is Fri–Sun only, $50 entry.
locations.rpy	location_nightclub	nightclub	narrator	The bouncer waves you past the red rope. Different league in here.
locations.rpy	location_flea_market	mallday	narrator	Browse stalls (1h)
locations.rpy	location_flea_market	mallday	narrator	You end up in a long chat with a vendor who turns out to know everyone. Useful.
locations.rpy	location_flea_market	mallday	narrator	A lap around the stalls. Easy crowd, easy conversation.
locations.rpy	location_flea_market	mallday	narrator	Buy a vintage piece ($25)
locations.rpy	location_flea_market	mallday	narrator	Not enough cash.
locations.rpy	location_flea_market	mallday	narrator	A score. There's something satisfying about finding the right thing.
locations.rpy	location_flea_market	mallday	narrator	Buy a book ($12, +INT)
locations.rpy	location_flea_market	mallday	narrator	Not enough cash.
locations.rpy	location_flea_market	mallday	narrator	A dog-eared paperback from a half-collapsed box. You'll read it tonight.
locations.rpy	location_flea_market	mallday	narrator	Haggle with vendors (1h)
locations.rpy	location_flea_market	mallday	narrator	Back and forth over prices. Good practice in reading people.
locations.rpy	location_park	expression	narrator	[_cev_title] is happening here.
locations.rpy	location_park	expression	narrator	Attend ([_cev_dur]h)
locations.rpy	location_park	expression	narrator	Skip it
locations.rpy	location_park	expression	narrator	Jog (1h)
locations.rpy	location_park	expression	narrator	Perfect conditions. You hit your stride and don't stop. Best run in weeks.
locations.rpy	location_park	expression	narrator	The air is crisp. Good start to the day.
locations.rpy	location_park	expression	narrator	Second lap. Body's getting used to it — still worthwhile.
locations.rpy	location_park	expression	narrator	You're going through the motions. Not much left to gain today.
locations.rpy	location_park	expression	narrator	Read a book (1.5h)
locations.rpy	location_park	expression	narrator	A quiet hour on the bench. A few ideas shake loose.
locations.rpy	location_park	expression	narrator	You read, but your mind is elsewhere. A bit of INT, at least.
locations.rpy	location_park	expression	narrator	You stare at the page. The words blur. Nothing left to take in today.
locations.rpy	location_park	expression	narrator	Play basketball (1.5h)
locations.rpy	location_park	expression	narrator	Too worn out for a game. Rest first.
locations.rpy	location_park	expression	narrator	A pickup game on the court. Sweaty, competitive, good.
locations.rpy	location_park	expression	narrator	Play guitar (Zoe's here) (2h)
locations.rpy	location_park	expression	narrator	Busk (1.5h)
locations.rpy	location_park	expression	narrator	Not today — you're running on empty.
locations.rpy	location_sandbeach	expression	narrator	Search with metal detector (2h)
locations.rpy	location_sandbeach	expression	narrator	[_metal_owarn]\nContinue anyway?
locations.rpy	location_sandbeach	expression	narrator	Continue
locations.rpy	location_sandbeach	expression	narrator	Go back
locations.rpy	location_sandbeach	expression	narrator	Two hours sweeping the shoreline. You find [_sf].
locations.rpy	location_sandbeach	expression	narrator	Relax (1h)
locations.rpy	location_sandbeach	expression	narrator	The sound of the waves. The city could be anywhere. Your mind clears.
locations.rpy	location_sandbeach	expression	narrator	You've already relaxed here today. You start checking your phone.
locations.rpy	location_sandbeach	expression	narrator	Swim (1h)
locations.rpy	location_sandbeach	expression	narrator	You're too worn out to swim. Rest first.
locations.rpy	location_sandbeach	expression	narrator	Cold, clear, and exactly what you needed. Your arms are properly tired.
locations.rpy	location_sandbeach	expression	narrator	Second session. Still good, but your body's running low.
locations.rpy	location_sandbeach	expression	narrator	Your arms are dead. You swim a short lap and call it.
locations.rpy	location_sandbeach	expression	narrator	Sunbathe (1.5h)
locations.rpy	location_sandbeach	expression	narrator	Salt air and sun.
locations.rpy	beach_meet_zoe	zoe_beach_1	narrator	The beach out here is better than you expected. Not a resort strip - just sand and water and that particular quiet you only get when the city is far enough away to be decorative.
locations.rpy	beach_meet_zoe	zoe_beach_1	narrator	You find a clear patch and almost miss her.
locations.rpy	beach_meet_zoe	zoe_beach_2	narrator	A girl, sitting cross-legged at the shoreline where the sand is still damp. A sketchbook balanced on her knees. Headphones around her neck - not on, just there, like she's not done with the world but keeping the option open.
locations.rpy	beach_meet_zoe	zoe_beach_3	narrator	She holds a charcoal stick the way some people hold a cigarette - like it's part of the hand. The page is full of lines: the angle of waves, the smear of city buildings reflected in moving water.
locations.rpy	beach_meet_zoe	zoe_beach_3	narrator	She hasn't looked up once.
locations.rpy	beach_meet_zoe	zoe_beach_3	narrator	Go over. Say something.
locations.rpy	beach_meet_zoe	zoe_beach_3	narrator	Stay where you are. You don't break someone's flow.
locations.rpy	zoe_beach_approach	zoe_beach_3	narrator	You cross the sand. She hears you coming - a slight adjustment of posture, but the charcoal keeps moving.
locations.rpy	zoe_beach_approach	zoe_beach_3	narrator	Then you're close enough that staying silent becomes its own thing, and she looks up.
locations.rpy	zoe_beach_approach	zoe_beach_3	Zoe	Can I help you?
locations.rpy	zoe_beach_approach	zoe_beach_4	narrator	Measured. Not unfriendly. The voice of someone who has ranked interrupt-interrupters before and is simply placing you.
locations.rpy	zoe_beach_approach	zoe_beach_4	narrator	\"I was curious what you're drawing.\"
locations.rpy	zoe_beach_approach	zoe_beach_4	Zoe	Waves. The way the buildings catch in the water when there's a swell.
locations.rpy	zoe_beach_approach	zoe_beach_4	narrator	She angles the sketchbook toward you, briefly - just enough. The lines are loose and confident. Building reflections broken into something almost abstract.
locations.rpy	zoe_beach_approach	zoe_beach_4	Zoe	It doesn't translate in a photo. Which is the entire point.
locations.rpy	zoe_beach_approach	zoe_beach_4	narrator	She pulls it back.
locations.rpy	zoe_beach_approach	zoe_beach_4	Zoe	Most people who interrupt me out here want to know if I'm a 'real artist.' Like there's a counterfeit version.
locations.rpy	zoe_beach_approach	zoe_beach_4	narrator	\"Are you?\"
locations.rpy	zoe_beach_approach	zoe_beach_4	Zoe	Define it and I'll tell you. I make things. Whether that qualifies depends on who's reviewing the grant.
locations.rpy	zoe_beach_approach	zoe_beach_4	narrator	She gives you another look. Slower this time.
locations.rpy	zoe_beach_approach	zoe_beach_4	Zoe	You're new. You've got the look.
locations.rpy	zoe_beach_approach	zoe_beach_4	narrator	\"What does the fake kind look like?\"
locations.rpy	zoe_beach_approach	zoe_beach_4	Zoe	Ha.
locations.rpy	zoe_beach_approach	zoe_beach_4	narrator	Short. Real. She wasn't expecting that one.
locations.rpy	zoe_beach_approach	zoe_beach_4	Zoe	Sells prints on a website. Talks a lot about their 'process' at dinner parties. But I try not to be mean about it.
locations.rpy	zoe_beach_approach	zoe_beach_4	Zoe	You're new here. I can always tell.
locations.rpy	zoe_beach_approach	zoe_beach_4	narrator	\"Hey - I'm [mc_name]. Just moved in.\"
locations.rpy	zoe_beach_approach	zoe_beach_4	Zoe	Zoe.
locations.rpy	zoe_beach_approach	zoe_beach_4	narrator	She says it the way you sign a receipt. Efficient. Then she actually looks at you.
locations.rpy	zoe_beach_approach	zoe_beach_4	Zoe	New to the city or just new to this part of it?
locations.rpy	zoe_beach_approach	zoe_beach_4	narrator	\"New to the city. Still finding my feet.\"
locations.rpy	zoe_beach_approach	zoe_beach_4	Zoe	Then this is a good first beach. Locals mostly use it. The tourist one's two bays over - noisier, worse coffee, everyone's performing.
locations.rpy	zoe_beach_approach	zoe_beach_4	Zoe	How long have you been here?
locations.rpy	zoe_beach_approach	zoe_beach_4	narrator	You tell her.
locations.rpy	zoe_beach_approach	zoe_beach_4	Zoe	Long enough to find the beach, not long enough to know anyone. That's the good window, actually. Before the city starts feeling small.
locations.rpy	zoe_beach_approach	zoe_beach_4	narrator	\"New to this neighborhood. Still working out the city.\"
locations.rpy	zoe_beach_approach	zoe_beach_4	Zoe	It has a trick to it. Took me a year before I stopped getting turned around by the waterfront.
locations.rpy	zoe_beach_approach	zoe_beach_4	Zoe	Pick a direction and walk until something's worth drawing. That's my method. It's not efficient, but it works.
locations.rpy	zoe_beach_approach	zoe_beach_4	narrator	She seems satisfied you're not about to be annoying.
locations.rpy	zoe_beach_approach	zoe_beach_4	Zoe	You're not the type who talks just to fill silence?
locations.rpy	zoe_beach_approach	zoe_beach_4	narrator	\"Not really.\"
locations.rpy	zoe_beach_approach	zoe_beach_4	Zoe	Good. Pull up some sand if you want. I've got ten more minutes of light.
locations.rpy	zoe_beach_approach	zoe_beach_4	narrator	\"Sometimes. Depends on the silence.\"
locations.rpy	zoe_beach_approach	zoe_beach_4	Zoe	Fair. That's actually fair.
locations.rpy	zoe_beach_watch	zoe_beach_4	narrator	You hang back. She's in that specific kind of concentration where interrupting would be like tripping a cable mid-charge. You know that state. You respect it.
locations.rpy	zoe_beach_watch	zoe_beach_4	narrator	A few minutes go by. The water's good out here. There's a container ship on the horizon - absurdly large, barely moving.
locations.rpy	zoe_beach_watch	zoe_beach_4	narrator	She erases something. Makes a short frustrated sound, almost inaudible. Re-draws the line. Erases it again.
locations.rpy	zoe_beach_watch	zoe_beach_4	narrator	Her shoulders drop slightly. There's something she's trying to get that isn't coming.
locations.rpy	zoe_beach_watch	zoe_beach_4	narrator	You understand that too.
locations.rpy	zoe_beach_watch	zoe_beach_4	narrator	Five minutes. Maybe more. Long enough that you stop counting.
locations.rpy	zoe_beach_watch	zoe_beach_4	narrator	She stretches - rolls her neck, sets the charcoal down on the sketchbook - and turns to look at the water.
locations.rpy	zoe_beach_watch	zoe_beach_4	narrator	Sees you immediately.
locations.rpy	zoe_beach_watch	zoe_beach_4	narrator	A long pause. She looks at you, then back at the water, then at you again.
locations.rpy	zoe_beach_watch	zoe_beach_4	Zoe	...You've been standing there this whole time.
locations.rpy	zoe_beach_watch	zoe_beach_4	narrator	Not a question.
locations.rpy	zoe_beach_watch	zoe_beach_4	Zoe	I would have heard you leave.
locations.rpy	zoe_beach_watch	zoe_beach_4	narrator	\"I didn't want to interrupt.\"
locations.rpy	zoe_beach_watch	zoe_beach_4	Zoe	You were going to eventually. Everyone does.
locations.rpy	zoe_beach_watch	zoe_beach_4	Zoe	What stopped you?
locations.rpy	zoe_beach_watch	zoe_beach_4	narrator	\"You were getting somewhere. I could see it from here.\"
locations.rpy	zoe_beach_watch	zoe_beach_4	narrator	She blinks. Looks at the sketchbook. Then back at you.
locations.rpy	zoe_beach_watch	zoe_beach_4	Zoe	...I wasn't, actually. But that's the right thing to look for.
locations.rpy	zoe_beach_watch	zoe_beach_4	narrator	\"Breaking flow felt rude.\"
locations.rpy	zoe_beach_watch	zoe_beach_4	Zoe	Most people don't think about that.
locations.rpy	zoe_beach_watch	zoe_beach_4	Zoe	Sit down. You're making me self-conscious.
locations.rpy	zoe_beach_watch	zoe_beach_4	narrator	\"You looked like you were in it.\"
locations.rpy	zoe_beach_watch	zoe_beach_4	Zoe	I was. I'm not anymore. Something I was chasing got away from me.
locations.rpy	zoe_beach_watch	zoe_beach_4	narrator	She doesn't sound angry. Just honest about it.
locations.rpy	zoe_beach_watch	zoe_beach_4	Zoe	You can come over. Since you've been hovering.
locations.rpy	zoe_beach_watch	zoe_beach_4	narrator	[[Say nothing. Just hold up a hand - caught, fair enough.]]
locations.rpy	zoe_beach_watch	zoe_beach_4	narrator	She stares at you for a second. Then a short exhale. Almost a laugh.
locations.rpy	zoe_beach_watch	zoe_beach_4	Zoe	Okay.
locations.rpy	zoe_beach_watch	zoe_beach_4	Zoe	Come sit. You're going to get a crick in your neck standing like that.
locations.rpy	zoe_beach_watch	zoe_beach_4	narrator	You cross the sand and sit down next to her. She goes back to the page, or pretends to.
locations.rpy	zoe_beach_watch	zoe_beach_5	narrator	The sea does that thing where it sounds like breathing.
locations.rpy	zoe_beach_watch	zoe_beach_5	narrator	After a minute:
locations.rpy	zoe_beach_watch	zoe_beach_5	Zoe	What do you see? In the water.
locations.rpy	zoe_beach_watch	zoe_beach_5	narrator	It's a test. You can feel it.
locations.rpy	zoe_beach_watch	zoe_beach_5	narrator	\"Reflections. The city upside-down.\"
locations.rpy	zoe_beach_watch	zoe_beach_5	Zoe	Yeah. That's it exactly.
locations.rpy	zoe_beach_watch	zoe_beach_5	Zoe	Nobody looks at that. They look at the waves or the horizon. The interesting part's always in the middle somewhere.
locations.rpy	zoe_beach_watch	zoe_beach_5	narrator	\"Just water. I'm not going to pretend otherwise.\"
locations.rpy	zoe_beach_watch	zoe_beach_5	Zoe	Honest.
locations.rpy	zoe_beach_watch	zoe_beach_5	Zoe	The water's fine. It's what it does to everything around it that matters. But that comes with practice.
locations.rpy	zoe_beach_watch	zoe_beach_5	narrator	\"The city. But softer.\"
locations.rpy	zoe_beach_watch	zoe_beach_5	narrator	She looks at you sideways.
locations.rpy	zoe_beach_watch	zoe_beach_5	Zoe	Okay. You pass.
locations.rpy	zoe_beach_shared	zoe_beach_5	narrator	Eventually she closes the sketchbook. Taps it twice with one charcoal-stained finger like she's filing the whole session away.
locations.rpy	zoe_beach_shared	zoe_beach_5	Zoe	First time at this beach?
locations.rpy	zoe_beach_shared	zoe_beach_5	narrator	You tell her it is.
locations.rpy	zoe_beach_shared	zoe_beach_5	Zoe	It's the right one. The other two are for people who want to be seen at the beach. This one's for people who actually want the beach.
locations.rpy	zoe_beach_shared	zoe_beach_5	narrator	She starts brushing sand from her jeans. There's charcoal on two fingers. She doesn't bother with it.
locations.rpy	zoe_beach_shared	zoe_beach_5	Zoe	I'm here most weeks when it's not raining. Trying to get the reflections right before the season changes and the light goes flat.
locations.rpy	zoe_beach_shared	zoe_beach_5	narrator	She tucks the sketchbook under her arm and stands.
locations.rpy	zoe_beach_shared	zoe_beach_5	Zoe	You're not the worst person to run into.
locations.rpy	zoe_beach_shared	zoe_beach_5	narrator	She says it the way someone gives a verdict. Which, you think, she basically did.
locations.rpy	zoe_beach_shared	zoe_beach_5	narrator	The smile that follows - half-turned away, like she didn't sign off on it - happens anyway.
locations.rpy	zoe_beach_shared	zoe_beach_6	narrator	She walks off down the shore.
locations.rpy	zoe_beach_shared	zoe_beach_7	narrator	You watch for a second.
locations.rpy	zoe_beach_shared	zoe_beach_7	narrator	You think: {i}that one's going to be interesting.{/i}
locations.rpy	location_centrum	expression	narrator	The road is barricaded off past the crossing. Stalls, cabling, a stage at the far end — the Downtown Summer Festival, in full swing.
locations.rpy	location_centrum	expression	narrator	Head in.
locations.rpy	location_centrum	expression	narrator	Not tonight.
locations.rpy	location_warehouse	warehouse	narrator	Work a shift (8h)
locations.rpy	location_warehouse	warehouse	narrator	Too tired or too late to start a shift.
locations.rpy	location_warehouse	warehouse	narrator	[_wh_owarn]\nContinue anyway?
locations.rpy	location_warehouse	warehouse	narrator	Continue
locations.rpy	location_warehouse	warehouse	narrator	Go back
locations.rpy	location_warehouse	warehouse	narrator	Sunday overtime. Time-and-a-half and a sore back — Natalie's standard deal. Your back will remind you tomorrow.
locations.rpy	location_warehouse	warehouse	narrator	Eight hours of hauling. At clock-out the floor manager, Natalie, sizes you up: \"Not useless. I'm Natalie. Don't make me remember your name for the wrong reasons.\"
locations.rpy	location_warehouse	warehouse	narrator	Eight hours of hauling and stacking. Your back aches; your wallet's heavier.
locations.rpy	location_warehouse	warehouse	narrator	Apply for work
locations.rpy	location_warehouse	warehouse	Natalie	Come back when you can actually lift. STR 25, minimum. Next.
locations.rpy	location_hospital	expression	narrator	Cosmetic treatment ($350, 2h)
locations.rpy	location_hospital	expression	narrator	The clinic coordinator slides the price sheet back. You can't cover $350 today.
locations.rpy	location_hospital	expression	narrator	A minor procedure. Subtle, but noticeable — you leave looking especially polished. It'll last about a week.
locations.rpy	location_hospital	expression	narrator	Work a shift (8h)
locations.rpy	location_hospital	expression	narrator	You're too tired or it's too late to start a shift.
locations.rpy	location_hospital	expression	narrator	[_hosp_owarn]\nContinue anyway?
locations.rpy	location_hospital	expression	narrator	Continue
locations.rpy	location_hospital	expression	narrator	Go back
locations.rpy	location_hospital	expression	narrator	Exhausted and unfed, you fumble a chart and get chewed out. A shift like this sets you back.
locations.rpy	location_hospital	expression	narrator	Charts, rounds, a dozen small crises handled. You earned the coffee.
locations.rpy	location_hospital	expression	narrator	You did everything correctly. The outcome wasn't yours to control.
locations.rpy	location_hospital	expression	narrator	There are things to review. But not tonight.
locations.rpy	location_hospital	expression	narrator	Ask about a promotion
locations.rpy	location_hospital	expression	narrator	You're handed a new badge. The attending smiles. \"Welcome to residency.\"
locations.rpy	location_hospital	expression	narrator	A doctor mid-coffee catches you in the hall. \"Fresh resident? I'm Lena. You'll live. Probably.\" You've got a colleague now.
locations.rpy	location_hospital	expression	narrator	\"Not quite there. Keep at it.\"
locations.rpy	location_hospital	expression	narrator	Drop off your CV
locations.rpy	location_hospital	expression	narrator	A doctor at the desk skims your file. \"Med Student it is. Try not to faint.\" You're in.
locations.rpy	location_hospital	expression	narrator	A tired doctor hands your CV back. \"Not there yet - Medicine 2, INT 30, CHR 15 minimum. The college teaches it.\"
locations.rpy	location_hospital	expression	narrator	Find Dr. Lena on break (0.5h)
locations.rpy	location_hospital	expression	narrator	Quit medicine
locations.rpy	location_hospital	expression	narrator	You hang up the coat. Not everyone's built for it.
locations.rpy	location_hub	expression	narrator	The Hub is shut. Back at 08:00.
locations.rpy	location_hub	expression	narrator	Work a shift (8h)
locations.rpy	location_hub	expression	narrator	Too late to start a full shift today.
locations.rpy	location_hub	expression	narrator	You're running on empty. Your lead would send you home. Sleep first.
locations.rpy	location_hub	expression	narrator	[_it_owarn]\nContinue anyway?
locations.rpy	location_hub	expression	narrator	Continue
locations.rpy	location_hub	expression	narrator	Go back
locations.rpy	location_hub	expression	narrator	Running on fumes, you ship bugs and miss the standup. At least the commit went through.
locations.rpy	location_hub	expression	narrator	Headphones on, heads down. A good day's work shipped.
locations.rpy	location_hub	expression	narrator	Ask about a promotion
locations.rpy	location_hub	expression	narrator	Your lead grins. \"Earned it.\" New title, better pay, higher bar.
locations.rpy	location_hub	expression	narrator	\"Strong quarter - but you need the skills for the next rung first.\"
locations.rpy	location_hub	expression	narrator	Apply for a dev role
locations.rpy	location_hub	expression	narrator	You nail the interview. Junior Dev at The Hub. Welcome to the grind.
locations.rpy	location_hub	expression	narrator	A dev lead skims your work and slides it back. \"Not yet - Programming 2 and INT 30 minimum. The college runs courses.\"
locations.rpy	location_hub	expression	narrator	Quit this job
locations.rpy	location_hub	expression	narrator	You hand in your notice. Free again - broke soon, but free.
locations.rpy	location_hub	expression	narrator	Introduce Eli and Zoe (2h)
locations.rpy	location_hub	expression	narrator	Work on Eli's open source project (2h)
locations.rpy	location_college	expression	narrator	The college is closed on weekends. Back Monday at 08:00.
locations.rpy	location_college	expression	narrator	The college is closed for the day. Back at 08:00.
locations.rpy	location_college	college_day	narrator	Programming ($[_prog_cost], 3h, -22 energy)
locations.rpy	location_college	college_day	narrator	Medicine ($[_med_cost], 3h, -22 energy)
locations.rpy	location_college	college_day	narrator	Business ($[_biz_cost], 3h, -22 energy)
locations.rpy	location_college	college_day	narrator	Art ($[_art_cost], 3h, -22 energy)
locations.rpy	location_college	college_day	narrator	Degree examinations →
locations.rpy	location_college_exams	college_day	narrator	Medicine Bachelor's ($[_mb_cost], 8h) [[Req: Med Lv4]]
locations.rpy	location_college_exams	college_day	narrator	Requirements not met or too tired.
locations.rpy	location_college_exams	college_day	narrator	Eight hours of exams across three halls. You pass. Medicine — Bachelor's earned.
locations.rpy	location_college_exams	college_day	narrator	Medicine Master's ($[_mm_cost], 8h) [[Req: Med Lv7]]
locations.rpy	location_college_exams	college_day	narrator	Requirements not met or too tired.
locations.rpy	location_college_exams	college_day	narrator	The hardest day you've had at a desk. Medicine — Master's earned.
locations.rpy	location_college_exams	college_day	narrator	CS Bachelor's ($[_pb_cost], 8h) [[Req: Prog Lv4]]
locations.rpy	location_college_exams	college_day	narrator	Requirements not met or too tired.
locations.rpy	location_college_exams	college_day	narrator	Theory, algorithms, a written section. Computer Science — Bachelor's earned.
locations.rpy	location_college_exams	college_day	narrator	CS Master's ($[_pm_cost], 8h) [[Req: Prog Lv7]]
locations.rpy	location_college_exams	college_day	narrator	Requirements not met or too tired.
locations.rpy	location_college_exams	college_day	narrator	Eight hours of advanced systems theory. Computer Science — Master's earned.
locations.rpy	location_college_exams	college_day	narrator	Business Bachelor's ($[_bb_cost], 8h) [[Req: Biz Lv4]]
locations.rpy	location_college_exams	college_day	narrator	Requirements not met or too tired.
locations.rpy	location_college_exams	college_day	narrator	Case studies, finance, a group presentation. Business — Bachelor's earned.
locations.rpy	location_college_exams	college_day	narrator	Business Master's ($[_bm_cost], 8h) [[Req: Biz Lv7]]
locations.rpy	location_college_exams	college_day	narrator	Requirements not met or too tired.
locations.rpy	location_college_exams	college_day	narrator	Strategy, leadership, one brutal oral exam. Business — Master's earned.
locations.rpy	location_college_exams	college_day	narrator	You're too exhausted to absorb anything. Come back after some sleep.
locations.rpy	location_college_exams	college_day	narrator	[_crs_owarn]\nContinue anyway?
locations.rpy	location_college_exams	college_day	narrator	Continue
locations.rpy	location_college_exams	college_day	narrator	Go back
locations.rpy	location_college_exams	college_study	narrator	You can't cover the course fee at your current level. Earn more first.
locations.rpy	location_college_exams	college_study	narrator	You've maxed this one out - nothing more they can teach you here.
locations.rpy	location_college_exams	college_study	narrator	Three hours of lectures and exercises. It's starting to click.
locations.rpy	action_sleep_menu	cheap_home_sleep	narrator	Until morning (8h) — new day, full rest
locations.rpy	action_sleep_menu	cheap_home_sleep	narrator	[_sleep_owarn]\nContinue anyway?
locations.rpy	action_sleep_menu	cheap_home_sleep	narrator	Continue
locations.rpy	action_sleep_menu	cheap_home_sleep	narrator	Go back
locations.rpy	action_sleep_menu	cheap_home_sleep	narrator	6 hours (+[_sleep_b6] energy)
locations.rpy	action_sleep_menu	cheap_home_sleep	narrator	[_sleep_owarn]\nContinue anyway?
locations.rpy	action_sleep_menu	cheap_home_sleep	narrator	Continue
locations.rpy	action_sleep_menu	cheap_home_sleep	narrator	Go back
locations.rpy	action_sleep_menu	cheap_home_sleep	narrator	Six hours. You wake in the dark, properly rested.
locations.rpy	action_sleep_menu	cheap_home_sleep	narrator	4 hours (+[_sleep_b4] energy)
locations.rpy	action_sleep_menu	cheap_home_sleep	narrator	[_sleep_owarn]\nContinue anyway?
locations.rpy	action_sleep_menu	cheap_home_sleep	narrator	Continue
locations.rpy	action_sleep_menu	cheap_home_sleep	narrator	Go back
locations.rpy	action_sleep_menu	cheap_home_sleep	narrator	Four hours. Functional, if not fresh.
locations.rpy	action_sleep_menu	cheap_home_sleep	narrator	2 hours (+[_sleep_b2] energy)
locations.rpy	action_sleep_menu	cheap_home_sleep	narrator	[_sleep_owarn]\nContinue anyway?
locations.rpy	action_sleep_menu	cheap_home_sleep	narrator	Continue
locations.rpy	action_sleep_menu	cheap_home_sleep	narrator	Go back
locations.rpy	action_sleep_menu	cheap_home_sleep	narrator	Two hours. Takes the edge off, nothing more.
locations.rpy	action_sleep_menu	cheap_home_sleep	narrator	Stay up
locations.rpy	action_sleep	expression	narrator	You sleep through the night.\n[datestr]
locations.rpy	check_collapse	expression	narrator	The edges of everything go white. You don't remember hitting the floor.
locations.rpy	check_collapse	hospital1	narrator	You come round in the ER, a drip in your arm. Skipping every meal finally caught up with you - and the bill isn't cheap.
locations.rpy	map	map_city	narrator	Two panels sit at the top. Left: the date, the time and where you are. Right: your cash, Energy, Hunger and any temporary state. Click any of them for detail.
locations.rpy	map	map_city	narrator	Low Energy blocks demanding things like work and training. If Hunger bottoms out, everything's a slog. Hygiene isn't on the top bar — it drops how others read your Appearance, and the Energy panel shows where it stands. Eat, shower and sleep to recover — the 'Me' button (bottom-left) shows your full stats.
locations.rpy	map	map_city	narrator	Pick a district or venue to travel there instantly. Travel is free — it doesn't advance time — but venues keep their own schedules and opening hours.
locations.rpy	nora_closing_scene	cafenight	narrator	The café looks different at this hour. Chairs stacked on half the tables. One lamp above the counter. The espresso machine, finally, quiet.
locations.rpy	nora_closing_scene	nora_closing_1	Nora	Closing time. Lucky for you there's one cup left in the pot. Come in or don't.
locations.rpy	nora_closing_scene	nora_closing_1	narrator	She doesn't wait for an answer - pours two cups, sets them on a table, sits down. You sit across from her.
locations.rpy	nora_closing_scene	nora_closing_2	narrator	\"Didn't realise it was so late.\"
locations.rpy	nora_closing_scene	nora_closing_2	Nora	It always is, after a shift. Time does something weird behind the counter.
locations.rpy	nora_closing_scene	nora_closing_2	narrator	\"I was hoping you'd still be here.\"
locations.rpy	nora_closing_scene	nora_closing_2	Nora	That's a thing to say.
locations.rpy	nora_closing_scene	nora_closing_3	Nora	You've been in a lot lately. What are you actually looking for in this city?
locations.rpy	nora_closing_scene	nora_closing_3	narrator	\"A reason to stay.\"
locations.rpy	nora_closing_scene	nora_closing_3	Nora	That's the honest answer.
locations.rpy	nora_closing_scene	nora_closing_3	Nora	I hope you find one.
locations.rpy	nora_closing_scene	nora_closing_3	narrator	\"Money, mostly. And something that doesn't feel like wasted time.\"
locations.rpy	nora_closing_scene	nora_closing_3	Nora	Yeah. That's most people. They just don't say it out loud.
locations.rpy	nora_closing_scene	nora_closing_3	narrator	\"Still figuring that out.\"
locations.rpy	nora_closing_scene	nora_closing_3	Nora	Same, honestly. I've been figuring it out for three years and counting.
locations.rpy	nora_closing_scene	nora_closing_4	narrator	She wraps both hands tighter around the cup.
locations.rpy	nora_closing_scene	nora_closing_4	Nora	I was supposed to be studying nursing right now. Deferred a year. Then another. Henry offered me full-time and the timing just... worked.
locations.rpy	nora_closing_scene	nora_closing_4	narrator	She glances at her hands.
locations.rpy	nora_closing_scene	nora_closing_4	Nora	I'm good at this job. That's the annoying part. When you're bad at something it's easy to leave.
locations.rpy	nora_closing_scene	nora_closing_5	narrator	\"Then go. You're clearly just waiting for permission.\"
locations.rpy	nora_closing_scene	nora_closing_5	Nora	...You make it sound that easy.
locations.rpy	nora_closing_scene	nora_closing_5	narrator	\"Being good at something isn't a reason to stay stuck in it.\"
locations.rpy	nora_closing_scene	nora_closing_5	Nora	Henry would cope.
locations.rpy	nora_closing_scene	nora_closing_5	narrator	She says it quietly, like she's testing the idea.
locations.rpy	nora_closing_scene	nora_closing_5	narrator	\"What's actually stopping you?\"
locations.rpy	nora_closing_scene	nora_closing_5	narrator	She pauses a long time.
locations.rpy	nora_closing_scene	nora_closing_5	Nora	Nothing good.
locations.rpy	nora_closing_scene	nora_closing_5	narrator	\"Let me walk you home.\"
locations.rpy	nora_closing_scene	nora_closing_5	Nora	It's late and I live close.
locations.rpy	nora_closing_scene	nora_closing_5	narrator	Beat.
locations.rpy	nora_closing_scene	nora_closing_5	Nora	You can tell me what you're running from on the way.
locations.rpy	nora_closing_scene	nora_closing_5	narrator	\"Let me walk you home.\"
locations.rpy	nora_closing_scene	nora_closing_5	Nora	I'm fine - it's five minutes.
locations.rpy	nora_closing_scene	nora_closing_5	narrator	Beat.
locations.rpy	nora_closing_scene	nora_closing_5	Nora	Ask me again sometime.
locations.rpy	nora_closing_scene	nora_closing_6	narrator	She puts on her coat. Keys in hand. She looks around the café for a second - the habit of checking everything before she leaves.
locations.rpy	nora_closing_scene	nora_closing_6	Nora	You're easier to talk to when there's no counter in the way.
locations.rpy	nora_closing_scene	nora_closing_6	narrator	She unlocks the door, holds it open.
locations.rpy	nora_closing_scene	nora_closing_7	Nora	Don't tell Henry I gave away his last coffee.
locations.rpy	nora_closing_scene	nora_closing_7	narrator	The café lights go off as you step outside.
locations.rpy	nora_closing_scene	nora_closing_7	narrator	\"Next time — not as a customer.\"
locations.rpy	nora_closing_scene	nora_closing_7	narrator	She stops walking. Just for a second.
locations.rpy	nora_closing_scene	nora_closing_7	Nora	That's a thing to say in the dark.
locations.rpy	nora_closing_scene	nora_closing_7	narrator	She doesn't walk it back.
locations.rpy	nora_closing_scene	nora_closing_7	narrator	\"Same time next week?\"
locations.rpy	nora_closing_scene	nora_closing_7	Nora	I'll be here.
locations.rpy	nora_closing_scene	nora_closing_7	narrator	She says it lightly. The door is still open, in more ways than one.
locations.rpy	nora_closing_scene	nora_closing_7	narrator	[[Walk. Say nothing.]]
locations.rpy	nora_closing_scene	nora_closing_7	narrator	She doesn't try to fill it. Neither do you.
locations.rpy	elle_pier_scene	elle_pier_1	narrator	She doesn't head toward the main strip. She turns the other way, past the pier, where the sand gets quieter.
locations.rpy	elle_pier_scene	elle_pier_1	Elle	Come on. I'll show you the actual beach.
locations.rpy	elle_pier_scene	elle_pier_2	Elle	Nobody comes this far down. Which is exactly the point.
locations.rpy	elle_pier_scene	elle_pier_2	narrator	She drops onto a rock and kicks off her sandals. The water out here is the same water, but it feels different without the noise behind it.
locations.rpy	elle_pier_scene	elle_pier_3	Elle	I come here when I need to not be anywhere specific, you know?
locations.rpy	elle_pier_scene	elle_pier_3	narrator	\"You come here a lot?\"
locations.rpy	elle_pier_scene	elle_pier_3	Elle	Every Wednesday I can manage. Some weeks it's the only thing that feels like mine.
locations.rpy	elle_pier_scene	elle_pier_3	narrator	\"What are you running from?\"
locations.rpy	elle_pier_scene	elle_pier_3	Elle	That's a question.
locations.rpy	elle_pier_scene	elle_pier_3	narrator	She looks at you sideways. Not offended. Considering.
locations.rpy	elle_pier_scene	elle_pier_3	Elle	Not running. Just... not arriving yet. There's a difference.
locations.rpy	elle_pier_scene	elle_pier_4	Elle	Back home everyone always asks what I'm doing with my life. Out here nobody knows I exist.
locations.rpy	elle_pier_scene	elle_pier_4	narrator	She says it like it's a relief, not a complaint.
locations.rpy	elle_pier_scene	elle_pier_4	narrator	\"What are you actually doing with your life?\"
locations.rpy	elle_pier_scene	elle_pier_4	Elle	Currently? Sitting on a rock, avoiding that exact question. You're terrible at this.
locations.rpy	elle_pier_scene	elle_pier_4	narrator	She's smiling when she says it.
locations.rpy	elle_pier_scene	elle_pier_4	narrator	\"Sounds like you needed to disappear for a while.\"
locations.rpy	elle_pier_scene	elle_pier_4	Elle	Yeah. Something like that.
locations.rpy	elle_pier_scene	elle_pier_4	narrator	A pause. The sea fills it better than words would.
locations.rpy	elle_pier_scene	elle_pier_4	narrator	\"I know that feeling.\"
locations.rpy	elle_pier_scene	elle_pier_4	Elle	Do you?
locations.rpy	elle_pier_scene	elle_pier_4	narrator	She looks at you properly for the first time since you sat down.
locations.rpy	elle_pier_scene	elle_pier_4	Elle	Good. Then you get it.
locations.rpy	elle_pier_scene	elle_pier_5	narrator	You sit there without saying much. The light goes gold and orange.
locations.rpy	elle_pier_scene	elle_pier_6	Elle	We should do something normal sometime. Not a beach. Something where we have to actually talk.
locations.rpy	elle_pier_scene	elle_pier_6	narrator	\"Is that an invitation?\"
locations.rpy	elle_pier_scene	elle_pier_6	Elle	If you want it to be.
locations.rpy	elle_pier_scene	elle_pier_6	narrator	\"I'd like that.\"
locations.rpy	elle_pier_scene	elle_pier_6	Elle	Me too.
locations.rpy	elle_pier_scene	elle_pier_6	narrator	You head back through the city.
locations.rpy	lena_rooftop_scene	hospital_rooftop_night	narrator	The stairwell door is already propped open. You weren't planning to come up here — but the ward feels impossible right now and the sky is the only ceiling that isn't fluorescent.
locations.rpy	lena_rooftop_scene	lena_rooftop_1	Dr. Lena	I figured someone else would come up eventually.
locations.rpy	lena_rooftop_scene	lena_rooftop_1	narrator	She has a paper cup of something. She doesn't look like a doctor right now. She looks like someone who's been at it too long.
locations.rpy	lena_rooftop_scene	lena_rooftop_1	narrator	\"Rough shift?\"
locations.rpy	lena_rooftop_scene	lena_rooftop_1	Dr. Lena	Twelve beds, two residents calling in. Standard chaos.
locations.rpy	lena_rooftop_scene	lena_rooftop_1	narrator	She says it flat. Not complaining — just cataloguing.
locations.rpy	lena_rooftop_scene	lena_rooftop_1	narrator	\"I didn't know this was up here.\"
locations.rpy	lena_rooftop_scene	lena_rooftop_1	Dr. Lena	Most people don't bother finding out. The view's not worth it unless you need it to be.
locations.rpy	lena_rooftop_scene	lena_rooftop_2	narrator	You sit on the ledge beside her. The city is quiet at this hour in a way it never is from ground level.
locations.rpy	lena_rooftop_scene	lena_rooftop_2	Dr. Lena	You did well tonight, by the way. That tachycardia in bed seven — you caught it before I did.
locations.rpy	lena_rooftop_scene	lena_rooftop_3	Dr. Lena	I keep thinking I'll get used to it. The nights where you can't actually fix anything.
locations.rpy	lena_rooftop_scene	lena_rooftop_3	narrator	She's looking out at the city, not at you.
locations.rpy	lena_rooftop_scene	lena_rooftop_3	Dr. Lena	You just manage. Make it slightly less bad. Go home. Come back.
locations.rpy	lena_rooftop_scene	lena_rooftop_3	narrator	\"That sounds exhausting.\"
locations.rpy	lena_rooftop_scene	lena_rooftop_3	Dr. Lena	It is. But you don't say that out loud usually.
locations.rpy	lena_rooftop_scene	lena_rooftop_3	narrator	A pause.
locations.rpy	lena_rooftop_scene	lena_rooftop_3	Dr. Lena	It's easier up here.
locations.rpy	lena_rooftop_scene	lena_rooftop_3	narrator	\"Is it worth it?\"
locations.rpy	lena_rooftop_scene	lena_rooftop_3	Dr. Lena	Ask me on a good day and I'll say yes immediately.
locations.rpy	lena_rooftop_scene	lena_rooftop_3	Dr. Lena	Ask me at 3am after a shift like tonight and I'll tell you I don't know.
locations.rpy	lena_rooftop_scene	lena_rooftop_3	Dr. Lena	Both answers are true.
locations.rpy	lena_rooftop_scene	lena_rooftop_3	narrator	\"You're not just managing. You're very good at this.\"
locations.rpy	lena_rooftop_scene	lena_rooftop_3	narrator	She glances at you. Something shifts in her expression.
locations.rpy	lena_rooftop_scene	lena_rooftop_3	Dr. Lena	That's... actually something I needed to hear tonight. Thank you.
locations.rpy	lena_rooftop_scene	lena_rooftop_4	narrator	She finishes whatever's in the cup. Sets it down. Looks at the city like she's still processing something she saw eight hours ago.
locations.rpy	lena_rooftop_scene	lena_rooftop_4	Dr. Lena	I chose this. I want to be clear about that. I'm not here by accident.
locations.rpy	lena_rooftop_scene	lena_rooftop_4	Dr. Lena	I just didn't account for what it costs.
locations.rpy	lena_rooftop_scene	lena_rooftop_5	narrator	She stands, smooths her jacket, picks up the cup.
locations.rpy	lena_rooftop_scene	lena_rooftop_5	Dr. Lena	Get some sleep. You're back in seven hours.
locations.rpy	lena_rooftop_scene	lena_rooftop_5	narrator	She heads for the door. Stops.
locations.rpy	lena_rooftop_scene	lena_rooftop_5	Dr. Lena	It helps. Having someone up here who gets it.
locations.rpy	lena_rooftop_scene	lena_rooftop_5	narrator	You take the stairs down.
locations.rpy	eli_find_scene	sandbeach_day	narrator	You pull out the metal detector. Eli watches like they're deciding whether to take this seriously.
locations.rpy	eli_find_scene	eli_find_1	Eli	Does that thing actually find anything?
locations.rpy	eli_find_scene	eli_find_1	narrator	You tell them: sometimes.
locations.rpy	eli_find_scene	eli_find_1	Eli	Define sometimes.
locations.rpy	eli_find_scene	eli_find_1	narrator	\"Bottle caps, mostly.\"
locations.rpy	eli_find_scene	eli_find_1	Eli	That's bleak.
locations.rpy	eli_find_scene	eli_find_1	narrator	\"You'd be surprised.\"
locations.rpy	eli_find_scene	eli_find_1	Eli	I'm already surprised you own this.
locations.rpy	eli_find_scene	eli_find_2	narrator	You sweep the shoreline. Eli walks alongside, not helping exactly, but present.
locations.rpy	eli_find_scene	eli_find_2	narrator	There's a rhythm to it — step, sweep, listen.
locations.rpy	eli_find_scene	eli_find_2	narrator	First hit: a 2009 euro coin, warped from salt.
locations.rpy	eli_find_scene	eli_find_2	Eli	Keep it?
locations.rpy	eli_find_scene	eli_find_2	narrator	\"It's something.\"
locations.rpy	eli_find_scene	eli_find_2	narrator	You pocket it.
locations.rpy	eli_find_scene	eli_find_2	narrator	\"It's a coin.\"
locations.rpy	eli_find_scene	eli_find_2	narrator	You toss it back into the sand for the next person.
locations.rpy	eli_find_scene	eli_find_3	narrator	A second hit — louder. Eli stops talking.
locations.rpy	eli_find_scene	eli_find_3	narrator	You dig. A key, old enough that you can't tell what it opened.
locations.rpy	eli_find_scene	eli_find_3	Eli	Someone lost that and had a very bad day.
locations.rpy	eli_find_scene	eli_find_3	narrator	A pause. The sea is unhelpfully indifferent.
locations.rpy	eli_find_scene	eli_find_3	Eli	I've never thought about how many things just... stay in the ground. Permanently lost.
locations.rpy	eli_find_scene	eli_find_4	narrator	Third hit. Strong. Different frequency from the others.
locations.rpy	eli_find_scene	eli_find_4	narrator	You dig for a minute. Something metallic, small. You pull it out.
locations.rpy	eli_find_scene	eli_find_4	narrator	\"It's a ring.\"
locations.rpy	eli_find_scene	eli_find_4	narrator	Gold band. Old. Still intact.
locations.rpy	eli_find_scene	eli_find_4	Eli	...huh.
locations.rpy	eli_find_scene	eli_find_4	narrator	They take it carefully. Look at it.
locations.rpy	eli_find_scene	eli_find_4	Eli	There's probably no one to give this back to.
locations.rpy	eli_find_scene	eli_find_4	narrator	\"Keep it.\"
locations.rpy	eli_find_scene	eli_find_4	Eli	I feel like we're supposed to feel something about this.
locations.rpy	eli_find_scene	eli_find_4	narrator	You both look at it for a moment.
locations.rpy	eli_find_scene	eli_find_4	narrator	\"Leave it somewhere visible.\"
locations.rpy	eli_find_scene	eli_find_4	narrator	You put it on top of a nearby rock. It won't be there tomorrow. But it's not yours.
locations.rpy	eli_find_scene	eli_find_4	Eli	That's probably the right call.
locations.rpy	eli_find_scene	eli_find_4	narrator	\"Old token. Transport or something.\"
locations.rpy	eli_find_scene	eli_find_4	Eli	Way less dramatic.
locations.rpy	eli_find_scene	eli_find_5	narrator	You pack the detector away. The light is going orange. Eli sits on the sand.
locations.rpy	eli_find_scene	eli_find_5	Eli	I'd been meaning to say — you're easier to be around than I expected. At the start.
locations.rpy	eli_find_scene	eli_find_5	narrator	You ask what they expected.
locations.rpy	eli_find_scene	eli_find_5	Eli	Someone more eager. You're not.
locations.rpy	eli_find_scene	eli_find_5	narrator	\"Is that a compliment?\"
locations.rpy	eli_find_scene	eli_find_5	Eli	It's an observation. But yes.
locations.rpy	eli_find_scene	eli_find_5	narrator	Say nothing. Let it land.
locations.rpy	eli_find_scene	eli_find_5	narrator	Eli nods once. Conversation apparently complete.
locations.rpy	martha_rooftop_scene	bar_rooftop_night	narrator	Martha suggested this place. End of quarter, she said. Good enough reason.
locations.rpy	martha_rooftop_scene	bar_rooftop_night	narrator	The rooftop bar is the kind of place that costs more than it shows.
locations.rpy	martha_rooftop_scene	martha_rooftop_1	narrator	She's already there. Different from the office — not looser exactly. Less constructed.
locations.rpy	martha_rooftop_scene	martha_rooftop_1	Martha	You found it.
locations.rpy	martha_rooftop_scene	martha_rooftop_1	narrator	She says it like she wasn't entirely sure you would.
locations.rpy	martha_rooftop_scene	martha_rooftop_1	narrator	\"You gave good directions.\"
locations.rpy	martha_rooftop_scene	martha_rooftop_1	Martha	I gave you a postcode and a floor number.
locations.rpy	martha_rooftop_scene	martha_rooftop_1	narrator	\"I almost went to the wrong bar.\"
locations.rpy	martha_rooftop_scene	martha_rooftop_1	Martha	There are three on this block. It's a recurring problem.
locations.rpy	martha_rooftop_scene	martha_rooftop_2	narrator	Drinks. The city from above. She's looking at something middle-distance.
locations.rpy	martha_rooftop_scene	martha_rooftop_2	Martha	I wanted to say something I can't say in the office.
locations.rpy	martha_rooftop_scene	martha_rooftop_2	Martha	You've been handled badly there. By a few people. Before you were established.
locations.rpy	martha_rooftop_scene	martha_rooftop_2	Martha	I noticed. I didn't always act on it. I wanted you to know I noticed.
locations.rpy	martha_rooftop_scene	martha_rooftop_2	narrator	\"Why are you telling me now?\"
locations.rpy	martha_rooftop_scene	martha_rooftop_2	Martha	Because you're past the point where it can be used against you.
locations.rpy	martha_rooftop_scene	martha_rooftop_2	narrator	She says it practically. The kindness is in the timing.
locations.rpy	martha_rooftop_scene	martha_rooftop_2	narrator	\"Thank you.\"
locations.rpy	martha_rooftop_scene	martha_rooftop_2	narrator	She looks briefly uncomfortable with the gratitude.
locations.rpy	martha_rooftop_scene	martha_rooftop_2	Martha	Don't. Just — don't let it happen to the next person.
locations.rpy	martha_rooftop_scene	martha_rooftop_3	narrator	Halfway through the second drink, the city gets louder and she gets quieter.
locations.rpy	martha_rooftop_scene	martha_rooftop_3	Martha	I had a plan when I joined Nexus. Very specific. Five years.
locations.rpy	martha_rooftop_scene	martha_rooftop_3	Martha	That was nine years ago.
locations.rpy	martha_rooftop_scene	martha_rooftop_3	narrator	\"What changed?\"
locations.rpy	martha_rooftop_scene	martha_rooftop_3	Martha	The work kept being interesting. I kept being good at it.
locations.rpy	martha_rooftop_scene	martha_rooftop_3	Martha	Those two things are harder to walk away from than I planned for.
locations.rpy	martha_rooftop_scene	martha_rooftop_3	narrator	\"Is that a bad thing?\"
locations.rpy	martha_rooftop_scene	martha_rooftop_3	Martha	Ask me in another nine years.
locations.rpy	martha_rooftop_scene	martha_rooftop_3	narrator	Something almost like a smile.
locations.rpy	martha_rooftop_scene	martha_rooftop_3	narrator	\"I think you like it more than you admit.\"
locations.rpy	martha_rooftop_scene	martha_rooftop_3	narrator	She looks at you for a moment.
locations.rpy	martha_rooftop_scene	martha_rooftop_3	Martha	That's probably true.
locations.rpy	martha_rooftop_scene	martha_rooftop_4	narrator	She pours the last of the bottle into your glass before her own. You notice.
locations.rpy	martha_rooftop_scene	martha_rooftop_4	Martha	What do you actually want from this? Not the title. Not the review scores.
locations.rpy	martha_rooftop_scene	martha_rooftop_4	narrator	The question is specific enough that you believe she wants an actual answer.
locations.rpy	martha_rooftop_scene	martha_rooftop_4	narrator	\"Something I built. That stays.\"
locations.rpy	martha_rooftop_scene	martha_rooftop_4	Martha	That's a real answer.
locations.rpy	martha_rooftop_scene	martha_rooftop_4	narrator	She says it like it surprised her.
locations.rpy	martha_rooftop_scene	martha_rooftop_4	narrator	\"I don't know yet. I'm still figuring that out.\"
locations.rpy	martha_rooftop_scene	martha_rooftop_4	Martha	That's a better answer than most people give at your stage.
locations.rpy	martha_rooftop_scene	martha_rooftop_4	Martha	Most people have a rehearsed version. Yours is honest.
locations.rpy	martha_rooftop_scene	martha_rooftop_4	narrator	\"Honestly? To stop worrying about it.\"
locations.rpy	martha_rooftop_scene	martha_rooftop_4	Martha	...
locations.rpy	martha_rooftop_scene	martha_rooftop_4	Martha	That's the most honest thing anyone's said to me at this bar.
locations.rpy	martha_rooftop_scene	martha_rooftop_5	narrator	The bar fills up around you. You stop noticing.
locations.rpy	martha_rooftop_scene	martha_rooftop_5	narrator	At some point she refills your glass and says:
locations.rpy	martha_rooftop_scene	martha_rooftop_5	Martha	You're going to be good at this. Whatever you choose.
locations.rpy	martha_rooftop_scene	martha_rooftop_5	narrator	She doesn't wait for a response. Just finishes her drink.
locations.rpy	martha_rooftop_scene	martha_rooftop_6	narrator	Outside. The city is warm and continuous below.
locations.rpy	martha_rooftop_scene	martha_rooftop_6	Martha	Same time next quarter.
locations.rpy	martha_rooftop_scene	martha_rooftop_6	narrator	She doesn't frame it as a question.
locations.rpy	martha_rooftop_scene	martha_rooftop_6	narrator	\"Same time. Somewhere different.\"
locations.rpy	martha_rooftop_scene	martha_rooftop_6	narrator	She's quiet for a moment.
locations.rpy	martha_rooftop_scene	martha_rooftop_6	Martha	Is that what this was.
locations.rpy	martha_rooftop_scene	martha_rooftop_6	narrator	Not a question. She's filing it.
locations.rpy	martha_rooftop_scene	martha_rooftop_6	Martha	I'll note that.
locations.rpy	martha_rooftop_scene	martha_rooftop_6	narrator	She walks toward the stairs without elaborating.
locations.rpy	martha_rooftop_scene	martha_rooftop_6	narrator	\"Same time next quarter.\"
locations.rpy	martha_rooftop_scene	martha_rooftop_6	Martha	Good.
locations.rpy	martha_rooftop_scene	martha_rooftop_6	narrator	She says it like a conclusion. Which it is.
locations.rpy	martha_rooftop_scene	martha_rooftop_6	narrator	[[Watch the city. Say nothing.]]
locations.rpy	martha_rooftop_scene	martha_rooftop_6	narrator	She follows your gaze for a moment.
locations.rpy	martha_rooftop_scene	martha_rooftop_6	narrator	The silence doesn't need filling. She knows that.
locations.rpy	nora_rent_scene	cafenight	narrator	Late. You're the only customer left. Nora's filling out a form at the counter.
locations.rpy	nora_rent_scene	nora_rent_1	Nora	You ever thought about how much of your life is just paying for the place you sleep?
locations.rpy	nora_rent_scene	nora_rent_1	narrator	She says it like she's been thinking about it for a while.
locations.rpy	nora_rent_scene	nora_rent_2	narrator	The form. You can see the number from where you're sitting.
locations.rpy	nora_rent_scene	nora_rent_2	Nora	Landlord's raising it again. Third time in two years.
locations.rpy	nora_rent_scene	nora_rent_3	narrator	\"Is it still worth it?\"
locations.rpy	nora_rent_scene	nora_rent_3	Nora	That's the question I've been avoiding.
locations.rpy	nora_rent_scene	nora_rent_3	narrator	She puts the pen down.
locations.rpy	nora_rent_scene	nora_rent_3	Nora	The café's here. Henry's not going to find someone else. That's the trap.
locations.rpy	nora_rent_scene	nora_rent_3	Nora	Good enough to stay. Not good enough to actually want.
locations.rpy	nora_rent_scene	nora_rent_3	Nora	You're doing that thing where you listen like you actually care what the answer is.
locations.rpy	nora_rent_scene	nora_rent_3	narrator	\"I do.\"
locations.rpy	nora_rent_scene	nora_rent_3	Nora	Then you're one of the few.
locations.rpy	nora_rent_scene	nora_rent_3	narrator	Say nothing.
locations.rpy	nora_rent_scene	nora_rent_3	narrator	She goes back to the form.
locations.rpy	nora_rent_scene	nora_rent_3	narrator	\"Can you negotiate with him?\"
locations.rpy	nora_rent_scene	nora_rent_3	Nora	I tried. He sent back a PDF.
locations.rpy	nora_rent_scene	nora_rent_3	narrator	You both sit with that.
locations.rpy	nora_rent_scene	nora_rent_3	Nora	I looked at moving. The numbers don't work unless I also quit, which — no.
locations.rpy	nora_rent_scene	nora_rent_3	Nora	It's fine. I'll figure it out. Always do.
locations.rpy	nora_rent_scene	nora_rent_3	narrator	She says it in a way that suggests she's had to say it a lot.
locations.rpy	nora_rent_scene	nora_rent_3	narrator	\"You don't have to act like it's fine.\"
locations.rpy	nora_rent_scene	nora_rent_3	Nora	...yeah.
locations.rpy	nora_rent_scene	nora_rent_3	narrator	\"Let me know if something opens up near me.\"
locations.rpy	nora_rent_scene	nora_rent_3	Nora	That's either generous or you don't know what I'd be like as a neighbour.
locations.rpy	sam_gym_scene	gym	narrator	Sam's still here. The gym's nearly empty — just the two of you and the overhead hum.
locations.rpy	sam_gym_scene	sam_gym_1	Sam	I noticed you've been putting in the time. You're consistent. That's rarer than people think.
locations.rpy	sam_gym_scene	sam_gym_2	narrator	You stretch out by the weights. Sam sits across, water bottle in hand.
locations.rpy	sam_gym_scene	sam_gym_2	Sam	What are you actually training for? Or is it just the routine?
locations.rpy	sam_gym_scene	sam_gym_3	narrator	\"Mostly the routine.\"
locations.rpy	sam_gym_scene	sam_gym_3	Sam	That's enough. Most people need a reason. The routine is its own reason.
locations.rpy	sam_gym_scene	sam_gym_3	narrator	\"Something to feel in control of.\"
locations.rpy	sam_gym_scene	sam_gym_3	Sam	Yeah. I get that.
locations.rpy	sam_gym_scene	sam_gym_3	narrator	A pause that means they get it more than they're saying.
locations.rpy	sam_gym_scene	sam_gym_3	narrator	\"To keep up with you, honestly.\"
locations.rpy	sam_gym_scene	sam_gym_3	narrator	Sam looks at you.
locations.rpy	sam_gym_scene	sam_gym_3	Sam	I'm going to pretend I didn't like that.
locations.rpy	sam_gym_scene	sam_gym_4	Sam	I used to hate this place. Now it's the only part of the day I don't second-guess.
locations.rpy	sam_gym_scene	sam_gym_4	narrator	You ask what changed.
locations.rpy	sam_gym_scene	sam_gym_5a	Sam	Stopped trying to turn it into something productive. Just — moved.
locations.rpy	sam_gym_scene	sam_gym_5a	narrator	\"That's harder than it sounds.\"
locations.rpy	sam_gym_scene	sam_gym_5a	Sam	It really is.
locations.rpy	sam_gym_scene	sam_gym_5a	narrator	You finish the session without counting reps. That's the best kind.
locations.rpy	sam_gym_scene	sam_gym_5a	narrator	\"I still count every rep.\"
locations.rpy	sam_gym_scene	sam_gym_5a	Sam	You'll get there.
locations.rpy	sam_gym_scene	sam_gym_5a	narrator	Sam shows you one thing. One adjustment in the grip. It makes a difference.
locations.rpy	sam_gym_scene	sam_gym_5a	narrator	By the end you're both quiet. That's fine.
locations.rpy	zoe_beach_night_scene	zoe_beach_night_1	narrator	The beach at this hour is mostly dark. Zoe's at the water's edge, shoes off.
locations.rpy	zoe_beach_night_scene	zoe_beach_night_1	Zoe	I didn't think you'd actually come.
locations.rpy	zoe_beach_night_scene	zoe_beach_night_1	narrator	You say you weren't sure either.
locations.rpy	zoe_beach_night_scene	zoe_beach_night_1	Zoe	Honest. Good.
locations.rpy	zoe_beach_night_scene	zoe_beach_night_1	narrator	\"You looked like you needed the company.\"
locations.rpy	zoe_beach_night_scene	zoe_beach_night_1	Zoe	I did. Don't tell me I was obvious.
locations.rpy	zoe_beach_night_scene	zoe_beach_night_1	narrator	She sits. You follow. The tide doesn't care about either of you.
locations.rpy	zoe_beach_night_scene	zoe_beach_night_1	Zoe	I've been thinking about whether I'm doing this city right.
locations.rpy	zoe_beach_night_scene	zoe_beach_night_1	Zoe	Like — is there a right way? Or does everyone feel like they're making it up?
locations.rpy	zoe_beach_night_scene	zoe_beach_night_1	narrator	\"I wanted to come.\"
locations.rpy	zoe_beach_night_scene	zoe_beach_night_1	Zoe	Okay. That's — okay.
locations.rpy	zoe_beach_night_scene	zoe_beach_night_1	narrator	She doesn't say anything for a while. The water fills the silence.
locations.rpy	zoe_beach_night_scene	zoe_beach_night_1	Zoe	This is the only place I don't feel like I should be somewhere else.
locations.rpy	zoe_beach_night_scene	zoe_beach_night_3	narrator	Later. The city hum, the cold air, neither of you quite ready to leave.
locations.rpy	zoe_beach_night_scene	zoe_beach_night_3	narrator	\"Same time next week?\"
locations.rpy	zoe_beach_night_scene	zoe_beach_night_3	Zoe	Don't make it a schedule. Just — show up.
locations.rpy	zoe_beach_night_scene	zoe_beach_night_3	narrator	Walk her home.
locations.rpy	zoe_beach_night_scene	zoe_beach_night_3	Zoe	You don't have to.
locations.rpy	zoe_beach_night_scene	zoe_beach_night_3	narrator	You go anyway.
locations.rpy	it_trial_team_lead	hub_night	narrator	2:47 AM. Your phone won't stop.
locations.rpy	it_trial_team_lead	hub_night	narrator	Slack: @channel — prod is down. Revenue dropping $800/minute.
locations.rpy	it_trial_team_lead	hub_night	narrator	Your lead is overseas. You're the most senior person awake.
locations.rpy	it_trial_team_lead	hub_night	narrator	Dig into the logs carefully
locations.rpy	it_trial_team_lead	hub_night	narrator	You comb through stack traces. There — a botched migration.
locations.rpy	it_trial_team_lead	hub_night	narrator	Three commands. Patch, redeploy, monitor. 4:12 AM: green.
locations.rpy	it_trial_team_lead	hub_night	narrator	Monday morning the CEO sends a Slack. Your name is in it.
locations.rpy	it_trial_team_lead	hub_night	narrator	Your lead calls. \"Team Lead. Effective today.\"
locations.rpy	it_trial_team_lead	hub_night	narrator	Too much to parse. You guess wrong. The rollback takes down two other services.
locations.rpy	it_trial_team_lead	hub_night	narrator	\"You almost had it. Come back sharper.\"
locations.rpy	it_trial_team_lead	hub_night	narrator	Roll back the last deploy immediately
locations.rpy	it_trial_team_lead	hub_night	narrator	Wrong call — the rollback cascades and takes down two other services.
locations.rpy	it_trial_team_lead	hub_night	narrator	Morning comes with a very quiet Slack. \"You almost had it. A few more days.\"
locations.rpy	hospital_trial_resident	expression	Dr. Lena	Complicated presentation. No one agrees on the diagnosis. I need a second pair of eyes.
locations.rpy	hospital_trial_resident	expression	Dr. Lena	What does the blood panel tell you — first instinct?
locations.rpy	hospital_trial_resident	expression	narrator	Read the inflammation markers carefully
locations.rpy	hospital_trial_resident	expression	Dr. Lena	...That's the right thread. Most residents miss it.
locations.rpy	hospital_trial_resident	expression	narrator	You work through the night. The patient stabilizes before dawn.
locations.rpy	hospital_trial_resident	expression	Dr. Lena	I put your name on the case report.
locations.rpy	hospital_trial_resident	expression	narrator	Board approval comes that afternoon. Resident. Finally.
locations.rpy	hospital_trial_resident	expression	Dr. Lena	We need someone who can commit to a diagnosis. Come back sharper.
locations.rpy	hospital_trial_resident	expression	narrator	A week later: \"When you're ready.\"
locations.rpy	hospital_trial_resident	expression	narrator	Admit you'd need more tests first
locations.rpy	hospital_trial_resident	expression	Dr. Lena	That's honest. But in a crisis I need decisiveness. Go home. Rest.
locations.rpy	hospital_trial_resident	expression	narrator	You leave before sunrise.
locations.rpy	location_anchor	expression	narrator	The Anchor doesn't open until evening.
locations.rpy	location_anchor	bar	narrator	Have a drink ($6, +mood)
locations.rpy	location_anchor	bar	narrator	Not enough cash.
locations.rpy	location_anchor	bar	narrator	A cold one by the water. The city feels further away from here.
locations.rpy	location_anchor	bar	narrator	Stay a while (1h, +CHR)
locations.rpy	location_anchor	bar	narrator	The crowd here is different from the centrum — looser, less on display. Good conversation finds you.
locations.rpy	location_anchor	bar	narrator	Buy a round ($18, +CHR)
locations.rpy	location_anchor	bar	narrator	Not enough cash.
locations.rpy	location_anchor	bar	narrator	A round for the bar. Instant friends for the night.
locations.rpy	location_terrace	bar	narrator	The terrace is closed.
locations.rpy	location_terrace	expression	narrator	Sit and watch the water (1h)
locations.rpy	location_terrace	expression	narrator	The city hum fades here. The tension leaves your shoulders.
locations.rpy	location_terrace	expression	narrator	Nice enough, but you've had the peace quota for today.
locations.rpy	location_terrace	expression	narrator	Socialize (1h)
locations.rpy	location_terrace	expression	narrator	You fall into easy conversation with the after-work crowd. Unhurried, pleasant.
locations.rpy	location_terrace	expression	narrator	Have a coffee ($4)
locations.rpy	location_terrace	expression	narrator	Not enough cash.
locations.rpy	location_terrace	expression	narrator	Outdoor table, river smell, decent espresso. You feel a little sharper.
locations.rpy	location_terrace	expression	narrator	Read (1h, +INT)
locations.rpy	location_terrace	expression	narrator	A chapter in the open air. The light's good, the focus comes easy.
locations.rpy	location_terrace	expression	narrator	Second session. You're reading but the mind is starting to wander.
locations.rpy	location_terrace	expression	narrator	You're holding the book but not reading it. Nothing left to absorb today.
locations.rpy	location_diner	expression	narrator	The diner is closed. It opens at 8pm.
locations.rpy	location_diner	diner_night	narrator	Order coffee ($3, 0.5h)
locations.rpy	location_diner	diner_night	narrator	Late-night filter. Bitter and exactly right.
locations.rpy	location_diner	diner_night	narrator	Not enough cash.
locations.rpy	location_diner	diner_night	narrator	Order a meal ($8, 1h)
locations.rpy	location_diner	diner_night	narrator	The menu is short. Whatever it is, it's done well enough.
locations.rpy	location_diner	diner_night	narrator	Not enough cash.
locations.rpy	location_diner	diner_night	narrator	Sit for a while (1h)
locations.rpy	location_diner	diner_night	narrator	The noise of the night softens here. You don't need to be anywhere.
locations.rpy	location_diner	diner_night	narrator	Talk to Rena
locations.rpy	location_diner	diner_night	narrator	Leave
locations.rpy	location_lombard	diner_night	narrator	The Lombard is closed.
locations.rpy	location_lombard	lombard_day	narrator	Browse (1h)
locations.rpy	location_lombard	lombard_day	narrator	Shelves of secondhand things. Someone else's history, priced to move.
locations.rpy	location_lombard	lombard_day	narrator	Leave
locations.rpy	scene_rena_diner_first	lombard_day	narrator	A booth near the back. Rena, in a dark sweater, a paperback open on the table.
locations.rpy	scene_rena_diner_first	lombard_day	narrator	She looks up when you come in. Recognition crosses her face without surprise.
locations.rpy	scene_rena_diner_first	lombard_day	Rena	Commis.
locations.rpy	scene_rena_diner_first	lombard_day	narrator	It's not unfriendly. It's just accurate.
locations.rpy	scene_rena_diner_first	lombard_day	narrator	\"Didn't expect to see you here.\"
locations.rpy	scene_rena_diner_first	lombard_day	Rena	I eat here most weeks. It's someone else's kitchen.
locations.rpy	scene_rena_diner_first	lombard_day	narrator	She says it like that explains everything. It does.
locations.rpy	scene_rena_diner_first	lombard_day	narrator	\"Good book?\"
locations.rpy	scene_rena_diner_first	lombard_day	Rena	Third time through. The killer's obvious but the geography is right.
locations.rpy	scene_rena_diner_first	lombard_day	narrator	She marks her page without being asked. You haven't been dismissed.
locations.rpy	scene_rena_diner_first	lombard_day	narrator	Order something and sit nearby — don't interrupt her.
locations.rpy	scene_rena_diner_first	lombard_day	narrator	You don't say anything. Neither does she.
locations.rpy	scene_rena_diner_first	lombard_day	narrator	After a while she turns a page. The silence is comfortable in the way that silences in kitchens never are.
locations.rpy	rena_diner_talk	lombard_day	Rena	You tasted it before I asked today.
locations.rpy	rena_diner_talk	lombard_day	[mc_name]	I'm learning.
locations.rpy	rena_diner_talk	lombard_day	Rena	You're repeating something correctly.
locations.rpy	rena_diner_talk	lombard_day	Rena	Learning comes later.
locations.rpy	rena_diner_talk	lombard_day	Rena	You asked where I needed you.
locations.rpy	rena_diner_talk	lombard_day	[mc_name]	You sounded surprised.
locations.rpy	rena_diner_talk	lombard_day	Rena	I was checking whether it was temporary.
locations.rpy	rena_diner_talk	lombard_day	Rena	You held your station.
locations.rpy	rena_diner_talk	lombard_day	[mc_name]	You say that like I was being tested.
locations.rpy	rena_diner_talk	lombard_day	Rena	You were.
locations.rpy	rena_diner_talk	lombard_day	Rena	Still here.
locations.rpy	rena_diner_talk	lombard_day	narrator	Ask about the book she's reading.
locations.rpy	rena_diner_talk	lombard_day	Rena	Crime. Eastern European procedurals — the geography holds up better than the plots.
locations.rpy	rena_diner_talk	lombard_day	Rena	The detectives are always tired. I find that credible.
locations.rpy	rena_diner_talk	lombard_day	narrator	Ask if she ever switches off completely.
locations.rpy	rena_diner_talk	lombard_day	Rena	I'm here, aren't I?
locations.rpy	rena_diner_talk	lombard_day	narrator	She orders from someone else's menu without looking at the specials.
locations.rpy	rena_diner_talk	lombard_day	Rena	That's switching off.
locations.rpy	rena_diner_talk	lombard_day	narrator	Talk about the kitchen.
locations.rpy	rena_diner_talk	lombard_day	Rena	Not tonight.
locations.rpy	rena_diner_talk	lombard_day	narrator	It's not harsh. It's a boundary she keeps cleanly.
locations.rpy	rena_diner_talk	lombard_day	narrator	Just check in — nothing specific.
locations.rpy	rena_diner_talk	lombard_day	Rena	Still here.
locations.rpy	rena_diner_talk	lombard_day	narrator	She means it as an answer. You let it be one.
locations.rpy	location_gallery	expression	narrator	Talk to Zoe
locations.rpy	location_gallery	expression	narrator	Look at the work (0.5h)
locations.rpy	location_gallery	expression	narrator	The work is still up. The corner piece is still in the corner.
locations.rpy	location_gallery	expression	narrator	Leave
mail.rpy	unknown		narrator	
mail.rpy	unknown		narrator	sender
mail.rpy	unknown		narrator	subject
mail.rpy	unknown		narrator	body
mail.rpy	unknown		narrator	category
mail.rpy	unknown		narrator	send_on_day
mail.rpy	unknown		narrator	delivered
mail.rpy	unknown		narrator	delivered_on
mail.rpy	unknown		narrator	read
mail.rpy	unknown		narrator	tag
mail.rpy	unknown		narrator	
mail.rpy	unknown		scrollbars	vertical
mail.rpy	unknown		scrollbars	vertical
mail.rpy	unknown		scrollbars	vertical
mail.rpy	unknown		scrollbars	vertical
map.rpy	unknown		background	#000000c0
map.rpy	unknown		hover_background	#222222e0
map.rpy	unknown		idle_color	#88aaff
map.rpy	unknown		hover_color	#aaccff
map.rpy	unknown		narrator	coffee_shop
map.rpy	unknown		narrator	hub
map.rpy	unknown		narrator	office_exec
map.rpy	unknown		narrator	university
map.rpy	unknown		narrator	gym
map.rpy	unknown		narrator	library
map.rpy	unknown		narrator	bar
map.rpy	unknown		narrator	nightclub
map.rpy	unknown		narrator	garage
map.rpy	unknown		narrator	restaurant_eleven
map.rpy	unknown		narrator	flea_market
map.rpy	unknown		narrator	terrace
map.rpy	unknown		narrator	casino
map.rpy	unknown		narrator	lombard
map.rpy	unknown		narrator	diner
map.rpy	unknown		background	#000000aa
map.rpy	unknown		background	#000000aa
map.rpy	unknown		background	#000000aa
map.rpy	unknown		background	#000000aa
map.rpy	unknown		background	#000000aa
marketplace.rpy	unknown		narrator	used_acoustic
marketplace.rpy	unknown		narrator	quality_acoustic
marketplace.rpy	unknown		narrator	used_desktop
marketplace.rpy	unknown		narrator	dev_workstation
marketplace.rpy	unknown		narrator	used_cookware
marketplace.rpy	unknown		narrator	chef_kit
marketplace.rpy	unknown		narrator	used_toolkit
marketplace.rpy	unknown		narrator	pro_toolkit
marketplace.rpy	unknown		narrator	flag_guitar
marketplace.rpy	unknown		narrator	flag_coffee
marketplace.rpy	unknown		narrator	flag_kitchen_set
marketplace.rpy	unknown		narrator	flag_bed
marketplace.rpy	unknown		narrator	flag_sketchbook
marketplace.rpy	unknown		narrator	flag_book
marketplace.rpy	unknown		narrator	flag_repair_bench
marketplace.rpy	unknown		narrator	dev_workstation
marketplace.rpy	unknown		narrator	used_toolkit
marketplace.rpy	unknown		narrator	workspace
marketplace.rpy	unknown		narrator	music
marketplace.rpy	unknown		narrator	lifestyle
marketplace.rpy	unknown		narrator	workspace
marketplace.rpy	unknown		narrator	music
marketplace.rpy	unknown		narrator	lifestyle
marketplace.rpy	unknown		narrator	hobby
marketplace.rpy	unknown		narrator	cat
marketplace.rpy	unknown		narrator	name
marketplace.rpy	unknown		narrator	value
marketplace.rpy	unknown		narrator	grant
marketplace.rpy	unknown		narrator	rare
marketplace.rpy	unknown		narrator	
marketplace.rpy	unknown		narrator	
marketplace.rpy	unknown		narrator	id
marketplace.rpy	unknown		narrator	seller
marketplace.rpy	unknown		narrator	asking
marketplace.rpy	unknown		narrator	fair_low
marketplace.rpy	unknown		narrator	neg_difficulty
marketplace.rpy	unknown		narrator	purchased
marketplace.rpy	unknown		narrator	
marketplace.rpy	unknown		narrator	neg_%s_%d
marketplace.rpy	unknown		narrator	
marketplace.rpy	unknown		narrator	
marketplace.rpy	unknown		narrator	Bought: 
marketplace.rpy	unknown		scrollbars	vertical
marketplace.rpy	unknown		background	#12161ef8
marketplace.rpy	unknown		background	#1a2a3a
marketplace.rpy	unknown		hover_background	#1e3a5f
marketplace.rpy	unknown		background	#1a2a3a
marketplace.rpy	unknown		hover_background	#1e3a5f
marketplace.rpy	market_negotiate_loop		narrator	Bought the [_l['name']] for $[_price].
marketplace.rpy	market_negotiate_loop		narrator	You can't cover that right now.
marketplace.rpy	market_negotiate_loop		narrator	The seller shakes their head and pulls the listing. Gone.
marketplace.rpy	market_negotiate_loop		narrator	Deal. You take the [_l['name']] for $[_neg['price']].
marketplace.rpy	market_negotiate_loop		narrator	You talked them down — then realised you can't afford it.
marketplace.rpy	market_negotiate_loop		narrator	No deal at that price. It's still available at $[_l['asking']] if you want it.
marketplace.rpy	market_negotiate_loop		narrator	
mechanics_projects.rpy	unknown		narrator	dead_headphones
mechanics_projects.rpy	unknown		narrator	materials
mechanics_projects.rpy	unknown		narrator	desk_lamp
mechanics_projects.rpy	unknown		narrator	materials
mechanics_projects.rpy	unknown		narrator	wall_clock
mechanics_projects.rpy	unknown		narrator	materials
mechanics_projects.rpy	unknown		narrator	broken_speaker
mechanics_projects.rpy	unknown		narrator	materials
mechanics_projects.rpy	unknown		narrator	guitar_setup
mechanics_projects.rpy	unknown		narrator	materials
mechanics_projects.rpy	unknown		narrator	door_lock
mechanics_projects.rpy	unknown		narrator	materials
mechanics_projects.rpy	unknown		narrator	microwave
mechanics_projects.rpy	unknown		narrator	materials
mechanics_projects.rpy	unknown		narrator	laptop_fan
mechanics_projects.rpy	unknown		narrator	materials
mechanics_projects.rpy	unknown		narrator	
mechanics_projects.rpy	unknown		narrator	id
mechanics_projects.rpy	unknown		narrator	replace
mechanics_projects.rpy	unknown		narrator	diagnosable
mechanics_projects.rpy	unknown		narrator	expire_day
mechanics_projects.rpy	unknown		narrator	mech_
mechanics_projects.rpy	unknown		narrator	
mechanics_projects.rpy	unknown		narrator	
mechanics_projects.rpy	unknown		narrator	
mechanics_projects.rpy	unknown		narrator	great
mechanics_projects.rpy	unknown		narrator	bonus
mechanics_projects.rpy	unknown		narrator	Repaired: 
mechanics_projects.rpy	unknown		narrator	
mechanics_projects.rpy	unknown		narrator	item
mechanics_projects.rpy	refresh_and_show_mech		narrator	You open it up and trace the fault. It's [_job['part']].
mechanics_projects.rpy	refresh_and_show_mech		narrator	You can't afford the replacement part.
mechanics_projects.rpy	refresh_and_show_mech		narrator	Swapped the part. It works. Clean and certain — you pocket $[_job['reward']].
mechanics_projects.rpy	refresh_and_show_mech		narrator	You can't afford the materials.
mechanics_projects.rpy	refresh_and_show_mech		narrator	[_rr['bonus']]
mechanics_projects.rpy	refresh_and_show_mech		narrator	You can't afford the materials.
mechanics_projects.rpy	refresh_and_show_mech		background	#12161ef8
mechanics_projects.rpy	refresh_and_show_mech		scrollbars	vertical
mechanics_projects.rpy	refresh_and_show_mech		background	#1a2230
mechanics_projects.rpy	refresh_and_show_mech		background	#1a2230
mechanics_projects.rpy	refresh_and_show_mech		background	#1e3a5f
mechanics_projects.rpy	refresh_and_show_mech		background	#1a2230
mechanics_projects.rpy	refresh_and_show_mech		background	#1e3a5f
mechanics_projects.rpy	refresh_and_show_mech		background	#1e3a5f
mechanics_projects.rpy	refresh_and_show_mech		background	#12161ef8
mechanics_projects.rpy	refresh_and_show_mech		background	#1a2a3a
mechanics_projects.rpy	refresh_and_show_mech		hover_background	#1e3a5f
mechanics_projects.rpy	refresh_and_show_mech		background	#1a2a3a
mechanics_projects.rpy	refresh_and_show_mech		hover_background	#1e3a5f
mechanics_projects.rpy	refresh_and_show_mech		background	#1a2a3a
mechanics_projects.rpy	refresh_and_show_mech		hover_background	#1e3a5f
mechanics_projects.rpy	refresh_and_show_mech		background	#1e3a5f
mechanics_projects.rpy	refresh_and_show_mech		background	#12161ef8
mechanics_projects.rpy	refresh_and_show_mech		background	#1a2a3a
mechanics_projects.rpy	refresh_and_show_mech		hover_background	#1e3a5f
mechanics_projects.rpy	refresh_and_show_mech		background	#1e3a5f
npc_encounters.rpy	unknown		narrator	location
npc_encounters.rpy	unknown		narrator	text
npc_encounters.rpy	unknown		narrator	cooldown_days
npc_encounters.rpy	unknown		narrator	location
npc_encounters.rpy	unknown		narrator	text
npc_encounters.rpy	unknown		narrator	cooldown_days
npc_encounters.rpy	unknown		narrator	location
npc_encounters.rpy	unknown		narrator	text
npc_encounters.rpy	unknown		narrator	choices
npc_encounters.rpy	unknown		narrator	cooldown_days
npc_encounters.rpy	unknown		narrator	location
npc_encounters.rpy	unknown		narrator	text
npc_encounters.rpy	unknown		narrator	choices
npc_encounters.rpy	unknown		narrator	cooldown_days
npc_encounters.rpy	unknown		narrator	location
npc_encounters.rpy	unknown		narrator	text
npc_encounters.rpy	unknown		narrator	cooldown_days
npc_encounters.rpy	unknown		narrator	location
npc_encounters.rpy	unknown		narrator	text
npc_encounters.rpy	unknown		narrator	choices
npc_encounters.rpy	unknown		narrator	cooldown_days
npc_encounters.rpy	unknown		narrator	location
npc_encounters.rpy	unknown		narrator	text
npc_encounters.rpy	unknown		narrator	cooldown_days
npc_encounters.rpy	unknown		narrator	location
npc_encounters.rpy	unknown		narrator	text
npc_encounters.rpy	unknown		narrator	choices
npc_encounters.rpy	unknown		narrator	cooldown_days
npc_encounters.rpy	unknown		narrator	
npc_encounters.rpy	unknown		narrator	
npc_encounters.rpy	unknown		narrator	[_enc_text]
npc_encounters.rpy	unknown		narrator	[_enc_c0_lbl]
npc_encounters.rpy	unknown		narrator	[_enc_c1_lbl]
npc_initiative.rpy	unknown		narrator	busy_work
npc_initiative.rpy	unknown		narrator	initiative_modifier
npc_initiative.rpy	unknown		narrator	blurb
npc_initiative.rpy	unknown		narrator	creative_project
npc_initiative.rpy	unknown		narrator	initiative_modifier
npc_initiative.rpy	unknown		narrator	blurb
npc_initiative.rpy	unknown		narrator	social_week
npc_initiative.rpy	unknown		narrator	initiative_modifier
npc_initiative.rpy	unknown		narrator	blurb
npc_initiative.rpy	unknown		narrator	stressed_week
npc_initiative.rpy	unknown		narrator	initiative_modifier
npc_initiative.rpy	unknown		narrator	blurb
npc_initiative.rpy	unknown		narrator	recovering
npc_initiative.rpy	unknown		narrator	initiative_modifier
npc_initiative.rpy	unknown		narrator	blurb
npc_initiative.rpy	unknown		narrator	training_focus
npc_initiative.rpy	unknown		narrator	initiative_modifier
npc_initiative.rpy	unknown		narrator	blurb
npc_initiative.rpy	unknown		narrator	planning_something
npc_initiative.rpy	unknown		narrator	initiative_modifier
npc_initiative.rpy	unknown		narrator	blurb
npc_initiative.rpy	unknown		narrator	marcus
npc_initiative.rpy	unknown		narrator	stressed_week
npc_initiative.rpy	unknown		narrator	zoe
npc_initiative.rpy	unknown		narrator	busy_work
npc_initiative.rpy	unknown		narrator	eli
npc_initiative.rpy	unknown		narrator	recovering
npc_initiative.rpy	unknown		narrator	nora
npc_initiative.rpy	unknown		narrator	recovering
npc_initiative.rpy	unknown		narrator	sam
npc_initiative.rpy	unknown		narrator	stressed_week
npc_initiative.rpy	unknown		narrator	kai
npc_initiative.rpy	unknown		narrator	training_focus
npc_initiative.rpy	unknown		narrator	lena
npc_initiative.rpy	unknown		narrator	natalie
npc_initiative.rpy	unknown		narrator	martha
npc_initiative.rpy	unknown		narrator	caroline
npc_initiative.rpy	unknown		narrator	elle
npc_initiative.rpy	unknown		narrator	rena
npc_initiative.rpy	unknown		narrator	expires_day
npc_initiative.rpy	unknown		narrator	marcus
npc_initiative.rpy	unknown		narrator	nora
npc_initiative.rpy	unknown		narrator	zoe
npc_initiative.rpy	unknown		narrator	eli
npc_initiative.rpy	unknown		narrator	sam
npc_initiative.rpy	unknown		narrator	kai
npc_initiative.rpy	unknown		narrator	elle
npc_initiative.rpy	unknown		narrator	natalie
npc_initiative.rpy	unknown		narrator	lena
npc_initiative.rpy	unknown		narrator	martha
npc_initiative.rpy	unknown		narrator	caroline
npc_initiative.rpy	unknown		narrator	
npc_initiative.rpy	unknown		narrator	busy_work
npc_initiative.rpy	unknown		narrator	stressed_week
npc_initiative.rpy	unknown		narrator	recovering
npc_initiative.rpy	unknown		narrator	training_focus
npc_initiative.rpy	unknown		narrator	
npc_initiative.rpy	unknown		narrator	p68_npc_cancel_
npc_initiative.rpy	unknown		narrator	generic_thanks
npc_initiative.rpy	unknown		narrator	generic_comment
npc_initiative.rpy	unknown		narrator	generic_checkin
npc_initiative.rpy	unknown		narrator	challenge_win
npc_initiative.rpy	unknown		narrator	promotion
npc_initiative.rpy	unknown		narrator	performance
npc_initiative.rpy	unknown		narrator	encourage_setback
npc_initiative.rpy	unknown		narrator	id
npc_initiative.rpy	unknown		narrator	trigger_source
npc_initiative.rpy	unknown		narrator	eligible_from_day
npc_initiative.rpy	unknown		narrator	eligible_until_day
npc_initiative.rpy	unknown		narrator	priority
npc_initiative.rpy	unknown		narrator	completed
npc_initiative.rpy	unknown		narrator	
npc_initiative.rpy	unknown		narrator	won_city_challenge
npc_initiative.rpy	unknown		narrator	affects
npc_initiative.rpy	unknown		narrator	dialogue_tag
npc_initiative.rpy	unknown		narrator	followup_template
npc_initiative.rpy	unknown		narrator	got_promoted
npc_initiative.rpy	unknown		narrator	affects
npc_initiative.rpy	unknown		narrator	dialogue_tag
npc_initiative.rpy	unknown		narrator	followup_template
npc_initiative.rpy	unknown		narrator	public_performance
npc_initiative.rpy	unknown		narrator	affects
npc_initiative.rpy	unknown		narrator	dialogue_tag
npc_initiative.rpy	unknown		narrator	followup_template
npc_initiative.rpy	unknown		narrator	
npc_initiative.rpy	unknown		narrator	propagated_to
npc_initiative.rpy	unknown		narrator	
npc_initiative.rpy	unknown		narrator	Heard about what you did.
npc_initiative.rpy	unknown		narrator	reliable
npc_initiative.rpy	unknown		narrator	condition
npc_initiative.rpy	unknown		narrator	tag
npc_initiative.rpy	unknown		narrator	desc
npc_initiative.rpy	unknown		narrator	gym_regular
npc_initiative.rpy	unknown		narrator	condition
npc_initiative.rpy	unknown		narrator	tag
npc_initiative.rpy	unknown		narrator	desc
npc_initiative.rpy	unknown		narrator	cafe_regular
npc_initiative.rpy	unknown		narrator	condition
npc_initiative.rpy	unknown		narrator	tag
npc_initiative.rpy	unknown		narrator	desc
npc_initiative.rpy	unknown		narrator	night_owl
npc_initiative.rpy	unknown		narrator	condition
npc_initiative.rpy	unknown		narrator	tag
npc_initiative.rpy	unknown		narrator	desc
npc_initiative.rpy	unknown		narrator	creative
npc_initiative.rpy	unknown		narrator	condition
npc_initiative.rpy	unknown		narrator	tag
npc_initiative.rpy	unknown		narrator	desc
npc_initiative.rpy	unknown		narrator	
npc_initiative.rpy	unknown		narrator	promotion_failed
npc_initiative.rpy	unknown		narrator	mail
npc_initiative.rpy	unknown		narrator	The panel went with someone else this cycle. 
npc_initiative.rpy	unknown		narrator	The feedback was specific, which is better than 
npc_initiative.rpy	unknown		narrator	the alternative. Come and talk it through.
npc_initiative.rpy	unknown		narrator	npc_pool
npc_initiative.rpy	unknown		narrator	template
npc_initiative.rpy	unknown		narrator	open_mic_poor
npc_initiative.rpy	unknown		narrator	template
npc_initiative.rpy	unknown		narrator	city_challenge_failed
npc_initiative.rpy	unknown		narrator	npc_pool
npc_initiative.rpy	unknown		narrator	template
npc_initiative.rpy	unknown		narrator	
npc_initiative.rpy	unknown		narrator	p68_fail_%s_d%d
npc_initiative.rpy	unknown		narrator	Not every attempt lands. Back next time.
npc_initiative.rpy	unknown		narrator	
npc_initiative.rpy	unknown		narrator	
npc_initiative.rpy	unknown		narrator	
npc_invitations.rpy	unknown		narrator	location
npc_invitations.rpy	unknown		narrator	title
npc_invitations.rpy	unknown		narrator	message
npc_invitations.rpy	unknown		narrator	duration_hours
npc_invitations.rpy	unknown		narrator	min_rel
npc_invitations.rpy	unknown		narrator	cooldown_days
npc_invitations.rpy	unknown		narrator	location
npc_invitations.rpy	unknown		narrator	title
npc_invitations.rpy	unknown		narrator	message
npc_invitations.rpy	unknown		narrator	duration_hours
npc_invitations.rpy	unknown		narrator	min_rel
npc_invitations.rpy	unknown		narrator	cooldown_days
npc_invitations.rpy	unknown		narrator	location
npc_invitations.rpy	unknown		narrator	title
npc_invitations.rpy	unknown		narrator	message
npc_invitations.rpy	unknown		narrator	duration_hours
npc_invitations.rpy	unknown		narrator	min_rel
npc_invitations.rpy	unknown		narrator	cooldown_days
npc_invitations.rpy	unknown		narrator	location
npc_invitations.rpy	unknown		narrator	title
npc_invitations.rpy	unknown		narrator	message
npc_invitations.rpy	unknown		narrator	duration_hours
npc_invitations.rpy	unknown		narrator	min_rel
npc_invitations.rpy	unknown		narrator	cooldown_days
npc_invitations.rpy	unknown		narrator	
npc_invitations.rpy	unknown		narrator	location_bar
npc_invitations.rpy	unknown		narrator	location_cafe
npc_invitations.rpy	unknown		narrator	location_park
npc_invitations.rpy	unknown		narrator	location_library
npc_invitations.rpy	unknown		narrator	location_hub
npc_invitations.rpy	unknown		narrator	location_hospital
npc_invitations.rpy	unknown		narrator	location_warehouse
npc_invitations.rpy	unknown		narrator	location_diner
npc_invitations.rpy	unknown		narrator	location_nightclub
npc_invitations.rpy	unknown		narrator	location_sandbeach
npc_invitations.rpy	unknown		narrator	location_office
npc_invitations.rpy	unknown		narrator	
npc_invitations.rpy	unknown		narrator	
npc_invitations.rpy	unknown		narrator	
npc_invitations.rpy	unknown		narrator	
npc_invitations.rpy	unknown		narrator	id
npc_invitations.rpy	unknown		narrator	template_id
npc_invitations.rpy	unknown		narrator	activity
npc_invitations.rpy	unknown		narrator	proposed_day
npc_invitations.rpy	unknown		narrator	end_hour
npc_invitations.rpy	unknown		narrator	calendar_event_id
npc_invitations.rpy	unknown		narrator	rel_gain
npc_invitations.rpy	unknown		narrator	rel_stat
npc_invitations.rpy	unknown		narrator	inv_
npc_invitations.rpy	unknown		narrator	status
npc_invitations.rpy	unknown		narrator	Sorry — something else came up that day. Rain check?
npc_invitations.rpy	unknown		narrator	
npc_invitations.rpy	unknown		narrator	
npc_invitations.rpy	unknown		narrator	
npc_invitations.rpy	unknown		narrator	status
npc_invitations.rpy	unknown		narrator	kept_commitment
npc_invitations.rpy	unknown		narrator	Okay. Wish you'd said something a little sooner.
npc_invitations.rpy	unknown		narrator	
npc_invitations.rpy	unknown		narrator	
npc_invitations.rpy	unknown		narrator	
npc_invitations.rpy	unknown		narrator	
npc_invitations.rpy	unknown		narrator	Met up as arranged.
npc_invitations.rpy	unknown		narrator	inv_complete_
npc_invitations.rpy	unknown		narrator	Met with 
npc_invitations.rpy	unknown		narrator	
npc_invitations.rpy	unknown		narrator	Hey, you didn't show. Everything ok?
npc_invitations.rpy	unknown		narrator	completed
npc_invitations.rpy	unknown		narrator	cancelled
npc_invitations.rpy	unknown		narrator	
npc_invitations.rpy	unknown		narrator	
npc_invitations.rpy	unknown		narrator	accepted
npc_invitations.rpy	unknown		narrator	completed
npc_invitations.rpy	unknown		narrator	left_early
npc_invitations.rpy	unknown		narrator	missed
npc_invitations.rpy	unknown		narrator	expired
npc_invitations.rpy	unknown		narrator	cancelled
npc_invitations.rpy	unknown		narrator	declined
npc_invitations.rpy	unknown		narrator	
npc_invitations.rpy	unknown		narrator	Tomorrow
npc_invitations.rpy	unknown		narrator	Day %d (%s)
npc_invitations.rpy	unknown		narrator	%s  ·  %02d:00–%02d:00  ·  %s
npc_invitations.rpy	unknown		narrator	
npc_invitations.rpy	unknown		narrator	bar_drink
npc_invitations.rpy	unknown		narrator	marcus
npc_invitations.rpy	unknown		narrator	Marcus has a corner table saved. He slides you a glass without asking.
npc_invitations.rpy	unknown		narrator	The bar is loud but it's easier to talk here than it looks.
npc_invitations.rpy	unknown		narrator	default
npc_invitations.rpy	unknown		narrator	You find a table and order something. It's good to be out.
npc_invitations.rpy	unknown		narrator	coffee
npc_invitations.rpy	unknown		narrator	nora
npc_invitations.rpy	unknown		narrator	Nora is already there, hands around a mug, looking like she needed this.
npc_invitations.rpy	unknown		narrator	You talk for a while. It's the kind of conversation that doesn't have to go anywhere.
npc_invitations.rpy	unknown		narrator	default
npc_invitations.rpy	unknown		narrator	You sit down and talk over coffee. Time passes easily.
npc_invitations.rpy	unknown		narrator	study_session
npc_invitations.rpy	unknown		narrator	eli
npc_invitations.rpy	unknown		narrator	Eli has notes spread across the table. She pushes some aside to make room.
npc_invitations.rpy	unknown		narrator	You work in parallel for a while. Occasionally one of you says something.
npc_invitations.rpy	unknown		narrator	default
npc_invitations.rpy	unknown		narrator	You find a table and get some work done together.
npc_invitations.rpy	unknown		narrator	park_walk
npc_invitations.rpy	unknown		narrator	zoe
npc_invitations.rpy	unknown		narrator	Zoe sets the pace — not fast, not slow. She points out things you walk past every day.
npc_invitations.rpy	unknown		narrator	You talk, or don't. Either way it's fine.
npc_invitations.rpy	unknown		narrator	default
npc_invitations.rpy	unknown		narrator	You walk for a while. The city looks different on foot.
npc_invitations.rpy	unknown		narrator	public_outing
npc_invitations.rpy	unknown		narrator	default
npc_invitations.rpy	unknown		narrator	You meet up and spend some time out. It's a good break from the usual.
npc_invitations.rpy	unknown		narrator	marcus
npc_invitations.rpy	unknown		narrator	nora
npc_invitations.rpy	unknown		narrator	zoe
npc_invitations.rpy	unknown		narrator	eli
npc_invitations.rpy	unknown	expression	narrator	[_inv_arr]
npc_invitations.rpy	unknown	expression	narrator	Spend time together ([_inv_dur]h)
npc_invitations.rpy	unknown	expression	narrator	Leave early
npc_invitations.rpy	unknown	expression	narrator	[_inv_cur_line]
npc_milestones.rpy	unknown		narrator	nora
npc_milestones.rpy	unknown		narrator	social_post
npc_milestones.rpy	unknown		narrator	topic_unlock
npc_milestones.rpy	unknown		narrator	social_post
npc_milestones.rpy	unknown		narrator	topic_unlock
npc_milestones.rpy	unknown		narrator	social_post
npc_milestones.rpy	unknown		narrator	topic_unlock
npc_milestones.rpy	unknown		narrator	marcus
npc_milestones.rpy	unknown		narrator	social_post
npc_milestones.rpy	unknown		narrator	topic_unlock
npc_milestones.rpy	unknown		narrator	social_post
npc_milestones.rpy	unknown		narrator	topic_unlock
npc_milestones.rpy	unknown		narrator	zoe
npc_milestones.rpy	unknown		narrator	social_post
npc_milestones.rpy	unknown		narrator	topic_unlock
npc_milestones.rpy	unknown		narrator	social_post
npc_milestones.rpy	unknown		narrator	topic_unlock
npc_milestones.rpy	unknown		narrator	social_post
npc_milestones.rpy	unknown		narrator	topic_unlock
npc_milestones.rpy	unknown		narrator	eli
npc_milestones.rpy	unknown		narrator	social_post
npc_milestones.rpy	unknown		narrator	topic_unlock
npc_milestones.rpy	unknown		narrator	social_post
npc_milestones.rpy	unknown		narrator	topic_unlock
npc_milestones.rpy	unknown		narrator	sam
npc_milestones.rpy	unknown		narrator	social_post
npc_milestones.rpy	unknown		narrator	topic_unlock
npc_milestones.rpy	unknown		narrator	social_post
npc_milestones.rpy	unknown		narrator	topic_unlock
npc_relationships.rpy	unknown		narrator	familiarity
npc_relationships.rpy	unknown		narrator	respect
npc_relationships.rpy	unknown		narrator	attraction
npc_relationships.rpy	unknown		narrator	_seeded
npc_relationships.rpy	unknown		narrator	
npc_relationships.rpy	unknown		narrator	
npc_relationships.rpy	unknown		narrator	openness
npc_relationships.rpy	unknown		narrator	respect_pace
npc_relationships.rpy	unknown		narrator	social_selectiveness
npc_relationships.rpy	unknown		narrator	romantic_openness
npc_relationships.rpy	unknown		narrator	nora
npc_relationships.rpy	unknown		narrator	openness
npc_relationships.rpy	unknown		narrator	respect_pace
npc_relationships.rpy	unknown		narrator	social_selectiveness
npc_relationships.rpy	unknown		narrator	romantic_openness
npc_relationships.rpy	unknown		narrator	marcus
npc_relationships.rpy	unknown		narrator	openness
npc_relationships.rpy	unknown		narrator	respect_pace
npc_relationships.rpy	unknown		narrator	social_selectiveness
npc_relationships.rpy	unknown		narrator	romantic_openness
npc_relationships.rpy	unknown		narrator	zoe
npc_relationships.rpy	unknown		narrator	openness
npc_relationships.rpy	unknown		narrator	respect_pace
npc_relationships.rpy	unknown		narrator	social_selectiveness
npc_relationships.rpy	unknown		narrator	romantic_openness
npc_relationships.rpy	unknown		narrator	eli
npc_relationships.rpy	unknown		narrator	openness
npc_relationships.rpy	unknown		narrator	respect_pace
npc_relationships.rpy	unknown		narrator	social_selectiveness
npc_relationships.rpy	unknown		narrator	romantic_openness
npc_relationships.rpy	unknown		narrator	sam
npc_relationships.rpy	unknown		narrator	openness
npc_relationships.rpy	unknown		narrator	respect_pace
npc_relationships.rpy	unknown		narrator	social_selectiveness
npc_relationships.rpy	unknown		narrator	romantic_openness
npc_relationships.rpy	unknown		narrator	kai
npc_relationships.rpy	unknown		narrator	openness
npc_relationships.rpy	unknown		narrator	respect_pace
npc_relationships.rpy	unknown		narrator	social_selectiveness
npc_relationships.rpy	unknown		narrator	romantic_openness
npc_relationships.rpy	unknown		narrator	elle
npc_relationships.rpy	unknown		narrator	openness
npc_relationships.rpy	unknown		narrator	respect_pace
npc_relationships.rpy	unknown		narrator	social_selectiveness
npc_relationships.rpy	unknown		narrator	romantic_openness
npc_relationships.rpy	unknown		narrator	lena
npc_relationships.rpy	unknown		narrator	openness
npc_relationships.rpy	unknown		narrator	respect_pace
npc_relationships.rpy	unknown		narrator	social_selectiveness
npc_relationships.rpy	unknown		narrator	romantic_openness
npc_relationships.rpy	unknown		narrator	natalie
npc_relationships.rpy	unknown		narrator	openness
npc_relationships.rpy	unknown		narrator	respect_pace
npc_relationships.rpy	unknown		narrator	social_selectiveness
npc_relationships.rpy	unknown		narrator	romantic_openness
npc_relationships.rpy	unknown		narrator	martha
npc_relationships.rpy	unknown		narrator	openness
npc_relationships.rpy	unknown		narrator	respect_pace
npc_relationships.rpy	unknown		narrator	social_selectiveness
npc_relationships.rpy	unknown		narrator	romantic_openness
npc_relationships.rpy	unknown		narrator	caroline
npc_relationships.rpy	unknown		narrator	openness
npc_relationships.rpy	unknown		narrator	respect_pace
npc_relationships.rpy	unknown		narrator	social_selectiveness
npc_relationships.rpy	unknown		narrator	romantic_openness
npc_relationships.rpy	unknown		narrator	rena
npc_relationships.rpy	unknown		narrator	openness
npc_relationships.rpy	unknown		narrator	respect_pace
npc_relationships.rpy	unknown		narrator	social_selectiveness
npc_relationships.rpy	unknown		narrator	romantic_openness
npc_relationships.rpy	unknown		narrator	casual_talk
npc_relationships.rpy	unknown		narrator	meaningful_talk
npc_relationships.rpy	unknown		narrator	gift
npc_relationships.rpy	unknown		narrator	shared_activity
npc_relationships.rpy	unknown		narrator	kept_commitment
npc_relationships.rpy	unknown		narrator	helping_npc
npc_relationships.rpy	unknown		narrator	competence_display
npc_relationships.rpy	unknown		narrator	reputation
npc_relationships.rpy	unknown		narrator	story_moment
npc_relationships.rpy	unknown		narrator	authored
npc_relationships.rpy	unknown		narrator	
npc_relationships.rpy	unknown		narrator	respect
npc_relationships.rpy	unknown		narrator	attraction
npc_relationships.rpy	unknown		narrator	
npc_relationships.rpy	unknown		narrator	familiarity
npc_relationships.rpy	unknown		narrator	src
npc_relationships.rpy	unknown		narrator	req
npc_relationships.rpy	unknown		narrator	got
npc_relationships.rpy	unknown		narrator	gift
npc_relationships.rpy	unknown		narrator	
npc_relationships.rpy	unknown		narrator	
npc_relationships.rpy	unknown		narrator	
npc_relationships.rpy	unknown		narrator	
npc_relationships.rpy	unknown		narrator	You gave them something far too expensive far too early.
npc_relationships.rpy	unknown		narrator	trust
npc_relationships.rpy	unknown		narrator	respect
npc_relationships.rpy	unknown		narrator	reaction
npc_relationships.rpy	unknown		narrator	sweets
npc_relationships.rpy	unknown		narrator	stranger
npc_relationships.rpy	unknown		narrator	friendly
npc_relationships.rpy	unknown		narrator	trusted
npc_schedules.rpy	unknown		narrator	nora
npc_schedules.rpy	unknown		narrator	marcus
npc_schedules.rpy	unknown		narrator	zoe
npc_schedules.rpy	unknown		narrator	eli
npc_schedules.rpy	unknown		narrator	sam
npc_schedules.rpy	unknown		narrator	lena
npc_schedules.rpy	unknown		narrator	natalie
npc_schedules.rpy	unknown		narrator	kai
npc_schedules.rpy	unknown		narrator	martha
npc_schedules.rpy	unknown		narrator	caroline
npc_schedules.rpy	unknown		narrator	rena
npc_schedules.rpy	unknown		narrator	elle
npc_schedules.rpy	unknown		narrator	commuting
npc_schedules.rpy	unknown		narrator	working_shift
npc_schedules.rpy	unknown		narrator	working_overtime
npc_schedules.rpy	unknown		narrator	studying
npc_schedules.rpy	unknown		narrator	exercising
npc_schedules.rpy	unknown		narrator	socializing
npc_schedules.rpy	unknown		narrator	relaxing_at_home
npc_schedules.rpy	unknown		narrator	sleeping
npc_schedules.rpy	unknown		narrator	running
npc_schedules.rpy	unknown		narrator	browsing
npc_schedules.rpy	unknown		narrator	eating_out
npc_schedules.rpy	unknown		narrator	lingering
npc_schedules.rpy	unknown		narrator	nora
npc_schedules.rpy	unknown		narrator	marcus
npc_schedules.rpy	unknown		narrator	zoe
npc_schedules.rpy	unknown		narrator	eli
npc_schedules.rpy	unknown		narrator	sam
npc_schedules.rpy	unknown		narrator	lena
npc_schedules.rpy	unknown		narrator	natalie
npc_schedules.rpy	unknown		narrator	kai
npc_schedules.rpy	unknown		narrator	martha
npc_schedules.rpy	unknown		narrator	caroline
npc_schedules.rpy	unknown		narrator	rena
npc_schedules.rpy	unknown		narrator	elle
npc_schedules.rpy	unknown		narrator	
npc_schedules.rpy	unknown		narrator	
npc_schedules.rpy	unknown		narrator	location_id
npc_schedules.rpy	unknown		narrator	activity_id
npc_schedules.rpy	unknown		narrator	public
npc_schedules.rpy	unknown		narrator	interactable
npc_schedules.rpy	unknown		narrator	public
npc_schedules.rpy	unknown		narrator	public
npc_schedules.rpy	unknown		narrator	public
npc_schedules.rpy	unknown		narrator	
npc_schedules.rpy	unknown		narrator	
npc_schedules.rpy	unknown		narrator	
npc_schedules.rpy	unknown		narrator	
npc_schedules.rpy	unknown		narrator	
npc_schedules.rpy	unknown		narrator	npc_id
npc_schedules.rpy	unknown		narrator	hour_start
npc_schedules.rpy	unknown		narrator	location_id
npc_schedules.rpy	unknown		narrator	public
npc_schedules.rpy	unknown		narrator	expires_day
npc_schedules.rpy	unknown		narrator	
npc_schedules.rpy	unknown		narrator	
npc_schedules.rpy	unknown		narrator	
npc_schedules.rpy	unknown		narrator	
npc_schedules.rpy	unknown		narrator	id
npc_schedules.rpy	unknown		narrator	summary
npc_schedules.rpy	unknown		narrator	category
npc_schedules.rpy	unknown		narrator	visibility
npc_schedules.rpy	unknown		narrator	day
npc_schedules.rpy	unknown		narrator	referenced
npc_schedules.rpy	unknown		narrator	metadata
npc_schedules.rpy	unknown		background	#12161ef8
npc_schedules.rpy	unknown		scrollbars	vertical
npc_schedules.rpy	unknown		background	#1e2530
onboarding.rpy	unknown		background	#2a4060
onboarding.rpy	unknown		hover_background	#3a6090
onboarding.rpy	unknown		insensitive_background	#1a2840
onboarding.rpy	unknown		color	#cfe0f5
onboarding.rpy	unknown		hover_color	#ffffff
onboarding.rpy	unknown		insensitive_color	#4a6080
onboarding.rpy	unknown		font	fonts/Quicksand-SemiBold.ttf
onboarding.rpy	unknown		color	#ffdd44
onboarding.rpy	unknown		font	fonts/Quicksand-SemiBold.ttf
onboarding.rpy	unknown		color	#cfe0f5
onboarding.rpy	unknown		font	fonts/Quicksand-SemiBold.ttf
onboarding.rpy	unknown		background	#12202eee
onboarding.rpy	onboarding_city_locked		[mc_name]	I should get my things inside first.
painting.rpy	unknown		narrator	still_life
painting.rpy	unknown		narrator	min_art
painting.rpy	unknown		narrator	landscape
painting.rpy	unknown		narrator	min_art
painting.rpy	unknown		narrator	abstract
painting.rpy	unknown		narrator	min_art
painting.rpy	unknown		narrator	portrait
painting.rpy	unknown		narrator	min_art
painting.rpy	unknown		narrator	sketch_practice
painting.rpy	unknown		narrator	label
painting.rpy	unknown		narrator	difficulty
painting.rpy	unknown		narrator	material
painting.rpy	unknown		narrator	paint_practice
painting.rpy	unknown		narrator	label
painting.rpy	unknown		narrator	difficulty
painting.rpy	unknown		narrator	material
painting.rpy	unknown		narrator	still_life
painting.rpy	unknown		narrator	label
painting.rpy	unknown		narrator	subject
painting.rpy	unknown		narrator	material
painting.rpy	unknown		narrator	canvas
painting.rpy	unknown		narrator	label
painting.rpy	unknown		narrator	subject
painting.rpy	unknown		narrator	material
painting.rpy	unknown		narrator	portfolio_piece
painting.rpy	unknown		narrator	label
painting.rpy	unknown		narrator	subject
painting.rpy	unknown		narrator	ambition
painting.rpy	unknown		narrator	Stay inside what you already do well.
painting.rpy	unknown		narrator	Push past comfortable. Worth more if it lands.
painting.rpy	unknown		narrator	Genuinely beyond you today. Might be your best work.
painting.rpy	unknown		narrator	critical_failure
painting.rpy	unknown		narrator	weak
painting.rpy	unknown		narrator	success
painting.rpy	unknown		narrator	great
painting.rpy	unknown		narrator	critical
painting.rpy	unknown		narrator	critical_failure
painting.rpy	unknown		narrator	weak
painting.rpy	unknown		narrator	success
painting.rpy	unknown		narrator	great
painting.rpy	unknown		narrator	critical
painting.rpy	unknown		narrator	
painting.rpy	unknown		narrator	
painting.rpy	unknown		narrator	great
painting.rpy	unknown		narrator	
painting.rpy	unknown		narrator	
painting.rpy	unknown		narrator	
painting.rpy	unknown		narrator	
painting.rpy	unknown		narrator	
painting.rpy	unknown		narrator	
painting.rpy	unknown		narrator	id
painting.rpy	unknown		narrator	type
painting.rpy	unknown		narrator	subject
painting.rpy	unknown		narrator	subject_id
painting.rpy	unknown		narrator	quality
painting.rpy	unknown		narrator	art_skill
painting.rpy	unknown		narrator	day
painting.rpy	unknown		narrator	estimated_value
painting.rpy	unknown		narrator	displayed
painting.rpy	unknown		narrator	in_portfolio
painting.rpy	unknown		narrator	gifted_to
painting.rpy	unknown		narrator	sold
painting.rpy	unknown		narrator	submitted_to
painting.rpy	unknown		narrator	
painting.rpy	unknown		narrator	
painting.rpy	unknown		narrator	
painting.rpy	unknown		narrator	street_sale
painting.rpy	unknown		narrator	commission_board
painting.rpy	unknown		narrator	gallery_sale
painting.rpy	unknown		narrator	exhibition_entry
painting.rpy	unknown		narrator	senior_commission
painting.rpy	unknown		narrator	
painting.rpy	unknown		narrator	Painted a remarkable %s
painting.rpy	unknown		narrator	artwork
painting.rpy	unknown		narrator	
painting.rpy	unknown		narrator	
painting.rpy	unknown		narrator	
painting.rpy	unknown		narrator	Sold \"%s\"
painting.rpy	unknown		narrator	great
painting.rpy	unknown		narrator	
painting.rpy	unknown		narrator	Gave \"%s\" to %s
painting.rpy	unknown		narrator	
painting.rpy	unknown		narrator	high
painting.rpy	unknown		narrator	They hold it at arm's length, then closer, then at arm's length again. \"You made this. You actually made this.\"
painting.rpy	unknown		narrator	\"No — wait.\" They turn it toward the window and go quiet for a long moment. \"This is good. I'm not being kind.\"
painting.rpy	unknown		narrator	mid
painting.rpy	unknown		narrator	\"You painted this? For me?\" They seem genuinely caught out by it.
painting.rpy	unknown		narrator	They look at it properly, which is more than most people would. \"I like it. I don't know why, but I do.\"
painting.rpy	unknown		narrator	low
painting.rpy	unknown		narrator	\"Thanks. That's — yeah, thanks.\" It goes under one arm, carefully enough.
painting.rpy	unknown		narrator	They nod, say something kind and slightly generic, and change the subject.
painting.rpy	unknown		narrator	none
painting.rpy	unknown		narrator	\"Art isn't really my thing.\" A beat. \"But you made it. So.\" They take it anyway.
painting.rpy	unknown		narrator	
painting.rpy	unknown		narrator	\"This one. How long did this take you?\"
painting.rpy	unknown		narrator	I can tell.\"
painting.rpy	unknown		narrator	label
painting.rpy	unknown		narrator	difficulty
painting.rpy	unknown		narrator	hours
painting.rpy	unknown		narrator	label
painting.rpy	unknown		narrator	difficulty
painting.rpy	unknown		narrator	hours
painting.rpy	unknown		narrator	label
painting.rpy	unknown		narrator	difficulty
painting.rpy	unknown		narrator	hours
painting.rpy	unknown		narrator	label
painting.rpy	unknown		narrator	difficulty
painting.rpy	unknown		narrator	hours
painting.rpy	unknown		narrator	label
painting.rpy	unknown		narrator	difficulty
painting.rpy	unknown		narrator	hours
painting.rpy	unknown		narrator	success
painting.rpy	unknown		narrator	
painting.rpy	unknown		narrator	id
painting.rpy	unknown		narrator	template
painting.rpy	unknown		narrator	subject
painting.rpy	unknown		narrator	client
painting.rpy	unknown		narrator	label
painting.rpy	unknown		narrator	difficulty
painting.rpy	unknown		narrator	pay
painting.rpy	unknown		narrator	min_quality
painting.rpy	unknown		narrator	hours
painting.rpy	unknown		narrator	deadline_day
painting.rpy	unknown		narrator	accepted_day
painting.rpy	unknown		narrator	
painting.rpy	unknown		narrator	
painting.rpy	unknown		narrator	Missed a commission deadline (%s)
painting.rpy	unknown		narrator	
painting.rpy	unknown		narrator	Commission: %s
painting.rpy	unknown		narrator	pay
painting.rpy	unknown		narrator	pay
painting.rpy	unknown		narrator	commission
painting.rpy	unknown		narrator	
painting.rpy	unknown		narrator	
painting.rpy	unknown		narrator	
painting_ui.rpy	painting_menu		narrator	The deadline came and went without the piece being finished. Someone is disappointed, and they were right to be.
painting_ui.rpy	painting_menu		narrator	The corner with the easel in it.
painting_ui.rpy	painting_menu		narrator	Practice sketching (1h)
painting_ui.rpy	painting_menu		narrator	Practice painting (2h)
painting_ui.rpy	painting_menu		narrator	Paint a still life (2h)
painting_ui.rpy	painting_menu		narrator	Paint a canvas (3h)
painting_ui.rpy	painting_menu		narrator	Create a portfolio piece (4h)
painting_ui.rpy	painting_menu		narrator	Work on the commission — [_p65_commission_note]
painting_ui.rpy	painting_menu		narrator	Check the commission board
painting_ui.rpy	painting_menu		narrator	Your artworks
painting_ui.rpy	painting_menu		narrator	Step away
painting_ui.rpy	painting_menu		narrator	You're out of board and can't cover a fresh pack.
painting_ui.rpy	painting_menu		narrator	[_p65_result_line]
painting_ui.rpy	painting_menu		narrator	You look at it again on the way past. That one's worth keeping.
painting_ui.rpy	painting_menu		narrator	\"[_p65_artname]\" — you'd put it at about $[_p65_val].
painting_ui.rpy	painting_menu		narrator	Add it to your portfolio
painting_ui.rpy	painting_menu		narrator	It goes in the folder with the others. A body of work, slowly.
painting_ui.rpy	painting_menu		narrator	Hang it on the wall
painting_ui.rpy	painting_menu		narrator	You find a nail and a stretch of wall. The room changes slightly.
painting_ui.rpy	painting_menu		narrator	Put it in storage
painting_ui.rpy	painting_menu		narrator	It goes behind the wardrobe with the rest of them.
painting_ui.rpy	painting_menu		narrator	
painting_ui.rpy	painting_menu		narrator	critical_failure
painting_ui.rpy	painting_menu		narrator	weak
painting_ui.rpy	painting_menu		narrator	success
painting_ui.rpy	painting_menu		narrator	great
painting_ui.rpy	painting_menu		narrator	critical
painting_ui.rpy	commission_board_flow		narrator	Nothing on the board.
painting_ui.rpy	commission_board_flow		narrator	[_p65_oclient]: \"[_p65_olabel].\"
painting_ui.rpy	commission_board_flow		narrator	$[_p65_opay] on delivery — $[_p65_lo]-[_p65_hi] depending how it lands. [_p65_ohrs]h of work, [_p65_odays] days to do it. [_p65_ochance]% to meet the brief.
painting_ui.rpy	commission_board_flow		narrator	Take it
painting_ui.rpy	commission_board_flow		narrator	You write the date down. That's a real commitment now.
painting_ui.rpy	commission_board_flow		narrator	Leave it
painting_ui.rpy	do_commission_flow		narrator	You can't cover the materials for it right now.
painting_ui.rpy	do_commission_flow		narrator	They look at it for a long time without saying anything. Then they pay you something, because they said they would.
painting_ui.rpy	do_commission_flow		narrator	\"It's — yeah. Thank you.\" They pay less than agreed and you don't argue, because they're right to.
painting_ui.rpy	do_commission_flow		narrator	They go quiet, then ask whether you take on more of this sort of thing. You say yes before you've finished thinking about it.
painting_ui.rpy	do_commission_flow		narrator	They're pleased. It goes up on their wall while you're still standing there.
painting_ui.rpy	my_artworks_flow		narrator	You haven't made anything yet.
painting_ui.rpy	my_artworks_flow		narrator	\"[_p65_artname]\" — appraised at $[_p65_val].
painting_ui.rpy	my_artworks_flow		narrator	Hang it on the wall
painting_ui.rpy	my_artworks_flow		narrator	It goes up. You catch sight of it later and it's still yours, which is a strange feeling.
painting_ui.rpy	my_artworks_flow		narrator	Take it down
painting_ui.rpy	my_artworks_flow		narrator	You take it down. The wall looks bare where it was.
painting_ui.rpy	my_artworks_flow		narrator	Add to portfolio
painting_ui.rpy	my_artworks_flow		narrator	Into the folder.
painting_ui.rpy	my_artworks_flow		narrator	Sell it on the street (about $[_p65_street_p], 1h)
painting_ui.rpy	my_artworks_flow		narrator	Consign it to the gallery (about $[_p65_gall_p])
painting_ui.rpy	my_artworks_flow		narrator	Give it to someone
painting_ui.rpy	my_artworks_flow		narrator	Submit it to an exhibition
painting_ui.rpy	my_artworks_flow		narrator	Back
painting_ui.rpy	my_artworks_flow		narrator	The gallery already has two of your pieces out this week. \"I can take it, but not at the price I'd want to give you.\"
painting_ui.rpy	my_artworks_flow		narrator	An hour on the pavement with it propped against your knees. Someone stops, haggles a little, and carries it off under one arm. $[_p65_price].
painting_ui.rpy	my_artworks_flow		narrator	They take it on consignment, write you a receipt, and it sells inside the week. $[_p65_price].
painting_ui.rpy	my_artworks_flow		narrator	You give it to [_p65_npcname].
painting_ui.rpy	my_artworks_flow		narrator	[_p65_result_line]
painting_ui.rpy	my_artworks_flow		narrator	You fill in the entry form for the [_p65_evtitle] and hand \"[_p65_artname]\" across the desk. It's out of your hands now.
painting_ui.rpy	my_artworks_flow		background	#12161ef8
painting_ui.rpy	my_artworks_flow		background	#1a2a3a
painting_ui.rpy	my_artworks_flow		hover_background	#1e3a5f
painting_ui.rpy	my_artworks_flow		background	#1e3a5f
painting_ui.rpy	my_artworks_flow		background	#12161ef8
painting_ui.rpy	my_artworks_flow		background	#1a2a3a
painting_ui.rpy	my_artworks_flow		hover_background	#1e3a5f
painting_ui.rpy	my_artworks_flow		background	#1e3a5f
painting_ui.rpy	my_artworks_flow		background	#12161ef8
painting_ui.rpy	my_artworks_flow		background	#1a2a3a
painting_ui.rpy	my_artworks_flow		hover_background	#1e3a5f
painting_ui.rpy	my_artworks_flow		background	#1e3a5f
painting_ui.rpy	my_artworks_flow		background	#12161ef8
painting_ui.rpy	my_artworks_flow		background	#1e3a5f
painting_ui.rpy	my_artworks_flow		background	#1e3a5f
painting_ui.rpy	my_artworks_flow		background	#12161ef8
painting_ui.rpy	my_artworks_flow		background	#1a2a3a
painting_ui.rpy	my_artworks_flow		hover_background	#1e3a5f
painting_ui.rpy	my_artworks_flow		background	#1e3a5f
painting_ui.rpy	my_artworks_flow		background	#12161ef8
painting_ui.rpy	my_artworks_flow		scrollbars	vertical
painting_ui.rpy	my_artworks_flow		background	#1a2230
painting_ui.rpy	my_artworks_flow		background	#1e3a5f
painting_ui.rpy	my_artworks_flow		background	#1e3a5f
painting_ui.rpy	my_artworks_flow		background	#12161ef8
painting_ui.rpy	my_artworks_flow		background	#1a2a3a
painting_ui.rpy	my_artworks_flow		hover_background	#1e3a5f
painting_ui.rpy	my_artworks_flow		background	#1e3a5f
phone.rpy	unknown		narrator	zoe
phone.rpy	unknown		narrator	nora
phone.rpy	unknown		narrator	marcus
phone.rpy	unknown		narrator	elle
phone.rpy	unknown		narrator	eli
phone.rpy	unknown		narrator	sam
phone.rpy	unknown		narrator	kai
phone.rpy	unknown		narrator	lena
phone.rpy	unknown		narrator	caroline
phone.rpy	unknown		narrator	martha
phone.rpy	unknown		narrator	natalie
phone.rpy	unknown		narrator	
phone.rpy	unknown		narrator	npc_id
phone.rpy	unknown		narrator	npc_name
phone.rpy	unknown		narrator	text
phone.rpy	unknown		narrator	send_on_day
phone.rpy	unknown		narrator	delivered
phone.rpy	unknown		narrator	delivered_on
phone.rpy	unknown		narrator	read
phone.rpy	unknown		narrator	replied
phone.rpy	unknown		narrator	replied_with
phone.rpy	unknown		narrator	responses
phone.rpy	unknown		narrator	tag
phone.rpy	unknown		narrator	is_player
phone.rpy	unknown		narrator	marcus_park_invite
phone.rpy	unknown		narrator	nora_grounds_invite
phone.rpy	unknown		narrator	zoe_park_invite
phone.rpy	unknown		narrator	eli_library_invite
phone.rpy	unknown		narrator	nora_static_date
phone.rpy	unknown		narrator	zoe_beach_date
phone.rpy	unknown		narrator	nora_home_coffee
phone.rpy	unknown		narrator	eli_home_dinner
phone.rpy	unknown		narrator	zoe_home_guitar
phone.rpy	unknown		narrator	zoe_exhibition
phone.rpy	unknown		narrator	
phone.rpy	unknown		narrator	name
phone.rpy	unknown		narrator	portrait
phone.rpy	unknown		narrator	location
phone.rpy	unknown		narrator	days_text
phone.rpy	unknown		narrator	display_text
phone.rpy	unknown		narrator	
phone.rpy	unknown		narrator	
phone.rpy	unknown		narrator	phone_goals_scr
phone.rpy	unknown		narrator	phone_mail_scr
phone.rpy	unknown		narrator	portfolio_scr
phone.rpy	unknown		narrator	phone_calendar_scr
phone.rpy	unknown		narrator	phone_marketplace_scr
phone.rpy	unknown		narrator	phone_possessions_scr
phone.rpy	unknown		narrator	
phone.rpy	unknown		narrator	
phone.rpy	unknown		scrollbars	vertical
phone.rpy	unknown		scrollbars	vertical
phone.rpy	unknown		scrollbars	vertical
phone.rpy	unknown		background	#1e4060e8
phone.rpy	unknown		background	#16202ae8
phone.rpy	unknown		text_hover_color	#ffffff
phone.rpy	unknown		background	#1e4060e8
phone.rpy	unknown		scrollbars	vertical
phone.rpy	unknown		background	#0e1a22
phone.rpy	unknown		background	#0e1a22
phone.rpy	unknown		hover_color	#ffffff
phone.rpy	unknown		insensitive_color	#4e606e
phone_actionable.rpy	unknown		narrator	marcus_msg_checkin
phone_actionable.rpy	unknown		narrator	marcus_msg_food
phone_actionable.rpy	unknown		narrator	marcus_msg_park
phone_actionable.rpy	unknown		narrator	nora_msg_shift
phone_actionable.rpy	unknown		narrator	nora_msg_recommendation
phone_actionable.rpy	unknown		narrator	nora_msg_try_drink
phone_actionable.rpy	unknown		narrator	zoe_msg_photo
phone_actionable.rpy	unknown		narrator	zoe_msg_question
phone_actionable.rpy	unknown		narrator	zoe_msg_park_opinion
phone_actionable.rpy	unknown		narrator	eli_msg_bug
phone_actionable.rpy	unknown		narrator	eli_msg_library
phone_actionable.rpy	unknown		narrator	eli_msg_library_table
phone_actionable.rpy	unknown		narrator	nora_msg_date_static
phone_actionable.rpy	unknown		narrator	zoe_msg_date_beach
phone_actionable.rpy	unknown		narrator	martha_msg_revision
phone_actionable.rpy	unknown		narrator	martha_msg_calendar
phone_actionable.rpy	unknown		narrator	lena_msg_coffee
phone_actionable.rpy	unknown		narrator	lena_msg_waiting_room
phone_actionable.rpy	unknown		narrator	sam_msg_soreness
phone_actionable.rpy	unknown		narrator	sam_msg_gym_music
phone_actionable.rpy	unknown		narrator	natalie_msg_delivery
phone_actionable.rpy	unknown		narrator	natalie_msg_clipboard
phone_actionable.rpy	unknown		narrator	martha_msg_familiar_attachment
phone_actionable.rpy	unknown		narrator	martha_msg_close_long_day
phone_actionable.rpy	unknown		narrator	lena_msg_familiar_lunch
phone_actionable.rpy	unknown		narrator	lena_msg_close_shift
phone_actionable.rpy	unknown		narrator	sam_msg_familiar_program
phone_actionable.rpy	unknown		narrator	sam_msg_close_rest_day
phone_actionable.rpy	unknown		narrator	natalie_msg_familiar_label
phone_actionable.rpy	unknown		narrator	natalie_msg_close_quiet
phone_actionable.rpy	unknown		narrator	marcus_msg_very_close_bad_day
phone_actionable.rpy	unknown		narrator	nora_msg_very_close_thought
phone_actionable.rpy	unknown		narrator	zoe_msg_very_close_reminder
phone_actionable.rpy	unknown		narrator	eli_msg_very_close_bad_day
phone_actionable.rpy	unknown		narrator	martha_msg_very_close_left_early
phone_actionable.rpy	unknown		narrator	lena_msg_very_close_quiet
phone_actionable.rpy	unknown		narrator	sam_msg_very_close_rest
phone_actionable.rpy	unknown		narrator	natalie_msg_very_close_daylight
phone_actionable.rpy	unknown		narrator	marcus_msg_familiar_food
phone_actionable.rpy	unknown		narrator	marcus_msg_close_checkin
phone_actionable.rpy	unknown		narrator	nora_msg_familiar_customer
phone_actionable.rpy	unknown		narrator	nora_msg_close_distraction
phone_actionable.rpy	unknown		narrator	zoe_msg_familiar_sketch
phone_actionable.rpy	unknown		narrator	zoe_msg_close_quiet
phone_actionable.rpy	unknown		narrator	eli_msg_familiar_debug
phone_actionable.rpy	unknown		narrator	eli_msg_close_company
phone_actionable.rpy	unknown		narrator	nora_msg_home_coffee
phone_actionable.rpy	unknown		narrator	eli_msg_home_dinner
phone_actionable.rpy	unknown		narrator	zoe_msg_home_guitar
phone_actionable.rpy	unknown		narrator	zoe_msg_exhibition_invite
phone_actionable.rpy	unknown		narrator	martha
phone_actionable.rpy	unknown		narrator	marcus
phone_actionable.rpy	unknown		narrator	marcus_msg_familiar_food
phone_actionable.rpy	unknown		narrator	marcus_msg_very_close_bad_day
phone_actionable.rpy	unknown		narrator	nora
phone_actionable.rpy	unknown		narrator	nora_msg_familiar_customer
phone_actionable.rpy	unknown		narrator	nora_msg_very_close_thought
phone_actionable.rpy	unknown		narrator	zoe
phone_actionable.rpy	unknown		narrator	zoe_msg_familiar_sketch
phone_actionable.rpy	unknown		narrator	zoe_msg_very_close_reminder
phone_actionable.rpy	unknown		narrator	zoe_msg_exhibition_invite
phone_actionable.rpy	unknown		narrator	eli
phone_actionable.rpy	unknown		narrator	eli_msg_familiar_debug
phone_actionable.rpy	unknown		narrator	eli_msg_very_close_bad_day
phone_actionable.rpy	unknown		narrator	martha
phone_actionable.rpy	unknown		narrator	martha_msg_familiar_attachment
phone_actionable.rpy	unknown		narrator	martha_msg_very_close_left_early
phone_actionable.rpy	unknown		narrator	lena
phone_actionable.rpy	unknown		narrator	lena_msg_familiar_lunch
phone_actionable.rpy	unknown		narrator	lena_msg_very_close_quiet
phone_actionable.rpy	unknown		narrator	sam
phone_actionable.rpy	unknown		narrator	sam_msg_familiar_program
phone_actionable.rpy	unknown		narrator	sam_msg_very_close_rest
phone_actionable.rpy	unknown		narrator	natalie
phone_actionable.rpy	unknown		narrator	natalie_msg_familiar_label
phone_actionable.rpy	unknown		narrator	natalie_msg_very_close_daylight
phone_actionable.rpy	unknown		narrator	nora_msg_date_static
phone_actionable.rpy	unknown		narrator	nora_msg_home_coffee
phone_actionable.rpy	unknown		narrator	zoe_msg_exhibition_invite
phone_actionable.rpy	unknown		narrator	marcus_msg_park
phone_actionable.rpy	unknown		narrator	nora_msg_try_drink
phone_actionable.rpy	unknown		narrator	zoe_msg_park_opinion
phone_actionable.rpy	unknown		narrator	eli_msg_library_table
phone_actionable.rpy	unknown		narrator	nora_msg_date_static
phone_actionable.rpy	unknown		narrator	zoe_msg_date_beach
phone_actionable.rpy	unknown		narrator	marcus_msg_familiar_food
phone_actionable.rpy	unknown		narrator	marcus_msg_close_checkin
phone_actionable.rpy	unknown		narrator	nora_msg_familiar_customer
phone_actionable.rpy	unknown		narrator	nora_msg_close_distraction
phone_actionable.rpy	unknown		narrator	zoe_msg_familiar_sketch
phone_actionable.rpy	unknown		narrator	zoe_msg_close_quiet
phone_actionable.rpy	unknown		narrator	eli_msg_familiar_debug
phone_actionable.rpy	unknown		narrator	eli_msg_close_company
phone_actionable.rpy	unknown		narrator	martha_msg_familiar_attachment
phone_actionable.rpy	unknown		narrator	martha_msg_close_long_day
phone_actionable.rpy	unknown		narrator	lena_msg_familiar_lunch
phone_actionable.rpy	unknown		narrator	lena_msg_close_shift
phone_actionable.rpy	unknown		narrator	sam_msg_familiar_program
phone_actionable.rpy	unknown		narrator	sam_msg_close_rest_day
phone_actionable.rpy	unknown		narrator	natalie_msg_familiar_label
phone_actionable.rpy	unknown		narrator	natalie_msg_close_quiet
phone_actionable.rpy	unknown		narrator	marcus_msg_very_close_bad_day
phone_actionable.rpy	unknown		narrator	nora_msg_very_close_thought
phone_actionable.rpy	unknown		narrator	zoe_msg_very_close_reminder
phone_actionable.rpy	unknown		narrator	eli_msg_very_close_bad_day
phone_actionable.rpy	unknown		narrator	martha_msg_very_close_left_early
phone_actionable.rpy	unknown		narrator	lena_msg_very_close_quiet
phone_actionable.rpy	unknown		narrator	sam_msg_very_close_rest
phone_actionable.rpy	unknown		narrator	natalie_msg_very_close_daylight
phone_actionable.rpy	unknown		narrator	nora_msg_home_coffee
phone_actionable.rpy	unknown		narrator	eli_msg_home_dinner
phone_actionable.rpy	unknown		narrator	zoe_msg_home_guitar
phone_actionable.rpy	unknown		narrator	zoe_msg_exhibition_invite
phone_actionable.rpy	unknown		narrator	
phone_actionable.rpy	unknown		narrator	marcus_msg_park
phone_actionable.rpy	unknown		narrator	nora_msg_try_drink
phone_actionable.rpy	unknown		narrator	zoe_msg_park_opinion
phone_actionable.rpy	unknown		narrator	eli_msg_library_table
phone_actionable.rpy	unknown		narrator	nora_msg_date_static
phone_actionable.rpy	unknown		narrator	zoe_msg_date_beach
phone_actionable.rpy	unknown		narrator	marcus_msg_familiar_food
phone_actionable.rpy	unknown		narrator	marcus_msg_close_checkin
phone_actionable.rpy	unknown		narrator	nora_msg_familiar_customer
phone_actionable.rpy	unknown		narrator	nora_msg_close_distraction
phone_actionable.rpy	unknown		narrator	zoe_msg_familiar_sketch
phone_actionable.rpy	unknown		narrator	zoe_msg_close_quiet
phone_actionable.rpy	unknown		narrator	eli_msg_familiar_debug
phone_actionable.rpy	unknown		narrator	eli_msg_close_company
phone_actionable.rpy	unknown		narrator	martha_msg_familiar_attachment
phone_actionable.rpy	unknown		narrator	martha_msg_close_long_day
phone_actionable.rpy	unknown		narrator	lena_msg_familiar_lunch
phone_actionable.rpy	unknown		narrator	lena_msg_close_shift
phone_actionable.rpy	unknown		narrator	sam_msg_familiar_program
phone_actionable.rpy	unknown		narrator	sam_msg_close_rest_day
phone_actionable.rpy	unknown		narrator	natalie_msg_familiar_label
phone_actionable.rpy	unknown		narrator	natalie_msg_close_quiet
phone_actionable.rpy	unknown		narrator	marcus_msg_very_close_bad_day
phone_actionable.rpy	unknown		narrator	nora_msg_very_close_thought
phone_actionable.rpy	unknown		narrator	zoe_msg_very_close_reminder
phone_actionable.rpy	unknown		narrator	eli_msg_very_close_bad_day
phone_actionable.rpy	unknown		narrator	martha_msg_very_close_left_early
phone_actionable.rpy	unknown		narrator	lena_msg_very_close_quiet
phone_actionable.rpy	unknown		narrator	sam_msg_very_close_rest
phone_actionable.rpy	unknown		narrator	natalie_msg_very_close_daylight
phone_actionable.rpy	unknown		narrator	nora_msg_home_coffee
phone_actionable.rpy	unknown		narrator	eli_msg_home_dinner
phone_actionable.rpy	unknown		narrator	zoe_msg_home_guitar
phone_actionable.rpy	unknown		narrator	zoe_msg_exhibition_invite
phone_actionable.rpy	unknown		narrator	nora_msg_home_coffee
phone_actionable.rpy	unknown		narrator	eli_msg_home_dinner
phone_actionable.rpy	unknown		narrator	zoe_msg_home_guitar
phone_actionable.rpy	unknown		narrator	zoe_msg_exhibition_invite
phone_actionable.rpy	unknown		narrator	
phone_actionable.rpy	unknown		narrator	
phone_actionable.rpy	unknown		narrator	
phone_actionable.rpy	unknown		narrator	
phone_actionable.rpy	phone_martha_coffee_scene	cafeday	narrator	Martha is already there when you arrive. Two coffees on the table. She pushes one toward you.
phone_actionable.rpy	phone_martha_coffee_scene	cafeday	Martha	I always order before the person gets there. Presumptuous — it's faster.
phone_actionable.rpy	phone_martha_coffee_scene	cafeday	narrator	\"How long have you been doing that?\"
phone_actionable.rpy	phone_martha_coffee_scene	cafeday	Martha	Fifteen years, give or take. Nobody's complained.
phone_actionable.rpy	phone_martha_coffee_scene	cafeday	narrator	\"Bold move.\"
phone_actionable.rpy	phone_martha_coffee_scene	cafeday	Martha	It's a latte. I took a risk.
phone_actionable.rpy	phone_martha_coffee_scene	cafeday	narrator	A dry smile. The first one you've seen from her outside the office.
phone_actionable.rpy	phone_martha_coffee_scene	cafeday	Martha	I wanted to say — you're handling the pressure well. Better than I did at your stage.
phone_actionable.rpy	phone_martha_coffee_scene	cafeday	Martha	That's all. You can go back to being new now.
phone_actionable.rpy	phone_eli_debug_scene	hub_pov	narrator	The office is empty at seven. Eli's already pulled up the flamegraph.
phone_actionable.rpy	phone_eli_debug_scene	hub_pov	Eli	Pull up the profiler. I want a second read on this latency spike.
phone_actionable.rpy	phone_eli_debug_scene	hub_pov	narrator	You work through it together. Eli talks less than usual — just asks questions.
phone_actionable.rpy	phone_eli_debug_scene	hub_pov	narrator	An hour in, you catch something they missed.
phone_actionable.rpy	phone_eli_debug_scene	hub_pov	Eli	Good catch. Write it up before you leave.
phone_actionable.rpy	phone_lena_case_scene	hospital1	narrator	The third-year presents the case. Complex, bilateral involvement, non-obvious history.
phone_actionable.rpy	phone_lena_case_scene	hospital1	narrator	Lena listens without interrupting for two minutes. Then she asks one question. Everything shifts.
phone_actionable.rpy	phone_lena_case_scene	hospital1	Dr. Lena	Write down what changed after the question. Not the answer — what the question did.
phone_actionable.rpy	phone_lena_case_scene	hospital1	narrator	You fill half a page in your notes.
phone_actionable.rpy	phone_nora_closing_scene	cafenight	narrator	Closing the café is quieter than a shift. Chairs up. Counters wiped. Henry went home at nine.
phone_actionable.rpy	phone_nora_closing_scene	cafenight	Nora	Okay, I have a theory about the foam. Are you ready for this theory?
phone_actionable.rpy	phone_nora_closing_scene	cafenight	narrator	You tell her you are.
phone_actionable.rpy	phone_nora_closing_scene	cafenight	Nora	It's not the milk. It's the temperature. Everyone blames the milk.
phone_actionable.rpy	phone_nora_closing_scene	cafenight	narrator	She makes you a perfect flat white at 10pm to prove her point.
phone_actionable.rpy	phone_reply_eli_side_remote	cafenight	narrator	template_id
phone_actionable.rpy	phone_reply_eli_side_remote	cafenight	narrator	title
phone_actionable.rpy	phone_reply_eli_side_remote	cafenight	narrator	client
phone_actionable.rpy	phone_reply_eli_side_remote	cafenight	narrator	required_skill
phone_actionable.rpy	phone_reply_eli_side_remote	cafenight	narrator	accepted_day
phone_actionable.rpy	phone_reply_eli_side_remote	cafenight	narrator	deadline_day
phone_actionable.rpy	phone_reply_eli_side_remote	cafenight	narrator	required_hours
phone_actionable.rpy	phone_reply_eli_side_remote	cafenight	narrator	worked_hours
phone_actionable.rpy	phone_reply_eli_side_remote	cafenight	narrator	pay
phone_actionable.rpy	phone_reply_eli_side_remote	cafenight	narrator	exp
phone_actionable.rpy	phone_reply_eli_side_remote	cafenight	narrator	status
phone_actionable.rpy	phone_reply_eli_side_remote	cafenight	narrator	is_eli
phone_actionable.rpy	phone_natalie_extra_scene	pov_warehouse	narrator	Short crew, double pace. Natalie works the line beside you for the first two hours.
phone_actionable.rpy	phone_natalie_extra_scene	pov_warehouse	narrator	She doesn't say much, but you notice she angles the heaviest pallets toward herself.
phone_actionable.rpy	phone_natalie_extra_scene	pov_warehouse	narrator	At the break she hands you a water and says: \"Not bad.\"
phone_actionable.rpy	phone_natalie_extra_scene	pov_warehouse	narrator	From Natalie, that's close to a speech.
phone_messages.rpy	unknown		narrator	caroline
phone_messages.rpy	unknown		narrator	martha
phone_messages.rpy	unknown		narrator	eli
phone_messages.rpy	unknown		narrator	lena
phone_messages.rpy	unknown		narrator	nora
phone_messages.rpy	unknown		narrator	natalie
phone_messages.rpy	unknown		narrator	kai
phone_messages.rpy	unknown		narrator	rena
phone_messages.rpy	unknown		narrator	sam
phone_messages.rpy	unknown		narrator	zoe
phone_messages.rpy	unknown		narrator	marcus
phone_messages.rpy	unknown		narrator	martha
phone_messages.rpy	unknown		narrator	nora
phone_messages.rpy	unknown		narrator	lena
phone_messages.rpy	unknown		narrator	eli
phone_messages.rpy	unknown		narrator	natalie
phone_messages.rpy	unknown		narrator	npc_id
phone_messages.rpy	unknown		narrator	npc_name
phone_messages.rpy	unknown		narrator	text
phone_messages.rpy	unknown		narrator	send_on_day
phone_messages.rpy	unknown		narrator	delivered
phone_messages.rpy	unknown		narrator	delivered_on
phone_messages.rpy	unknown		narrator	read
phone_messages.rpy	unknown		narrator	replied
phone_messages.rpy	unknown		narrator	replied_with
phone_messages.rpy	unknown		narrator	responses
phone_messages.rpy	unknown		narrator	tag
phone_messages.rpy	unknown		narrator	id
phone_messages.rpy	unknown		narrator	npc_id
phone_messages.rpy	unknown		narrator	title
phone_messages.rpy	unknown		narrator	day
phone_messages.rpy	unknown		narrator	hour
phone_messages.rpy	unknown		narrator	location
phone_messages.rpy	unknown		narrator	label
phone_messages.rpy	unknown		narrator	grace
phone_messages.rpy	unknown		narrator	completed
phone_messages.rpy	unknown		narrator	missed
phone_messages.rpy	unknown		narrator	cancelled
phone_messages.rpy	unknown		narrator	notified
phone_messages.rpy	unknown		narrator	
phone_messages.rpy	unknown		narrator	
phone_messages.rpy	unknown		narrator	
phone_messages.rpy	unknown		narrator	
phone_messages.rpy	unknown		narrator	missed_%s
phone_messages.rpy	unknown		narrator	trigger_day
phone_messages.rpy	unknown		narrator	commitment_id
phone_messages.rpy	unknown		narrator	title
phone_messages.rpy	unknown		narrator	location
phone_messages.rpy	unknown		narrator	hour
phone_messages.rpy	unknown		narrator	variant
phone_messages.rpy	unknown		narrator	
phone_messages.rpy	unknown		narrator	
phone_messages.rpy	unknown		narrator	martha
phone_messages.rpy	unknown		narrator	nora
phone_messages.rpy	unknown		narrator	eli
phone_messages.rpy	unknown		narrator	lena
phone_messages.rpy	unknown		narrator	natalie
phone_messages.rpy	unknown		narrator	martha
phone_messages.rpy	unknown		narrator	nora
phone_messages.rpy	unknown		narrator	eli
phone_messages.rpy	unknown		narrator	lena
phone_messages.rpy	unknown		narrator	natalie
phone_messages.rpy	unknown		narrator	
phone_messages.rpy	unknown		narrator	cancel_%s
phone_messages.rpy	unknown		narrator	
phone_messages.rpy	unknown		narrator	
phone_messages.rpy	unknown		narrator	
phone_messages.rpy	unknown		text_color	#c06060
phone_messages.rpy	unknown		text_hover_color	#ff8080
player_states.rpy	unknown		narrator	focused
player_states.rpy	unknown		narrator	inspired
player_states.rpy	unknown		narrator	confident
player_states.rpy	unknown		narrator	stressed
player_states.rpy	unknown		narrator	lonely
player_states.rpy	unknown		narrator	started_day
player_states.rpy	unknown		narrator	
portfolio.rpy	unknown		narrator	career
portfolio.rpy	unknown		narrator	project
portfolio.rpy	unknown		narrator	story
portfolio.rpy	unknown		narrator	journal
portfolio.rpy	unknown		narrator	money
portfolio.rpy	unknown		scrollbars	vertical
portfolio.rpy	unknown		scrollbars	vertical
possessions.rpy	unknown		narrator	pool_trophy
possessions.rpy	unknown		narrator	name
possessions.rpy	unknown		narrator	description
possessions.rpy	unknown		narrator	unique
possessions.rpy	unknown		narrator	icon_key
possessions.rpy	unknown		narrator	hint
possessions.rpy	unknown		narrator	darts_trophy
possessions.rpy	unknown		narrator	name
possessions.rpy	unknown		narrator	description
possessions.rpy	unknown		narrator	unique
possessions.rpy	unknown		narrator	icon_key
possessions.rpy	unknown		narrator	hint
possessions.rpy	unknown		narrator	cookoff_medal
possessions.rpy	unknown		narrator	name
possessions.rpy	unknown		narrator	description
possessions.rpy	unknown		narrator	unique
possessions.rpy	unknown		narrator	icon_key
possessions.rpy	unknown		narrator	hint
possessions.rpy	unknown		narrator	coding_challenge_plaque
possessions.rpy	unknown		narrator	name
possessions.rpy	unknown		narrator	description
possessions.rpy	unknown		narrator	unique
possessions.rpy	unknown		narrator	icon_key
possessions.rpy	unknown		narrator	hint
possessions.rpy	unknown		narrator	gallery_ribbon
possessions.rpy	unknown		narrator	name
possessions.rpy	unknown		narrator	description
possessions.rpy	unknown		narrator	unique
possessions.rpy	unknown		narrator	icon_key
possessions.rpy	unknown		narrator	hint
possessions.rpy	unknown		narrator	gym_challenge_medal
possessions.rpy	unknown		narrator	name
possessions.rpy	unknown		narrator	description
possessions.rpy	unknown		narrator	unique
possessions.rpy	unknown		narrator	icon_key
possessions.rpy	unknown		narrator	hint
possessions.rpy	unknown		narrator	first_paid_gig_stub
possessions.rpy	unknown		narrator	name
possessions.rpy	unknown		narrator	description
possessions.rpy	unknown		narrator	unique
possessions.rpy	unknown		narrator	icon_key
possessions.rpy	unknown		narrator	hint
possessions.rpy	unknown		narrator	mechanics_restoration_badge
possessions.rpy	unknown		narrator	name
possessions.rpy	unknown		narrator	description
possessions.rpy	unknown		narrator	unique
possessions.rpy	unknown		narrator	icon_key
possessions.rpy	unknown		narrator	hint
possessions.rpy	unknown		narrator	freelance_client_card
possessions.rpy	unknown		narrator	name
possessions.rpy	unknown		narrator	description
possessions.rpy	unknown		narrator	unique
possessions.rpy	unknown		narrator	icon_key
possessions.rpy	unknown		narrator	hint
possessions.rpy	unknown		narrator	musician_contact_card
possessions.rpy	unknown		narrator	name
possessions.rpy	unknown		narrator	description
possessions.rpy	unknown		narrator	same corner, most weekends.
possessions.rpy	unknown		narrator	unique
possessions.rpy	unknown		narrator	icon_key
possessions.rpy	unknown		narrator	hint
possessions.rpy	unknown		narrator	art_market_vendor_card
possessions.rpy	unknown		narrator	name
possessions.rpy	unknown		narrator	description
possessions.rpy	unknown		narrator	unique
possessions.rpy	unknown		narrator	icon_key
possessions.rpy	unknown		narrator	hint
possessions.rpy	unknown		narrator	festival_wristband
possessions.rpy	unknown		narrator	name
possessions.rpy	unknown		narrator	description
possessions.rpy	unknown		narrator	unique
possessions.rpy	unknown		narrator	icon_key
possessions.rpy	unknown		narrator	hint
possessions.rpy	unknown		narrator	promotion_certificate
possessions.rpy	unknown		narrator	name
possessions.rpy	unknown		narrator	description
possessions.rpy	unknown		narrator	unique
possessions.rpy	unknown		narrator	icon_key
possessions.rpy	unknown		narrator	hint
possessions.rpy	unknown		narrator	networking_lanyard
possessions.rpy	unknown		narrator	name
possessions.rpy	unknown		narrator	description
possessions.rpy	unknown		narrator	unique
possessions.rpy	unknown		narrator	icon_key
possessions.rpy	unknown		narrator	hint
possessions.rpy	unknown		narrator	rare_vintage_coin
possessions.rpy	unknown		narrator	name
possessions.rpy	unknown		narrator	description
possessions.rpy	unknown		narrator	unique
possessions.rpy	unknown		narrator	icon_key
possessions.rpy	unknown		narrator	hint
possessions.rpy	unknown		narrator	trivia_night_mug
possessions.rpy	unknown		narrator	name
possessions.rpy	unknown		narrator	description
possessions.rpy	unknown		narrator	unique
possessions.rpy	unknown		narrator	icon_key
possessions.rpy	unknown		narrator	hint
possessions.rpy	unknown		narrator	keepsake_trophy
possessions.rpy	unknown		narrator	keepsake_medal
possessions.rpy	unknown		narrator	keepsake_ribbon
possessions.rpy	unknown		narrator	keepsake_plaque
possessions.rpy	unknown		narrator	keepsake_ticket
possessions.rpy	unknown		narrator	keepsake_badge
possessions.rpy	unknown		narrator	keepsake_card
possessions.rpy	unknown		narrator	keepsake_wristband
possessions.rpy	unknown		narrator	keepsake_certificate
possessions.rpy	unknown		narrator	collectible_coin
possessions.rpy	unknown		narrator	_fallback
possessions.rpy	unknown		narrator	keepsake
possessions.rpy	unknown		narrator	collectible
possessions.rpy	unknown		narrator	artwork
possessions.rpy	unknown		narrator	gear
possessions.rpy	unknown		narrator	gift
possessions.rpy	unknown		narrator	
possessions.rpy	unknown		narrator	
possessions.rpy	unknown		narrator	id
possessions.rpy	unknown		narrator	item_id
possessions.rpy	unknown		narrator	acquired_day
possessions.rpy	unknown		narrator	acquired_source
possessions.rpy	unknown		narrator	category
possessions.rpy	unknown		narrator	featured
possessions.rpy	unknown		narrator	meta
possessions.rpy	unknown		narrator	Kept: 
possessions.rpy	unknown		narrator	
possessions.rpy	unknown		narrator	
possessions.rpy	unknown		narrator	
possessions.rpy	unknown		narrator	best_open_mic_tier
possessions.rpy	unknown		narrator	best_busking_tier
possessions.rpy	unknown		narrator	highest_busking_tips
possessions.rpy	unknown		narrator	best_artwork_quality
possessions.rpy	unknown		narrator	best_artwork_estimated_value
possessions.rpy	unknown		narrator	best_freelance_rating
possessions.rpy	unknown		narrator	highest_pool_opponent_defeated
possessions.rpy	unknown		narrator	best_cooking_challenge_finish
possessions.rpy	unknown		narrator	best_catering_tier
possessions.rpy	unknown		narrator	best_repair_tier
possessions.rpy	unknown		narrator	highest_career_rank
possessions.rpy	unknown		narrator	best_city_challenge_finish
possessions.rpy	unknown		narrator	best_fitness_pb_tier
possessions.rpy	unknown		narrator	
possessions.rpy	unknown		narrator	
possessions.rpy	unknown		narrator	
possessions.rpy	unknown		narrator	id
possessions.rpy	unknown		narrator	day
possessions.rpy	unknown		narrator	rest_well
possessions.rpy	unknown		narrator	recent_practice
possessions.rpy	unknown		narrator	
possessions.rpy	unknown		narrator	
possessions.rpy	unknown		narrator	cook_off
possessions.rpy	unknown		narrator	fitness_challenge
possessions.rpy	unknown		narrator	coding_workshop
possessions.rpy	unknown		narrator	art_exhibition
possessions.rpy	unknown		narrator	music_showcase
possessions.rpy	unknown		narrator	networking_pitch
possessions.rpy	unknown		narrator	trivia_night
possessions.rpy	unknown		narrator	beat_professor_pool
possessions.rpy	unknown		narrator	restore_showpiece
possessions.rpy	unknown		narrator	first_exhibition_win
possessions.rpy	unknown		narrator	hard_technical_challenge
possessions.rpy	unknown		narrator	signature_dish_master
possessions.rpy	unknown		narrator	professor_pool
possessions.rpy	unknown		narrator	darts_champion
possessions.rpy	unknown		narrator	pool_reg_easy
possessions.rpy	unknown		narrator	pool_reg_hard
possessions.rpy	unknown		narrator	culinary
possessions.rpy	unknown		narrator	fitness
possessions.rpy	unknown		narrator	art
possessions.rpy	unknown		narrator	skill
possessions.rpy	unknown		narrator	music
possessions.rpy	unknown		narrator	career
possessions.rpy	unknown		narrator	bar
possessions.rpy	unknown		narrator	It didn't go your way. You know more than you did.
possessions.rpy	unknown		narrator	citychal_%s_first_place
possessions.rpy	unknown		narrator	promoted_%s_r%d
possessions.rpy	unknown		narrator	Promoted to %s.
possessions.rpy	unknown		narrator	career
possessions.rpy	unknown		narrator	A great open mic performance.
possessions.rpy	unknown		narrator	
possessions.rpy	unknown		narrator	fl_%s_day%s
possessions_ui.rpy	unknown		narrator	
possessions_ui.rpy	unknown		narrator	
possessions_ui.rpy	unknown		text_hover_color	#ffffff
possessions_ui.rpy	unknown		background	#1a2a3a
possessions_ui.rpy	unknown		background	#1a2a3a
possessions_ui.rpy	unknown		scrollbars	vertical
profile.rpy	unknown		scrollbars	vertical
project_results.rpy	unknown		narrator	
project_results.rpy	unknown		narrator	score
project_results.rpy	unknown		narrator	pay_modifier
project_results.rpy	unknown		narrator	trust_change
project_results.rpy	unknown		narrator	exec_result
project_results.rpy	unknown		narrator	mechanics
project_results.rpy	unknown		narrator	client
project_results.rpy	unknown		narrator	client_id
project_results.rpy	unknown		narrator	pay
project_results.rpy	unknown		narrator	rating
project_results.rpy	unknown		narrator	score
project_results.rpy	unknown		narrator	template_id
project_results.rpy	unknown		narrator	required_skill
project_results.rpy	unknown		narrator	major
project_results.rpy	unknown		narrator	
project_results.rpy	unknown		narrator	
project_results.rpy	unknown		background	#12161ef8
quests.rpy	unknown		narrator	Find Your Feet
quests.rpy	unknown		narrator	Settle in: head to Grounds café, meet your neighbour Marcus and the barista Nora, and pick up a shift for some cash. Zoe's around the city too — worth crossing paths.
quests.rpy	unknown		narrator	Cross Paths with Zoe
quests.rpy	unknown		narrator	Zoe turns up around the city — the park, the club, out at night. Find her.
quests.rpy	unknown		narrator	Find Work
quests.rpy	unknown		narrator	Rent doesn't pay itself. Apply at Nexus Tower, The Hub, or the hospital.
quests.rpy	unknown		narrator	Earn Your First Paycheck
quests.rpy	unknown		narrator	Work a full shift and collect your first real paycheck.
quests.rpy	unknown		narrator	Hitting Your Stride
quests.rpy	unknown		narrator	Push STR, INT, CHR, or APP to 30 through training and socializing.
quests.rpy	unknown		narrator	Get Someone's Number
quests.rpy	unknown		narrator	Build affection to 25 with someone and ask for their number.
quests.rpy	unknown		narrator	Move Up the Ladder
quests.rpy	unknown		narrator	Build job performance to 100 and meet the next rank's requirements.
quests.rpy	unknown		narrator	Marcus Has Your Back
quests.rpy	unknown		narrator	Build your friendship with Marcus — affection 40.
quests.rpy	unknown		narrator	Regular at Grounds
quests.rpy	unknown		narrator	Become a regular at the café — Nora's affection 40.
quests.rpy	unknown		narrator	Get to Know Zoe
quests.rpy	unknown		narrator	Spend time with Zoe and grow closer — affection 40.
quests.rpy	unknown		narrator	Take Someone Out
quests.rpy	unknown		narrator	Ask someone on a date — affection 30 unlocks the invite.
quests.rpy	unknown		narrator	Financial Cushion
quests.rpy	unknown		narrator	Save $1,000 with no outstanding loan.
quests.rpy	unknown		narrator	Keep Your Word
quests.rpy	unknown		narrator	You accepted an invitation. Show up.
quests.rpy	unknown		narrator	Make It Home
quests.rpy	unknown		narrator	Buy something that makes your apartment feel less temporary.
quests.rpy	unknown		narrator	Back in the Black
quests.rpy	unknown		narrator	Pay off what you owe.
quests.rpy	unknown		narrator	You're on the IT track. Push Programming to Lv3.
quests.rpy	unknown		narrator	You're in the corporate world. Push Business to Lv3.
quests.rpy	unknown		narrator	You're on the medical track. Push Medicine to Lv3.
quests.rpy	unknown		narrator	You're working the kitchen. Push Cooking to Lv3.
quests.rpy	unknown		narrator	You're coaching clients. Push Fitness to Lv3.
quests.rpy	unknown		narrator	Earn Their Trust
quests.rpy	unknown		narrator	Build real trust with a career mentor (Trust 30).
quests.rpy	unknown		narrator	Prove Yourself
quests.rpy	unknown		narrator	Complete your career's preview arc.
quests.rpy	unknown		narrator	Time for a Promotion
quests.rpy	unknown		narrator	You're performing well. Push to 100 and request a review.
quests.rpy	unknown		narrator	
rare_outcomes.rpy	unknown		narrator	
rare_outcomes.rpy	unknown		narrator	
rare_outcomes.rpy	unknown		narrator	
rare_outcomes.rpy	unknown		narrator	
rare_outcomes.rpy	unknown		narrator	
rare_outcomes.rpy	unknown		narrator	_size
rare_outcomes.rpy	unknown		narrator	
rare_outcomes.rpy	unknown		narrator	
rare_outcomes.rpy	unknown		narrator	
rare_outcomes.rpy	unknown		narrator	busking
rare_outcomes.rpy	unknown		narrator	open_mic
rare_outcomes.rpy	unknown		narrator	pct_by_tier
rare_outcomes.rpy	unknown		narrator	painting
rare_outcomes.rpy	unknown		narrator	bar_game
rare_outcomes.rpy	unknown		narrator	city_challenge
rare_outcomes.rpy	unknown		narrator	city_challenge_miss
rare_outcomes.rpy	unknown		narrator	
rare_outcomes.rpy	unknown		narrator	weak
rare_outcomes.rpy	unknown		narrator	critical
rare_outcomes.rpy	unknown		narrator	
rare_outcomes.rpy	unknown		narrator	+$%d, +2 followers.
rare_outcomes.rpy	unknown		narrator	I was the one with the case at the fountain. If you ever 
rare_outcomes.rpy	unknown		narrator	want to split a set, I'm around most weekends. Bring the 
rare_outcomes.rpy	unknown		narrator	same tuning.
rare_outcomes.rpy	unknown		narrator	with you. (Contact kept)
rare_outcomes.rpy	unknown		narrator	writes something down. (Mail coming)
rare_outcomes.rpy	unknown		narrator	A busking set that people actually stopped for.
rare_outcomes.rpy	unknown		narrator	music
rare_outcomes.rpy	unknown		narrator	tier
rare_outcomes.rpy	unknown		narrator	id
rare_outcomes.rpy	unknown		narrator	text
rare_outcomes.rpy	unknown		narrator	+%d followers.
rare_outcomes.rpy	unknown		narrator	I run the weeknight slots and I watched your set. I am not 
rare_outcomes.rpy	unknown		narrator	promising anything, but come to the next open mic and ask 
rare_outcomes.rpy	unknown		narrator	for me by name. Bring more than four songs.
rare_outcomes.rpy	unknown		narrator	rare_om_promoter_d%d
rare_outcomes.rpy	unknown		narrator	(Mail coming)
rare_outcomes.rpy	unknown		narrator	Your first exceptional open mic performance.
rare_outcomes.rpy	unknown		narrator	music
rare_outcomes.rpy	unknown		narrator	A local art account picked up a photo of your work. No money 
rare_outcomes.rpy	unknown		narrator	in it, but people are asking where they can see more. The 
rare_outcomes.rpy	unknown		narrator	street stall and the commission board are both fair answers.
rare_outcomes.rpy	unknown		narrator	rare_art_social_d%d
rare_outcomes.rpy	unknown		narrator	have. (Mail coming)
rare_outcomes.rpy	unknown		narrator	It will sell better through the gallery.
rare_outcomes.rpy	unknown		narrator	The piece where the technique clicked.
rare_outcomes.rpy	unknown		narrator	art
rare_outcomes.rpy	unknown		narrator	before. (Recorded, Inspired)
rare_outcomes.rpy	unknown		narrator	
rare_outcomes.rpy	unknown		narrator	night. They will be here again.
rare_outcomes.rpy	unknown		narrator	You should hear about the next one
rare_outcomes.rpy	unknown		narrator	You placed, so you are on the list now. We run these 
rare_outcomes.rpy	unknown		narrator	every few weeks and the harder bracket is worth your 
rare_outcomes.rpy	unknown		narrator	time. Watch the noticeboard.
rare_outcomes.rpy	unknown		narrator	rare_chal_contact_d%d
rare_outcomes.rpy	unknown		narrator	time. (Mail coming)
rare_outcomes.rpy	unknown		narrator	id
rare_outcomes.rpy	unknown		narrator	text
rare_outcomes.rpy	unknown		narrator	You won a city competition outright.
rare_outcomes.rpy	unknown		narrator	competition
rare_outcomes.rpy	unknown		narrator	template_id
rare_outcomes.rpy	unknown		narrator	cook_off
rare_outcomes.rpy	unknown		narrator	Cook one dish forty times instead of forty dishes once.\"
rare_outcomes.rpy	unknown		narrator	art_exhibition
rare_outcomes.rpy	unknown		narrator	come back with a name.
rare_outcomes.rpy	unknown		narrator	coding_workshop
rare_outcomes.rpy	unknown		narrator	shorter than yours and you know why.
rare_outcomes.rpy	unknown		narrator	fitness_challenge
rare_outcomes.rpy	unknown		narrator	It runs again.
rare_outcomes.rpy	unknown		narrator	music_showcase
rare_outcomes.rpy	unknown		narrator	\"Everyone here did open mic first.\"
rare_outcomes.rpy	unknown		narrator	networking_pitch
rare_outcomes.rpy	unknown		narrator	ideas in it, and one of them was good.
rare_outcomes.rpy	unknown		narrator	trivia_night
rare_outcomes.rpy	unknown		narrator	
rare_outcomes.rpy	unknown		background	#ffd66a20
rare_outcomes.rpy	unknown		narrator	
rare_outcomes.rpy	unknown		background	#0d1117f8
rare_outcomes.rpy	unknown		scrollbars	vertical
rare_outcomes.rpy	unknown		narrator	ready
resolution_checks.rpy	unknown		narrator	critical_failure
resolution_checks.rpy	unknown		narrator	weak
resolution_checks.rpy	unknown		narrator	success
resolution_checks.rpy	unknown		narrator	great
resolution_checks.rpy	unknown		narrator	critical
resolution_checks.rpy	unknown		narrator	
resolution_checks.rpy	unknown		narrator	
resolution_checks.rpy	unknown		narrator	raw_roll
resolution_checks.rpy	unknown		narrator	final
resolution_checks.rpy	unknown		narrator	tier
resolution_checks.rpy	unknown		narrator	modifiers
resolution_checks.rpy	unknown		narrator	breakdown
resolution_checks.rpy	unknown		narrator	
resolution_checks.rpy	unknown		narrator	
resolution_checks.rpy	unknown		narrator	success_or_better
resolution_checks.rpy	unknown		narrator	distribution
resolution_checks.rpy	unknown		narrator	critical_failure
resolution_checks.rpy	unknown		narrator	weak
resolution_checks.rpy	unknown		narrator	success
resolution_checks.rpy	unknown		narrator	great
resolution_checks.rpy	unknown		narrator	critical
resolution_checks.rpy	unknown		narrator	effective_modifier
resolution_checks.rpy	unknown		narrator	modifier_lines
resolution_checks.rpy	unknown		narrator	
resolution_checks.rpy	unknown		narrator	text
resolution_checks.rpy	unknown		narrator	effects
resolution_checks.rpy	unknown		narrator	text
resolution_checks.rpy	unknown		narrator	effects
resolution_checks.rpy	unknown		narrator	text
resolution_checks.rpy	unknown		narrator	effects
resolution_checks.rpy	unknown		narrator	text
resolution_checks.rpy	unknown		narrator	effects
resolution_checks.rpy	unknown		narrator	text
resolution_checks.rpy	unknown		narrator	effects
resolution_checks.rpy	unknown		narrator	text
resolution_checks.rpy	unknown		narrator	effects
resolution_checks.rpy	unknown		narrator	it
resolution_checks.rpy	unknown		narrator	text
resolution_checks.rpy	unknown		narrator	check_skill
resolution_checks.rpy	unknown		narrator	choices
resolution_checks.rpy	unknown		narrator	text
resolution_checks.rpy	unknown		narrator	check_skill
resolution_checks.rpy	unknown		narrator	choices
resolution_checks.rpy	unknown		narrator	corporate
resolution_checks.rpy	unknown		narrator	text
resolution_checks.rpy	unknown		narrator	check_skill
resolution_checks.rpy	unknown		narrator	choices
resolution_checks.rpy	unknown		narrator	hospital
resolution_checks.rpy	unknown		narrator	text
resolution_checks.rpy	unknown		narrator	check_skill
resolution_checks.rpy	unknown		narrator	choices
resolution_checks.rpy	unknown		narrator	culinary
resolution_checks.rpy	unknown		narrator	text
resolution_checks.rpy	unknown		narrator	check_skill
resolution_checks.rpy	unknown		narrator	choices
resolution_checks.rpy	unknown		narrator	trainer
resolution_checks.rpy	unknown		narrator	text
resolution_checks.rpy	unknown		narrator	check_skill
resolution_checks.rpy	unknown		narrator	choices
resolution_checks.rpy	unknown		narrator	it
resolution_checks.rpy	unknown		narrator	culinary
resolution_checks.rpy	unknown		narrator	
resolution_checks.rpy	unknown		narrator	
resolution_checks.rpy	unknown		narrator	
resolution_checks.rpy	unknown		narrator	pool
resolution_checks.rpy	unknown		narrator	pool
resolution_checks.rpy	unknown		narrator	darts
resolution_checks.rpy	unknown		narrator	arm_wrestling
resolution_checks.rpy	unknown		narrator	busking
resolution_checks.rpy	unknown		narrator	
resolution_checks.rpy	unknown		narrator	
resolution_checks.rpy	unknown		narrator	critical_failure
resolution_checks.rpy	unknown		narrator	weak
resolution_checks.rpy	unknown		narrator	success
resolution_checks.rpy	unknown		narrator	great
resolution_checks.rpy	unknown		narrator	critical
resolution_checks.rpy	unknown		narrator	
resolution_checks.rpy	unknown		background	#12161ef8
resolution_checks.rpy	unknown		background	#0a0e15
resolution_checks.rpy	unknown		background	#1e3a5f
resolution_checks.rpy	unknown		background	#0a0e15d8
resolution_checks.rpy	unknown		background	#12161ef8
resolution_checks.rpy	unknown		background	#1a2a3a
resolution_checks.rpy	unknown		hover_background	#1e3a5f
resolution_checks.rpy	career_incident_handler		narrator	[store._inc_incident['text']]
resolution_checks.rpy	career_incident_handler		narrator	incident_%s_%d
resolution_checks.rpy	career_incident_handler		background	#12161ef8
resolution_checks.rpy	career_incident_handler		background	#1e3a5f
resolution_checks.rpy	career_incident_handler		background	#12161ef8
resolution_checks.rpy	career_incident_handler		background	#1e3a5f
resolution_checks.rpy	career_promotion_interview		narrator	The window passed. Your manager moved on.
resolution_checks.rpy	career_promotion_interview		narrator	Your manager sits across from you. This is the conversation you've been building toward.
resolution_checks.rpy	career_promotion_interview		narrator	They outline the new responsibilities, the adjustment in title and pay.
resolution_checks.rpy	career_promotion_interview		narrator	Accept.
resolution_checks.rpy	career_promotion_interview		narrator	You accept. New role, new floor.
resolution_checks.rpy	career_promotion_interview		narrator	Ask for a day to think it over.
resolution_checks.rpy	career_promotion_interview		narrator	Your manager nods. \"Tomorrow, then.\"
screens.rpy	unknown		thumb	gui/slider/horizontal_[prefix_]thumb.png
screens.rpy	unknown		thumb	gui/slider/vertical_[prefix_]thumb.png
screens.rpy	unknown		id	window
screens.rpy	unknown		id	namebox
screens.rpy	unknown		style_prefix	input
screens.rpy	unknown		style_prefix	choice
screens.rpy	unknown		style_prefix	quick
screens.rpy	unknown		style_prefix	navigation
screens.rpy	unknown		size_group	navigation
screens.rpy	unknown		background	gui/overlay/main_menu.png
screens.rpy	unknown		style_prefix	game_menu
screens.rpy	unknown		scrollbars	vertical
screens.rpy	unknown		scrollbars	vertical
screens.rpy	unknown		background	gui/overlay/game_menu.png
screens.rpy	unknown		style_prefix	about
screens.rpy	unknown		style_prefix	slot
screens.rpy	unknown		style_prefix	page
screens.rpy	unknown		layout	subtitle
screens.rpy	unknown		style_prefix	radio
screens.rpy	unknown		style_prefix	check
screens.rpy	unknown		style_prefix	slider
screens.rpy	unknown		foreground	gui/button/radio_[prefix_]foreground.png
screens.rpy	unknown		foreground	gui/button/check_[prefix_]foreground.png
screens.rpy	unknown		style_prefix	history
screens.rpy	unknown		style_prefix	help
screens.rpy	unknown		style_prefix	confirm
screens.rpy	unknown		layout	subtitle
screens.rpy	unknown		style_prefix	skip
screens.rpy	unknown		font	DejaVuSans.ttf
screens.rpy	unknown		style_prefix	notify
screens.rpy	unknown		background	gui/nvl.png
screens.rpy	unknown		style_prefix	bubble
screens.rpy	unknown		id	window
screens.rpy	unknown		id	namebox
screens.rpy	unknown		id	who
screens.rpy	unknown		id	what
screens.rpy	unknown		color	#000
screens.rpy	unknown		layout	subtitle
screens.rpy	unknown		color	#000
screens.rpy	unknown		narrator	bottom_left
screens.rpy	unknown		narrator	window_background
screens.rpy	unknown		narrator	window_bottom_padding
screens.rpy	unknown		narrator	bottom_right
screens.rpy	unknown		narrator	window_background
screens.rpy	unknown		narrator	window_bottom_padding
screens.rpy	unknown		narrator	top_left
screens.rpy	unknown		narrator	window_background
screens.rpy	unknown		narrator	window_top_padding
screens.rpy	unknown		narrator	top_right
screens.rpy	unknown		narrator	window_background
screens.rpy	unknown		narrator	window_top_padding
screens.rpy	unknown		narrator	thought
screens.rpy	unknown		narrator	window_background
screens.rpy	unknown		narrator	bottom_left
screens.rpy	unknown		narrator	bottom_right
screens.rpy	unknown		narrator	top_left
screens.rpy	unknown		narrator	top_right
screens.rpy	unknown		narrator	thought
screens.rpy	unknown		variant	medium
screens.rpy	unknown		variant	touch
screens.rpy	unknown		style_prefix	quick
screens.rpy	unknown		variant	small
screens.rpy	unknown		background	gui/phone/textbox.png
screens.rpy	unknown		variant	small
screens.rpy	unknown		foreground	gui/phone/button/radio_[prefix_]foreground.png
screens.rpy	unknown		variant	small
screens.rpy	unknown		foreground	gui/phone/button/check_[prefix_]foreground.png
screens.rpy	unknown		variant	small
screens.rpy	unknown		background	gui/phone/nvl.png
screens.rpy	unknown		variant	small
screens.rpy	unknown		background	gui/phone/overlay/main_menu.png
screens.rpy	unknown		variant	small
screens.rpy	unknown		background	gui/phone/overlay/game_menu.png
screens.rpy	unknown		variant	small
screens.rpy	unknown		variant	small
screens.rpy	unknown		variant	small
screens.rpy	unknown		variant	small
screens.rpy	unknown		variant	small
screens.rpy	unknown		variant	small
screens.rpy	unknown		variant	small
screens.rpy	unknown		variant	small
screens.rpy	unknown		variant	small
screens.rpy	unknown		thumb	gui/phone/slider/horizontal_[prefix_]thumb.png
screens.rpy	unknown		variant	small
screens.rpy	unknown		thumb	gui/phone/slider/vertical_[prefix_]thumb.png
screens.rpy	unknown		variant	small
screens.rpy	unknown		variant	small
script.rpy	start	hallway	narrator	Day 1.
script.rpy	start	hallway	narrator	The stairwell smells of old wood, fresh paint, and someone's cooking two floors down.
script.rpy	start	hallway	narrator	One bag on your shoulder. A key in your pocket. Apartment 12 - small, cheap, and, as of this morning, yours.
script.rpy	start	hallway	narrator	One plan: make something of yourself in this city.
script.rpy	start	hallway	narrator	Well. First things first.
script.rpy	start	intro1	narrator	You slide the key into the lock of number 12. It sticks.
script.rpy	start	intro1	[mc_name]	Come on... there we go.
script.rpy	start	intro2	narrator	A door opens down the hall. Footsteps - then a guy about your age, easy grin, a dish towel over one shoulder.
script.rpy	start	intro3	Marcus	Hey - new blood! Heard the key fight through the wall. That lock's a jerk, you gotta lift the handle while you turn it.
script.rpy	start	intro3	narrator	\"Thanks. I'm still figuring the place out.\"
script.rpy	start	intro3	Marcus	No shame in it. First week's always a mess.
script.rpy	start	intro3	narrator	\"I had it handled.\"
script.rpy	start	intro3	Marcus	Sure you did, champ.
script.rpy	start	intro3	narrator	He laughs, not unkindly.
script.rpy	start	intro3	narrator	(Say nothing, just nod.)
script.rpy	start	intro3	Marcus	Strong silent type. Okay. I can work with that.
script.rpy	start	intro4	Marcus	Marcus. Marc. I'm right next door - 14. Lived here two years, so if the hot water does the cold-then-boiling thing, that's normal. Ride it out.
script.rpy	start	intro4	Marcus	Anyway - who am I gonna be yelling at through the wall? What's your name?
script.rpy	start	intro4	Marcus	[mc_name]. Good to meet you, man.
script.rpy	start	intro4	Marcus	Moving's the worst. You eat yet? I've got half a pot of chili doing nothing.
script.rpy	start	intro4	narrator	\"Yeah, actually - that'd be great.\"
script.rpy	start	intro4	Marcus	Ha - a man who says yes to free chili. Say no more.
script.rpy	start	intro4	narrator	He ducks back into 14 and returns with a bowl, still steaming, and presses it into your hands.
script.rpy	start	intro4	Marcus	Eat first, unpack later. Trust me, it's the only way to survive moving day.
script.rpy	start	intro4	[mc_name]	...Okay, this is actually really good.
script.rpy	start	intro4	Marcus	Told you.
script.rpy	start	intro4	narrator	\"I'm good, gotta unpack. Rain check?\"
script.rpy	start	intro4	Marcus	No worries. Door's 14 when you're hungry - or bored.
script.rpy	start	intro4	narrator	\"I don't really know you, man.\"
script.rpy	start	intro4	Marcus	Fair. Respect the caution. Offer stands anyway.
script.rpy	start	intro6	Marcus	Tell you what - you need anything, a name, a couch, twenty bucks till payday, you knock. That's the deal here.
script.rpy	start	intro6	Marcus	Oh - one thing. You'll want money before rent hits. There's a café downtown, \"Grounds,\" always short-staffed. Tell 'em you can carry a tray, they'll take you.
script.rpy	start	intro6	[mc_name]	Noted. Thanks, Marc.
script.rpy	start	intro7	Marcus	Anytime, neighbor.
script.rpy	start	intro7	narrator	He heads for the stairs with a lazy wave, towel bouncing on his shoulder.
script.rpy	zone_locked_uptown	map_city	narrator	Uptown. Gated lawns, glass and stone, cars worth more than a year of your rent.
script.rpy	zone_locked_uptown	map_city	narrator	Nothing for you here - yet. Come back when your name opens doors like these.
script.rpy	zone_locked_suburbs	map_city	narrator	The Suburbs. Quiet streets, real houses, room to breathe.
script.rpy	zone_locked_suburbs	map_city	narrator	Someday, maybe. For now your lease says apartment 12, downtown.
script.rpy	marcus_intro_hallway	hallway	narrator	As you climb the stairwell, a door on the landing swings open.
script.rpy	marcus_intro_hallway	hallway	Marcus	Hey. New tenant? I'm Marcus — fourteen.
script.rpy	marcus_intro_hallway	hallway	[mc_name]	Hey. [mc_name]. Just moved into twelve.
script.rpy	marcus_intro_hallway	hallway	Marcus	Figured. Heard someone moving boxes at six in the morning.
script.rpy	marcus_intro_hallway	hallway	[mc_name]	Sorry about that.
script.rpy	marcus_intro_hallway	hallway	Marcus	Don't be. It's a good floor. Where'd you move from?
script.rpy	marcus_intro_hallway	hallway	narrator	I was in the gym most days back home. Needed a change of scenery.
script.rpy	marcus_intro_hallway	hallway	Marcus	Ha. Iron Gate's two blocks west. You'll fit right in.
script.rpy	marcus_intro_hallway	hallway	narrator	I was finishing a degree. More theory than I wanted.
script.rpy	marcus_intro_hallway	hallway	Marcus	City College is decent. Or just jump straight in — depends what you studied.
script.rpy	marcus_intro_hallway	hallway	narrator	Sales job. Lots of talking, not enough living.
script.rpy	marcus_intro_hallway	hallway	Marcus	Sales. So you can read a room. That goes a long way here.
script.rpy	marcus_intro_hallway	hallway	narrator	Honestly? Not much. Fresh start.
script.rpy	marcus_intro_hallway	hallway	Marcus	Fair enough. Clean slate.
script.rpy	marcus_intro_hallway	hallway	Marcus	And what's the actual plan? Something lined up, or still figuring it out?
script.rpy	marcus_intro_hallway	hallway	narrator	Get in shape first. Clear my head. Build something concrete.
script.rpy	marcus_intro_hallway	hallway	Marcus	Gym and early nights, then. Solid.
script.rpy	marcus_intro_hallway	hallway	narrator	Career first. Stable income, see what opens up.
script.rpy	marcus_intro_hallway	hallway	Marcus	Nexus Tower's hiring. So is The Hub if you're technical. Both walkable.
script.rpy	marcus_intro_hallway	hallway	narrator	Meet people. New city, new chapter.
script.rpy	marcus_intro_hallway	hallway	Marcus	Grounds café on the corner's good for that. Bar on weekends.
script.rpy	marcus_intro_hallway	hallway	narrator	I don't know yet. That's kind of the point.
script.rpy	marcus_intro_hallway	hallway	Marcus	Underrated answer. Pressure kills good decisions.
script.rpy	marcus_intro_hallway	hallway	Marcus	Well. Twelve's got better morning light, by the way. Lucky you.
script.rpy	marcus_intro_hallway	hallway	Marcus	I'm around most evenings if you need anything. Knock on fourteen.
script.rpy	marcus_intro_hallway	hallway	Marcus	Get the boxes inside first.
script.rpy	marcus_intro_hallway	hallway	[mc_name]	That obvious?
script.rpy	marcus_intro_hallway	hallway	Marcus	You're carrying one upside down.
script.rpy	marcus_intro_hallway	hallway	narrator	A beat.
script.rpy	marcus_intro_hallway	hallway	Marcus	When you're done, knock on fourteen.
script.rpy	marcus_intro_hallway	hallway	[mc_name]	Your place?
script.rpy	marcus_intro_hallway	hallway	Marcus	Yeah.
script.rpy	marcus_intro_hallway	hallway	Marcus	You can walk into the city blind if you want.
script.rpy	marcus_intro_hallway	hallway	Marcus	But you'll waste three days learning what I can tell you in ten minutes.
script.rpy	marcus_intro_hallway	hallway	[mc_name]	Is this the part where you sell me something?
script.rpy	marcus_intro_hallway	hallway	Marcus	Coffee.
script.rpy	marcus_intro_hallway	hallway	Marcus	Bad coffee. Advice is free.
script.rpy	marcus_talk	expression	Marcus	Good — before you head back. Two minutes. Won't cost you anything.
script.rpy	marcus_talk	expression	Marcus	Activities use time. Walking between places doesn't. That's the first thing people miss.
script.rpy	marcus_talk	expression	Marcus	Watch the three bars up top. Hunger, energy, hygiene. Let any of them crash and your day falls apart fast.
script.rpy	marcus_talk	expression	Marcus	If you need income first, Grounds is the easy door — café downtown. Low barrier, enough to cover the basics.
script.rpy	marcus_talk	expression	Marcus	The real careers ask more. Medicine, programming, business, cooking, fitness. Some need a degree further down the line.
script.rpy	marcus_talk	expression	Marcus	People here have their own schedules. If someone isn't where you expected, they're somewhere else.
script.rpy	marcus_talk	expression	Marcus	Phone keeps your messages, contacts and commitments. You don't have to come back here to use it.
script.rpy	marcus_talk	expression	Marcus	So. What do you need first?
script.rpy	marcus_talk	expression	narrator	Money.
script.rpy	marcus_talk	expression	[mc_name]	Money.
script.rpy	marcus_talk	expression	Marcus	Grounds. Corner of the Centrum. Tell them you can carry a tray.
script.rpy	marcus_talk	expression	narrator	A real career.
script.rpy	marcus_talk	expression	[mc_name]	A proper career.
script.rpy	marcus_talk	expression	Marcus	Then check what it needs before you apply. Build the skill first.
script.rpy	marcus_talk	expression	narrator	People.
script.rpy	marcus_talk	expression	[mc_name]	People.
script.rpy	marcus_talk	expression	Marcus	Go somewhere because someone might actually be there.
script.rpy	marcus_talk	expression	narrator	I want to look around.
script.rpy	marcus_talk	expression	[mc_name]	I want to see the city.
script.rpy	marcus_talk	expression	Marcus	Map's in the phone. Rest is up to you.
stocks.rpy	unknown		scrollbars	vertical
summer_festival.rpy	unknown		narrator	scheduled_day
summer_festival.rpy	unknown		narrator	eligible
summer_festival.rpy	unknown		narrator	discovered
summer_festival.rpy	unknown		narrator	attended
summer_festival.rpy	unknown		narrator	missed
summer_festival.rpy	unknown		narrator	blackout_choice
summer_festival.rpy	unknown		narrator	blackout_result
summer_festival.rpy	unknown		narrator	shelter_focus
summer_festival.rpy	unknown		narrator	keepsake_awarded
summer_festival.rpy	unknown		narrator	follow_up_mail_queued
summer_festival.rpy	unknown		narrator	aftermath_done
summer_festival.rpy	unknown		narrator	sync_run_day
summer_festival.rpy	unknown		narrator	name
summer_festival.rpy	unknown		narrator	location
summer_festival.rpy	unknown		narrator	hours
summer_festival.rpy	unknown		narrator	day_weights
summer_festival.rpy	unknown		narrator	cooldown_days
summer_festival.rpy	unknown		narrator	npc_affinities
summer_festival.rpy	unknown		narrator	ambient_count
summer_festival.rpy	unknown		narrator	location_modifiers
summer_festival.rpy	unknown		narrator	blurb
summer_festival.rpy	unknown		narrator	images/scenes/summer_festival/%s.png
summer_festival.rpy	unknown		narrator	
summer_festival.rpy	unknown		narrator	
summer_festival.rpy	unknown		narrator	id
summer_festival.rpy	unknown		narrator	name
summer_festival.rpy	unknown		narrator	hours
summer_festival.rpy	unknown		narrator	location_modifiers
summer_festival.rpy	unknown		narrator	npcs
summer_festival.rpy	unknown		narrator	
summer_festival.rpy	unknown		narrator	
summer_festival.rpy	unknown		narrator	sf_announce_d%d
summer_festival.rpy	unknown		narrator	Downtown Summer Festival, %s evening from six. Live music, 
summer_festival.rpy	unknown		narrator	food stalls, local artists. Street's closed to traffic.
summer_festival.rpy	unknown		narrator	marcus
summer_festival.rpy	unknown		narrator	They're shutting the street tomorrow evening for that festival 
summer_festival.rpy	unknown		narrator	thing. Food, music, the works. Going?
summer_festival.rpy	unknown		narrator	
summer_festival.rpy	unknown		narrator	
summer_festival.rpy	unknown		narrator	
summer_festival.rpy	unknown		narrator	sf_after_d%d
summer_festival.rpy	unknown		narrator	Last night's Downtown Summer Festival lost power mid-set, then it 
summer_festival.rpy	unknown		narrator	rained. Nobody left. Best one in years.
summer_festival.rpy	unknown		narrator	marcus
summer_festival.rpy	unknown		narrator	good part. Rematch at that booth. I'm not letting that stand.
summer_festival.rpy	unknown		narrator	eli
summer_festival.rpy	unknown		narrator	looked it up. Thought you'd want to know.
summer_festival.rpy	unknown		narrator	zoe
summer_festival.rpy	unknown		narrator	nora
summer_festival.rpy	unknown		narrator	summer_festival_followup_
summer_festival.rpy	unknown		narrator	Downtown Events Team
summer_festival.rpy	unknown		narrator	Festival — thank you for your help
summer_festival.rpy	unknown		narrator	Hi,\n\nWe heard you were one of the people who helped sort out 
summer_festival.rpy	unknown		narrator	the power the other night. We've added you to the contact list 
summer_festival.rpy	unknown		narrator	for future events — we can always use someone who keeps their 
summer_festival.rpy	unknown		narrator	head when the lights go out.\n\nHope you enjoyed the rest of 
summer_festival.rpy	unknown		narrator	your evening.\n\n- Downtown Events Team
summer_festival.rpy	unknown		narrator	opportunity
summer_festival.rpy	unknown		narrator	
summer_festival.rpy	summer_festival_main	sf_arrival	narrator	The barricades start two blocks early. By the time you're past them the street doesn't sound like a street any more.
summer_festival.rpy	summer_festival_main	sf_arrival	narrator	Stalls down both sides. Cabling taped flat across the tarmac in long silver strips. Somebody at the far end is still testing a microphone and losing.
summer_festival.rpy	summer_festival_main	sf_arrival	narrator	Downtown at eight on an ordinary evening is four people and a bus. This is not that.
summer_festival.rpy	summer_festival_main	sf_arrival	[mc_name]	Huh.
summer_festival.rpy	summer_festival_main	sf_arrival	narrator	You'd expected a few tables and a speaker.
summer_festival.rpy	summer_festival_main	sf_arrival	narrator	It takes a minute of standing still before you start picking faces out of it.
summer_festival.rpy	summer_festival_main	sf_arrival	narrator	And then you don't have to look, because one of them is already shouting your name.
summer_festival.rpy	summer_festival_main	sf_marcus_eli	Marcus	There he is. Neighbor.
summer_festival.rpy	summer_festival_main	sf_marcus_eli	narrator	Marcus has a paper tray of something fried in one hand and no visible intention of eating it.
summer_festival.rpy	summer_festival_main	sf_marcus_eli	Marcus	Told you it was worth coming to.
summer_festival.rpy	summer_festival_main	sf_marcus_eli	[mc_name]	You texted me nine words.
summer_festival.rpy	summer_festival_main	sf_marcus_eli	Marcus	Nine good words.
summer_festival.rpy	summer_festival_main	sf_marcus_eli	narrator	Eli is standing slightly out of the current of people, the way you stand when you've done the maths on where the current is.
summer_festival.rpy	summer_festival_main	sf_marcus_eli	Eli	Marcus has walked the entire length of this street twice.
summer_festival.rpy	summer_festival_main	sf_marcus_eli	Marcus	Reconnaissance.
summer_festival.rpy	summer_festival_main	sf_marcus_eli	Eli	You were looking for the prize table.
summer_festival.rpy	summer_festival_main	sf_marcus_eli	Marcus	Reconnaissance.
summer_festival.rpy	summer_festival_main	sf_marcus_eli	narrator	Eli doesn't smile so much as briefly stop not smiling.
summer_festival.rpy	summer_festival_main	sf_marcus_eli	Eli	There's a booth about forty metres that way. Some kind of strength thing. He's been circling it since we got here.
summer_festival.rpy	summer_festival_main	sf_marcus_eli	Marcus	I am building anticipation.
summer_festival.rpy	summer_festival_main	sf_marcus_eli	Eli	You're building an alibi.
summer_festival.rpy	summer_festival_main	sf_marcus_eli	narrator	Knowing Marcus, he's already scoped out the challenge booth.
summer_festival.rpy	summer_festival_main	sf_marcus_eli	[mc_name]	You've already priced it out, haven't you.
summer_festival.rpy	summer_festival_main	sf_marcus_eli	Marcus	I have assessed the field.
summer_festival.rpy	summer_festival_main	sf_marcus_eli	Eli	He asked the woman running it what the record was.
summer_festival.rpy	summer_festival_main	sf_marcus_eli	Marcus	That's assessment.
summer_festival.rpy	summer_festival_main	sf_marcus_eli	narrator	I'm not betting against whoever Marcus decides to challenge.
summer_festival.rpy	summer_festival_main	sf_marcus_eli	[mc_name]	Whoever's holding that record has about four minutes left.
summer_festival.rpy	summer_festival_main	sf_marcus_eli	Marcus	See, this is why we're friends.
summer_festival.rpy	summer_festival_main	sf_marcus_eli	Eli	That is a very low bar for friendship.
summer_festival.rpy	summer_festival_main	sf_marcus_eli	Marcus	It's a bar. It counts.
summer_festival.rpy	summer_festival_main	sf_marcus_eli	narrator	Good luck getting him away from anything with a prize.
summer_festival.rpy	summer_festival_main	sf_marcus_eli	[mc_name]	There's a prize, isn't there.
summer_festival.rpy	summer_festival_main	sf_marcus_eli	Marcus	There's a prize.
summer_festival.rpy	summer_festival_main	sf_marcus_eli	Eli	It's a keyring.
summer_festival.rpy	summer_festival_main	sf_marcus_eli	Marcus	It's a {i}principle{/i}.
summer_festival.rpy	summer_festival_main	sf_marcus_eli	narrator	He's already moving. You and Eli follow, which appears to have been the plan the entire time.
summer_festival.rpy	summer_festival_main	sf_challenge	narrator	The booth is a high striker — mallet, plate, bell at the top that nobody in the last twenty minutes has reached.
summer_festival.rpy	summer_festival_main	sf_challenge	narrator	Marcus hands his tray to Eli without asking. Eli holds it at arm's length like evidence.
summer_festival.rpy	summer_festival_main	sf_challenge	Marcus	Watch the grip. Everyone chokes up too high.
summer_festival.rpy	summer_festival_main	sf_challenge	[mc_name]	Everyone, or the two people you watched?
summer_festival.rpy	summer_festival_main	sf_challenge	Marcus	Statistically significant.
summer_festival.rpy	summer_festival_main	sf_challenge	narrator	Think he'll manage it?
summer_festival.rpy	summer_festival_main	sf_challenge	narrator	\"He rings it first swing.\"
summer_festival.rpy	summer_festival_main	sf_challenge	narrator	\"Second swing. He'll overthink the first.\"
summer_festival.rpy	summer_festival_main	sf_challenge	narrator	Say nothing and watch.
summer_festival.rpy	summer_festival_main	sf_challenge	narrator	He takes it in both hands, drops his shoulder, and hits the plate like it owes him money.
summer_festival.rpy	summer_festival_main	sf_challenge	narrator	The puck goes up. It goes up a long way. It stops about a hand's width short.
summer_festival.rpy	summer_festival_main	sf_challenge	Marcus	That's the plate.
summer_festival.rpy	summer_festival_main	sf_challenge	Eli	That's the plate's fault, yes.
summer_festival.rpy	summer_festival_main	sf_challenge	Marcus	The plate is soft on the left.
summer_festival.rpy	summer_festival_main	sf_challenge	Eli	You struck it on the right.
summer_festival.rpy	summer_festival_main	sf_challenge	Marcus	Which is how I know.
summer_festival.rpy	summer_festival_main	sf_challenge	narrator	The woman running the booth, who has clearly had this conversation before, silently hands him a second mallet.
summer_festival.rpy	summer_festival_main	sf_challenge	narrator	Second swing. The bell goes off loud enough that three people at the next stall turn around.
summer_festival.rpy	summer_festival_main	sf_challenge	Marcus	{i}Thank{/i} you.
summer_festival.rpy	summer_festival_main	sf_challenge	Eli	He didn't correct anything. He just hit it harder.
summer_festival.rpy	summer_festival_main	sf_challenge	Marcus	That {i}is{/i} the correction.
summer_festival.rpy	summer_festival_main	sf_challenge	[mc_name]	Called it.
summer_festival.rpy	summer_festival_main	sf_challenge	Marcus	Nobody likes this about you.
summer_festival.rpy	summer_festival_main	sf_challenge	Eli	I like this about him.
summer_festival.rpy	summer_festival_main	sf_challenge	[mc_name]	I had that completely backwards.
summer_festival.rpy	summer_festival_main	sf_challenge	Marcus	You did. I'm choosing to find that charming.
summer_festival.rpy	summer_festival_main	sf_challenge	narrator	The prize is a keyring shaped like a bell. Marcus puts it on his keys immediately, in front of everyone, with no irony whatsoever.
summer_festival.rpy	summer_festival_main	sf_challenge	[mc_name]	The principle.
summer_festival.rpy	summer_festival_main	sf_challenge	Marcus	The principle.
summer_festival.rpy	summer_festival_main	sf_challenge	narrator	Eli hands back the tray. The food is cold. Nobody mentions it.
summer_festival.rpy	summer_festival_main	sf_challenge	narrator	You lose them somewhere around the drinks stall — Marcus knows the person pouring, which is the least surprising thing that has happened all evening.
summer_festival.rpy	summer_festival_main	sf_zoe	narrator	The art end of the street is quieter. Trestle tables, clip frames, a lot of very carefully lit small work.
summer_festival.rpy	summer_festival_main	sf_zoe	narrator	Zoe is standing in front of one of them with her arms folded, not moving.
summer_festival.rpy	summer_festival_main	sf_zoe	Zoe	Don't talk for a second.
summer_festival.rpy	summer_festival_main	sf_zoe	narrator	You don't.
summer_festival.rpy	summer_festival_main	sf_zoe	narrator	She tilts her head about two degrees.
summer_festival.rpy	summer_festival_main	sf_zoe	Zoe	Okay. Now it's fine.
summer_festival.rpy	summer_festival_main	sf_zoe	[mc_name]	What was wrong with it?
summer_festival.rpy	summer_festival_main	sf_zoe	Zoe	Nothing. I was deciding whether the frame was doing the work or the painting was.
summer_festival.rpy	summer_festival_main	sf_zoe	[mc_name]	And?
summer_festival.rpy	summer_festival_main	sf_zoe	Zoe	Painting. Barely.
summer_festival.rpy	summer_festival_main	sf_zoe	Zoe	You see it, right? The whole left third is a decision. The rest is just finishing.
summer_festival.rpy	summer_festival_main	sf_zoe	[mc_name]	The rest is the part they'll sell.
summer_festival.rpy	summer_festival_main	sf_zoe	Zoe	The rest is the part they'll sell, yes. Thank you, that's very cheering.
summer_festival.rpy	summer_festival_main	sf_zoe	narrator	She says it without any heat. It's the closest thing she has to agreement.
summer_festival.rpy	summer_festival_main	sf_zoe	Zoe	That's the trade. You make one honest decision and then you spend a month making it presentable.
summer_festival.rpy	summer_festival_main	sf_zoe	[mc_name]	Is that what the waterfront pieces are?
summer_festival.rpy	summer_festival_main	sf_zoe	Zoe	The waterfront pieces are eleven honest decisions and no month.
summer_festival.rpy	summer_festival_main	sf_zoe	narrator	A beat.
summer_festival.rpy	summer_festival_main	sf_zoe	Zoe	Which is why they're not on a table like this one.
summer_festival.rpy	summer_festival_main	sf_zoe	[mc_name]	How can you tell?
summer_festival.rpy	summer_festival_main	sf_zoe	Zoe	Cover the frame with your hand.
summer_festival.rpy	summer_festival_main	sf_zoe	narrator	You do. It's a slightly worse object and a slightly better painting.
summer_festival.rpy	summer_festival_main	sf_zoe	[mc_name]	Huh.
summer_festival.rpy	summer_festival_main	sf_zoe	Zoe	Yeah. Huh.
summer_festival.rpy	summer_festival_main	sf_zoe	Zoe	Most people look at the whole thing at once and decide whether they like it. You can do that. It's just less interesting.
summer_festival.rpy	summer_festival_main	sf_zoe	Zoe	Half these stalls are people doing this for the first time. You can tell — everything's hung too high and priced too low.
summer_festival.rpy	summer_festival_main	sf_zoe	[mc_name]	Is that bad?
summer_festival.rpy	summer_festival_main	sf_zoe	Zoe	It's honest. Which is more than the last group show I was in managed.
summer_festival.rpy	summer_festival_main	sf_zoe	narrator	She doesn't elaborate. She's watching a woman two tables down rearrange the same three prints for the third time.
summer_festival.rpy	summer_festival_main	sf_zoe	Zoe	She's going to move them back.
summer_festival.rpy	summer_festival_main	sf_zoe	narrator	The woman moves them back.
summer_festival.rpy	summer_festival_main	sf_zoe	Zoe	Every park has one good rain shelter and every art fair has one person who can't leave the table alone.
summer_festival.rpy	summer_festival_main	sf_zoe	[mc_name]	You've catalogued this.
summer_festival.rpy	summer_festival_main	sf_zoe	Zoe	I've catalogued a lot of things. It's a problem.
summer_festival.rpy	summer_festival_main	sf_zoe	narrator	She unfolds her arms, which for Zoe is a whole sentence.
summer_festival.rpy	summer_festival_main	sf_zoe	Zoe	There's food further up. I've been smelling it for twenty minutes and pretending I'm not.
summer_festival.rpy	summer_festival_main	sf_nora	narrator	The food end of the street is where the crowd actually is. Six stalls, two queues that have merged into one queue that nobody is managing.
summer_festival.rpy	summer_festival_main	sf_nora	narrator	Nora is at the edge of it with a paper cup of something in each hand and the expression of a professional evaluating amateurs.
summer_festival.rpy	summer_festival_main	sf_nora	Nora	Their queue system is a crime.
summer_festival.rpy	summer_festival_main	sf_nora	[mc_name]	Hi to you too.
summer_festival.rpy	summer_festival_main	sf_nora	Nora	Hi. Their queue system is a crime.
summer_festival.rpy	summer_festival_main	sf_nora	narrator	She hands you one of the cups without asking whether you wanted it.
summer_festival.rpy	summer_festival_main	sf_nora	Nora	Don't make the face. It's not coffee. Nobody out here can make coffee and I've stopped hoping.
summer_festival.rpy	summer_festival_main	sf_nora	[mc_name]	I wasn't making a face.
summer_festival.rpy	summer_festival_main	sf_nora	Nora	You were pre-loading a face.
summer_festival.rpy	summer_festival_main	sf_nora	narrator	She's right, and she knows she's right, and she takes a drink instead of saying so.
summer_festival.rpy	summer_festival_main	sf_nora	Nora	Three years behind a counter and I still can't stand in a queue like a normal person. I keep wanting to go round and fix it.
summer_festival.rpy	summer_festival_main	sf_nora	[mc_name]	So go fix it.
summer_festival.rpy	summer_festival_main	sf_nora	Nora	I'm off tonight. I'm allowed to just be annoyed about things.
summer_festival.rpy	summer_festival_main	sf_nora	narrator	She says it like a rule she's still getting used to.
summer_festival.rpy	summer_festival_main	sf_nora	Nora	It's not coffee. Manage your expectations early, it saves time.
summer_festival.rpy	summer_festival_main	sf_nora	[mc_name]	That's the most reassuring thing anyone's said to me tonight.
summer_festival.rpy	summer_festival_main	sf_nora	Nora	I'm full of those.
summer_festival.rpy	summer_festival_main	sf_nora	narrator	She watches the stall for a moment — genuinely watching, the way you watch a shift you're not on.
summer_festival.rpy	summer_festival_main	sf_nora	Nora	He's plating with one hand and taking money with the other. That's how you lose forty seconds a customer.
summer_festival.rpy	summer_festival_main	sf_nora	[mc_name]	You've timed him.
summer_festival.rpy	summer_festival_main	sf_nora	Nora	I've timed him twice.
summer_festival.rpy	summer_festival_main	sf_nora	Nora	It's not coffee, so don't get excited. It's warm and it's brown and that's the whole review.
summer_festival.rpy	summer_festival_main	sf_nora	[mc_name]	Fair.
summer_festival.rpy	summer_festival_main	sf_nora	Nora	Everyone out here is doing four jobs at once. I respect it and I'd never do it.
summer_festival.rpy	summer_festival_main	sf_nora	[mc_name]	You do four jobs at once every morning.
summer_festival.rpy	summer_festival_main	sf_nora	Nora	Yes, but indoors, where I control the temperature.
summer_festival.rpy	summer_festival_main	sf_nora	Nora	You know what the actual good thing is about this?
summer_festival.rpy	summer_festival_main	sf_nora	[mc_name]	The food?
summer_festival.rpy	summer_festival_main	sf_nora	Nora	The food's fine. The good thing is that half these people have never met and by nine they'll be sharing a table because there aren't enough tables.
summer_festival.rpy	summer_festival_main	sf_nora	Nora	You can't design that. Somebody just didn't order enough furniture and accidentally made a nice evening.
summer_festival.rpy	summer_festival_main	sf_nora	narrator	She finishes her cup, looks at it, and doesn't throw it away, because there's nowhere to throw it away.
summer_festival.rpy	summer_festival_main	sf_nora	Nora	Right. Who else is here?
summer_festival.rpy	summer_festival_main	sf_group	narrator	It happens the way these things happen — you're standing with two people, then three, then somebody waves at somebody, and the group exists before anyone decides it should.
summer_festival.rpy	summer_festival_main	sf_group	Marcus	There she is. Two coffees?
summer_festival.rpy	summer_festival_main	sf_group	Nora	One of them was his. Don't start.
summer_festival.rpy	summer_festival_main	sf_group	Marcus	I'm not starting.
summer_festival.rpy	summer_festival_main	sf_group	Nora	You're a whole paragraph into starting.
summer_festival.rpy	summer_festival_main	sf_group	Marcus	Ask me what I won.
summer_festival.rpy	summer_festival_main	sf_group	Nora	No.
summer_festival.rpy	summer_festival_main	sf_group	Marcus	Ask me.
summer_festival.rpy	summer_festival_main	sf_group	Nora	Marcus.
summer_festival.rpy	summer_festival_main	sf_group	Marcus	I rang the bell.
summer_festival.rpy	summer_festival_main	sf_group	narrator	He holds up the keyring. Nora looks at it for a long, flat second.
summer_festival.rpy	summer_festival_main	sf_group	Nora	That's a keyring.
summer_festival.rpy	summer_festival_main	sf_group	Marcus	That is a {i}bell{/i}.
summer_festival.rpy	summer_festival_main	sf_group	Eli	It took two swings.
summer_festival.rpy	summer_festival_main	sf_group	Marcus	It took one {i}confirmed{/i} swing.
summer_festival.rpy	summer_festival_main	sf_group	Zoe	What's the striker calibrated to?
summer_festival.rpy	summer_festival_main	sf_group	narrator	Everyone looks at Zoe.
summer_festival.rpy	summer_festival_main	sf_group	Zoe	What? They're weighted. They have to be, or nobody ever wins and the stall dies. I'm asking a real question.
summer_festival.rpy	summer_festival_main	sf_group	Eli	That's the first sensible thing anyone has said about it.
summer_festival.rpy	summer_festival_main	sf_group	Marcus	It is not.
summer_festival.rpy	summer_festival_main	sf_group	Zoe	I'm Zoe.
summer_festival.rpy	summer_festival_main	sf_group	Eli	Eli.
summer_festival.rpy	summer_festival_main	sf_group	Zoe	Right — the constraint system one.
summer_festival.rpy	summer_festival_main	sf_group	Eli	Yes.
summer_festival.rpy	summer_festival_main	sf_group	Zoe	I've been thinking about that. I'm still annoyed about it.
summer_festival.rpy	summer_festival_main	sf_group	Eli	Good.
summer_festival.rpy	summer_festival_main	sf_group	Nora	Are these two going to be a problem?
summer_festival.rpy	summer_festival_main	sf_group	Marcus	They're going to be a problem.
summer_festival.rpy	summer_festival_main	sf_group	narrator	Nora points at a stall about ten metres off.
summer_festival.rpy	summer_festival_main	sf_group	Nora	That one's the best thing here and there's about six portions left. I'm saying this as a professional.
summer_festival.rpy	summer_festival_main	sf_group	Marcus	How professional?
summer_festival.rpy	summer_festival_main	sf_group	Nora	I watched him for six minutes.
summer_festival.rpy	summer_festival_main	sf_group	Marcus	That's professional.
summer_festival.rpy	summer_festival_main	sf_group	narrator	By the time the six portions are four portions, the five of you have somehow acquired a corner of a table and nobody has suggested going anywhere else.
summer_festival.rpy	summer_festival_main	sf_group	[mc_name]	So we're doing this all evening.
summer_festival.rpy	summer_festival_main	sf_group	Zoe	Apparently.
summer_festival.rpy	summer_festival_main	sf_group	Eli	It appears to have been decided without a vote.
summer_festival.rpy	summer_festival_main	sf_group	Nora	Most good things are.
summer_festival.rpy	summer_festival_main	sf_group	narrator	Spent the festival evening with Marcus, Eli, Zoe and Nora
summer_festival.rpy	summer_festival_main	sf_group	narrator	shared_activity
summer_festival.rpy	summer_festival_main	sf_performance	narrator	The stage at the far end turns out to be a flatbed trailer with a lighting rig bolted to scaffolding above it.
summer_festival.rpy	summer_festival_main	sf_performance	narrator	Four people, no introduction. They just start.
summer_festival.rpy	summer_festival_main	sf_performance	Marcus	Oh, these are good.
summer_festival.rpy	summer_festival_main	sf_performance	Nora	You've heard four bars.
summer_festival.rpy	summer_festival_main	sf_performance	Marcus	Four good bars.
summer_festival.rpy	summer_festival_main	sf_performance	narrator	The crowd does the thing crowds do — pulls in about two metres and gets quieter.
summer_festival.rpy	summer_festival_main	sf_performance	narrator	You watch the bass player instead of the singer, because the bass player is the reason it works.
summer_festival.rpy	summer_festival_main	sf_performance	narrator	She's playing behind the beat by a hair and dragging the whole band into the pocket with her.
summer_festival.rpy	summer_festival_main	sf_performance	[mc_name]	The bassist's carrying it.
summer_festival.rpy	summer_festival_main	sf_performance	Zoe	...yeah. She is.
summer_festival.rpy	summer_festival_main	sf_performance	narrator	Zoe says it in a slightly different voice than the one she's been using all evening.
summer_festival.rpy	summer_festival_main	sf_performance	Zoe	Don't.
summer_festival.rpy	summer_festival_main	sf_performance	[mc_name]	I didn't say anything.
summer_festival.rpy	summer_festival_main	sf_performance	Zoe	You were about to.
summer_festival.rpy	summer_festival_main	sf_performance	narrator	You were about to.
summer_festival.rpy	summer_festival_main	sf_performance	narrator	You don't know enough to say why it's good. It's good.
summer_festival.rpy	summer_festival_main	sf_performance	[mc_name]	They're better than they need to be for a street.
summer_festival.rpy	summer_festival_main	sf_performance	Eli	Most things are, when nobody's grading them.
summer_festival.rpy	summer_festival_main	sf_performance	narrator	Somewhere in the third song the lights above the stage flicker. Once. Nobody reacts.
summer_festival.rpy	summer_festival_main	sf_performance	narrator	They flicker again, longer, and the band's guitarist glances up mid-phrase without stopping.
summer_festival.rpy	summer_festival_main	sf_performance	Nora	That's not good.
summer_festival.rpy	summer_festival_main	sf_performance	Marcus	That's a bulb.
summer_festival.rpy	summer_festival_main	sf_performance	Nora	That's not a bulb.
summer_festival.rpy	summer_festival_main	black	narrator	Then the whole street goes out at once.
summer_festival.rpy	summer_festival_main	sf_blackout	narrator	Not just the stage. The stalls, the strings of bulbs over the road, the sign on the building at the end — everything.
summer_festival.rpy	summer_festival_main	sf_blackout	narrator	The sound cuts a half-second after the light, which is somehow worse.
summer_festival.rpy	summer_festival_main	sf_blackout	narrator	Then: about four hundred phone torches, all at once, like a very slow firework.
summer_festival.rpy	summer_festival_main	sf_blackout	narrator	Nobody screams. Nobody runs. Four hundred people go \"{i}ohhh{/i}\" in the tone of mild disappointment and then start talking louder than before.
summer_festival.rpy	summer_festival_main	sf_blackout	Marcus	What was that? Was that the whole street?
summer_festival.rpy	summer_festival_main	sf_blackout	Eli	The whole street. The sign on the corner building went too, and that's not on the event supply.
summer_festival.rpy	summer_festival_main	sf_blackout	Marcus	So that's — what, bad?
summer_festival.rpy	summer_festival_main	sf_blackout	Eli	It means it isn't the stage rig. It's further back.
summer_festival.rpy	summer_festival_main	sf_blackout	Zoe	The stalls at the top don't have torches. The candle ones. Somebody's going to walk into a table.
summer_festival.rpy	summer_festival_main	sf_blackout	narrator	She's already turned around to look, which is the entire personality in one movement.
summer_festival.rpy	summer_festival_main	sf_blackout	Nora	Right — the food end's got hot oil on open burners and no lights.
summer_festival.rpy	summer_festival_main	sf_blackout	Nora	That's the actual problem. Everything else is just dark.
summer_festival.rpy	summer_festival_main	sf_blackout	narrator	Two people in event t-shirts come past at speed, not running, talking into a radio that isn't answering.
summer_festival.rpy	summer_festival_main	sf_blackout	Marcus	Somebody should probably do something.
summer_festival.rpy	summer_festival_main	sf_blackout	Eli	Somebody usually is. It's rarely the person saying that.
summer_festival.rpy	summer_festival_main	sf_blackout	Marcus	I walked right into that.
summer_festival.rpy	summer_festival_main	sf_blackout	Eli	You did.
summer_festival.rpy	summer_festival_main	sf_blackout	narrator	The staff member with the radio stops a few metres away, looks at the crowd, and visibly runs out of plan.
summer_festival.rpy	summer_festival_main	sf_blackout_group	narrator	Four hundred people in the dark, being very polite about it, and about six staff.
summer_festival.rpy	summer_festival_main	sf_blackout_group	narrator	\"Let me take a look at the power setup. I might be able to help.\"
summer_festival.rpy	summer_festival_main	sf_blackout_group	narrator	\"I can help keep people moving and pointed the right way.\"
summer_festival.rpy	summer_festival_main	sf_blackout_group	narrator	\"Let's just stay together.\"
summer_festival.rpy	summer_festival_blackout_technical	sf_blackout_group	[mc_name]	Where's your distribution board?
summer_festival.rpy	summer_festival_blackout_technical	sf_blackout_group	narrator	The staff member looks at you with the specific gratitude of someone who has been asked a question they can answer.
summer_festival.rpy	summer_festival_blackout_technical	sf_blackout_group	narrator	It's behind the stage trailer — a weatherproof cabinet, a lot of cable, and a residual current device that has very clearly tripped.
summer_festival.rpy	summer_festival_blackout_technical	sf_blackout_group	narrator	Torch in your teeth. No meter, no proper tools, and a cabinet somebody else wired.
summer_festival.rpy	summer_festival_blackout_technical	sf_blackout_group	narrator	You work backwards. Everything on the board is dead, so it isn't the board — it's what the board is hanging off.
summer_festival.rpy	summer_festival_blackout_technical	sf_blackout_group	narrator	Which is a daisy chain of four extension runs feeding the top of the street, and the last one in the chain is a fryer.
summer_festival.rpy	summer_festival_blackout_technical	sf_blackout_group	[mc_name]	You've got the whole top row on one leg. And someone plugged a fryer into it.
summer_festival.rpy	summer_festival_blackout_technical	sf_blackout_group	narrator	The staff member says a word into the radio that the radio finally answers.
summer_festival.rpy	summer_festival_blackout_technical	sf_blackout_group	narrator	It takes eleven minutes and a lot of unplugging. The bell on the striker booth rings on its own when the power comes back up, which nobody has an explanation for.
summer_festival.rpy	summer_festival_blackout_technical	sf_blackout_group	Marcus	Okay. What did you do.
summer_festival.rpy	summer_festival_blackout_technical	sf_blackout_group	[mc_name]	Told them which plug to pull.
summer_festival.rpy	summer_festival_blackout_technical	sf_blackout_group	Marcus	That's it?
summer_festival.rpy	summer_festival_blackout_technical	sf_blackout_group	Eli	That is almost always it.
summer_festival.rpy	summer_festival_blackout_technical	sf_blackout_group	narrator	You get as far as working out it isn't the board, which narrows it from everything to most things.
summer_festival.rpy	summer_festival_blackout_technical	sf_blackout_group	narrator	The staff member's colleague — who does this for a living — takes it from there and finds the overloaded leg in about ninety seconds.
summer_festival.rpy	summer_festival_blackout_technical	sf_blackout_group	[mc_name]	I found the half of it that wasn't broken.
summer_festival.rpy	summer_festival_blackout_technical	sf_blackout_group	Eli	That's the half that takes longest.
summer_festival.rpy	summer_festival_blackout_technical	sf_blackout_group	narrator	You spend eight minutes with a torch in your teeth confirming that a cabinet you've never seen before is wired in a way you don't understand.
summer_festival.rpy	summer_festival_blackout_technical	sf_blackout_group	narrator	By the time you've got a theory, someone with a meter and a laminated diagram has already fixed it.
summer_festival.rpy	summer_festival_blackout_technical	sf_blackout_group	[mc_name]	I had a theory.
summer_festival.rpy	summer_festival_blackout_technical	sf_blackout_group	Eli	Was it the right theory?
summer_festival.rpy	summer_festival_blackout_technical	sf_blackout_group	[mc_name]	It was a theory.
summer_festival.rpy	summer_festival_blackout_technical	sf_blackout_group	Eli	That's most of the job.
summer_festival.rpy	summer_festival_blackout_organize	sf_blackout_group	[mc_name]	Kill the burners at the top end first. Then get people off the middle of the road.
summer_festival.rpy	summer_festival_blackout_organize	sf_blackout_group	narrator	The staff member with the dead radio nods twice and goes, which is what people do when someone finally says a sentence with a verb in it.
summer_festival.rpy	summer_festival_blackout_organize	sf_blackout_group	narrator	It isn't heroic. It's standing in one place with your phone torch pointed at the ground and saying \"step down here\" four hundred times.
summer_festival.rpy	summer_festival_blackout_organize	sf_blackout_group	Nora	Right. I've got the food end.
summer_festival.rpy	summer_festival_blackout_organize	sf_blackout_group	narrator	Nora is gone before anyone agrees to anything.
summer_festival.rpy	summer_festival_blackout_organize	sf_blackout_group	narrator	Zoe takes the top of the street and starts walking people around the candle stalls with the flat efficiency of someone who has thought about crowds before.
summer_festival.rpy	summer_festival_blackout_organize	sf_blackout_group	narrator	Marcus gets recruited to physically move a barrier, which is exactly the correct use of Marcus.
summer_festival.rpy	summer_festival_blackout_organize	sf_blackout_group	Marcus	This is the best night I've had in a month.
summer_festival.rpy	summer_festival_blackout_organize	sf_blackout_group	Eli	You're carrying a fence.
summer_festival.rpy	summer_festival_blackout_organize	sf_blackout_group	Marcus	I'm carrying a fence {i}with purpose{/i}.
summer_festival.rpy	summer_festival_blackout_organize	sf_blackout_group	narrator	By the time the staff have a working plan, the crowd has already sorted itself into something that isn't a hazard.
summer_festival.rpy	summer_festival_blackout_organize	sf_blackout_group	narrator	Nobody thanks anybody. It's the kind of help that only shows up as an absence of problems.
summer_festival.rpy	summer_festival_blackout_organize	sf_blackout_group	Nora	You're good at that.
summer_festival.rpy	summer_festival_blackout_organize	sf_blackout_group	[mc_name]	I pointed at the floor.
summer_festival.rpy	summer_festival_blackout_organize	sf_blackout_group	Nora	You pointed at the floor {i}first{/i}. That's the whole skill.
summer_festival.rpy	summer_festival_blackout_group	sf_blackout_group	[mc_name]	There's six staff and four hundred of us. Let's not add to it.
summer_festival.rpy	summer_festival_blackout_group	sf_blackout_group	Marcus	That's the least heroic thing I've ever heard you say.
summer_festival.rpy	summer_festival_blackout_group	sf_blackout_group	[mc_name]	It's also correct.
summer_festival.rpy	summer_festival_blackout_group	sf_blackout_group	Eli	It's also correct.
summer_festival.rpy	summer_festival_blackout_group	sf_blackout_group	Marcus	Two of you. Great.
summer_festival.rpy	summer_festival_blackout_group	sf_blackout_group	narrator	So you stay where you are, in a rough circle of five phone torches, and the street goes on being dark around you.
summer_festival.rpy	summer_festival_blackout_group	sf_blackout_group	narrator	It turns out a crowd in the dark is mostly a crowd making jokes.
summer_festival.rpy	summer_festival_blackout_group	sf_blackout_group	Zoe	Someone down there is doing shadow puppets.
summer_festival.rpy	summer_festival_blackout_group	sf_blackout_group	Nora	Is it good?
summer_festival.rpy	summer_festival_blackout_group	sf_blackout_group	Zoe	It's a dog. It's aggressively a dog.
summer_festival.rpy	summer_festival_blackout_group	sf_blackout_group	Marcus	Every blackout I've ever been in, someone starts singing within four minutes.
summer_festival.rpy	summer_festival_blackout_group	sf_blackout_group	Eli	That's not true.
summer_festival.rpy	summer_festival_blackout_group	sf_blackout_group	Marcus	It's true.
summer_festival.rpy	summer_festival_blackout_group	sf_blackout_group	narrator	Ninety seconds later somebody near the stage starts singing, badly, and about thirty people join in.
summer_festival.rpy	summer_festival_blackout_group	sf_blackout_group	Marcus	Four minutes.
summer_festival.rpy	summer_festival_blackout_group	sf_blackout_group	Eli	That was ninety seconds. Your claim was wrong and you were also lucky.
summer_festival.rpy	summer_festival_blackout_group	sf_blackout_group	Marcus	I'll take it.
summer_festival.rpy	summer_festival_blackout_group	sf_blackout_group	Nora	You'd take anything.
summer_festival.rpy	summer_festival_blackout_group	sf_blackout_group	Marcus	I would.
summer_festival.rpy	summer_festival_blackout_group	sf_blackout_group	narrator	In the dark, standing close because that's where the light is, the five of you turn into a much smaller and more specific group than you were an hour ago.
summer_festival.rpy	summer_festival_post_blackout	sf_blackout_group	Zoe	You just walked off into the dark with a stranger and a torch.
summer_festival.rpy	summer_festival_post_blackout	sf_blackout_group	[mc_name]	He asked.
summer_festival.rpy	summer_festival_post_blackout	sf_blackout_group	Zoe	He asked {i}everyone{/i}. You answered.
summer_festival.rpy	summer_festival_post_blackout	sf_blackout_group	Marcus	You went full site foreman.
summer_festival.rpy	summer_festival_post_blackout	sf_blackout_group	[mc_name]	Somebody had to.
summer_festival.rpy	summer_festival_post_blackout	sf_blackout_group	Marcus	I'm not criticising. I'm noting it.
summer_festival.rpy	summer_festival_post_blackout	sf_blackout_group	Nora	Nobody died. I'm calling that a win.
summer_festival.rpy	summer_festival_post_blackout	sf_blackout_group	Marcus	Low bar.
summer_festival.rpy	summer_festival_post_blackout	sf_blackout_group	Nora	Cleared bar.
summer_festival.rpy	summer_festival_post_blackout	sf_blackout_group	narrator	Something lands on the back of your hand.
summer_festival.rpy	summer_festival_post_blackout	sf_blackout_group	narrator	Then on the tarmac, in that specific pattern where the first ten drops arrive individually and the eleventh brings everyone else.
summer_festival.rpy	summer_festival_post_blackout	sf_rain	narrator	Four hundred people who were being extremely calm about a blackout lose their composure entirely about water.
summer_festival.rpy	summer_festival_post_blackout	sf_rain	Marcus	Go, go, go —
summer_festival.rpy	summer_festival_post_blackout	sf_rain	narrator	Stall owners are throwing tarpaulins. Somebody's paper plate becomes a hat and then, immediately, doesn't.
summer_festival.rpy	summer_festival_post_blackout	sf_rain	Zoe	Under the awning. The wide one. Go.
summer_festival.rpy	summer_festival_post_blackout	sf_rain	narrator	You end up crushed under the canopy of a closed hardware shop with about forty other people, four of whom you came with.
summer_festival.rpy	summer_festival_post_blackout	sf_rain	narrator	The rain hits the awning like applause.
summer_festival.rpy	summer_festival_post_blackout	sf_shelter	narrator	It's warm rain. Summer rain. The kind that makes everyone smell like the pavement.
summer_festival.rpy	summer_festival_post_blackout	sf_shelter	Nora	My shoes.
summer_festival.rpy	summer_festival_post_blackout	sf_shelter	Marcus	Your shoes are fine.
summer_festival.rpy	summer_festival_post_blackout	sf_shelter	Nora	My shoes are a swimming pool.
summer_festival.rpy	summer_festival_post_blackout	sf_shelter	Marcus	Your shoes are a swimming pool that's fine.
summer_festival.rpy	summer_festival_post_blackout	sf_shelter	Eli	The power outage and the rain are probably related.
summer_festival.rpy	summer_festival_post_blackout	sf_shelter	Zoe	How.
summer_festival.rpy	summer_festival_post_blackout	sf_shelter	Eli	Pressure drop, wind ahead of the front, something moved that shouldn't have. It's the sort of thing that happens forty minutes before rain rather than during it.
summer_festival.rpy	summer_festival_post_blackout	sf_shelter	Marcus	So we could have known.
summer_festival.rpy	summer_festival_post_blackout	sf_shelter	Eli	We could have known if any of us had looked up.
summer_festival.rpy	summer_festival_post_blackout	sf_shelter	Marcus	I was busy.
summer_festival.rpy	summer_festival_post_blackout	sf_shelter	Nora	You were holding a fence.
summer_festival.rpy	summer_festival_post_blackout	sf_shelter	Marcus	I was holding a fence {i}strategically{/i}.
summer_festival.rpy	summer_festival_post_blackout	sf_shelter	Marcus	I was holding a {i}keyring{/i}.
summer_festival.rpy	summer_festival_post_blackout	sf_shelter	Zoe	You are still holding the keyring.
summer_festival.rpy	summer_festival_post_blackout	sf_shelter	Marcus	I will be holding this keyring for some time.
summer_festival.rpy	summer_festival_post_blackout	sf_shelter	narrator	The conversation goes the way conversations go when everyone's damp and slightly tired and nobody has anywhere to be.
summer_festival.rpy	summer_festival_post_blackout	sf_shelter	narrator	Somebody two metres away is telling a stranger their entire job history. Somebody else has produced a bag of crisps for forty people.
summer_festival.rpy	summer_festival_post_blackout	sf_shelter	Nora	This is the good part, by the way.
summer_festival.rpy	summer_festival_post_blackout	sf_shelter	[mc_name]	The standing under an awning part?
summer_festival.rpy	summer_festival_post_blackout	sf_shelter	Nora	The nobody-leaves part. Everyone had a reason to go home twenty minutes ago and nobody's gone.
summer_festival.rpy	summer_festival_post_blackout	sf_shelter	narrator	The group drifts into pairs, the way it does. There's a gap next to each of them.
summer_festival.rpy	summer_festival_post_blackout	sf_shelter	narrator	Marcus is quieter than he's been all night.
summer_festival.rpy	summer_festival_post_blackout	sf_shelter	narrator	He's watching the stage end of the street, where the band is sitting on the edge of the trailer with their instruments in bin bags.
summer_festival.rpy	summer_festival_post_blackout	sf_shelter	Marcus	They're going to go back on.
summer_festival.rpy	summer_festival_post_blackout	sf_shelter	[mc_name]	In this?
summer_festival.rpy	summer_festival_post_blackout	sf_shelter	Marcus	Look at them. They've already decided. They just haven't said it.
summer_festival.rpy	summer_festival_post_blackout	sf_shelter	narrator	A pause.
summer_festival.rpy	summer_festival_post_blackout	sf_shelter	Marcus	I used to be able to tell that about people. On a court, I mean. Who'd already decided.
summer_festival.rpy	summer_festival_post_blackout	sf_shelter	[mc_name]	You still can.
summer_festival.rpy	summer_festival_post_blackout	sf_shelter	Marcus	Yeah, well. Fewer courts.
summer_festival.rpy	summer_festival_post_blackout	sf_shelter	narrator	He says it lightly and then doesn't say anything else, which for Marcus is the whole story.
summer_festival.rpy	summer_festival_post_blackout	sf_shelter	Marcus	Anyway. They'll go back on.
summer_festival.rpy	summer_festival_post_blackout	sf_shelter	narrator	meaningful_talk
summer_festival.rpy	summer_festival_post_blackout	sf_shelter	narrator	Eli has gone quiet in an interesting way.
summer_festival.rpy	summer_festival_post_blackout	sf_shelter	narrator	Eli is looking out at the rain running off the awning in a single unbroken sheet.
summer_festival.rpy	summer_festival_post_blackout	sf_shelter	Eli	I've been avoiding a chapter for six weeks.
summer_festival.rpy	summer_festival_post_blackout	sf_shelter	[mc_name]	Still?
summer_festival.rpy	summer_festival_post_blackout	sf_shelter	Eli	Seven weeks, then. I'm rounding down.
summer_festival.rpy	summer_festival_post_blackout	sf_shelter	Eli	The thing I keep getting stuck on is that all of this is measurable. Crowd density, load on the supply, drainage on this street. Somebody modelled all of it. Probably badly.
summer_festival.rpy	summer_festival_post_blackout	sf_shelter	[mc_name]	And?
summer_festival.rpy	summer_festival_post_blackout	sf_shelter	Eli	And nobody standing here cares, and it worked anyway.
summer_festival.rpy	summer_festival_post_blackout	sf_shelter	narrator	A beat.
summer_festival.rpy	summer_festival_post_blackout	sf_shelter	Eli	That's supposed to be reassuring. I haven't decided if it is.
summer_festival.rpy	summer_festival_post_blackout	sf_shelter	[mc_name]	You don't have to decide tonight.
summer_festival.rpy	summer_festival_post_blackout	sf_shelter	Eli	No. That's the part I'm bad at.
summer_festival.rpy	summer_festival_post_blackout	sf_shelter	narrator	meaningful_talk
summer_festival.rpy	summer_festival_post_blackout	sf_shelter	narrator	Zoe's watching the rain with that look she gets.
summer_festival.rpy	summer_festival_post_blackout	sf_shelter	narrator	She's not looking at the rain. She's looking at the light in it — the one string of bulbs still lit somewhere up the street, coming apart in the water.
summer_festival.rpy	summer_festival_post_blackout	sf_shelter	Zoe	That.
summer_festival.rpy	summer_festival_post_blackout	sf_shelter	[mc_name]	That what?
summer_festival.rpy	summer_festival_post_blackout	sf_shelter	Zoe	That's the thing I've been trying to get out of the waterfront pieces for four months.
summer_festival.rpy	summer_festival_post_blackout	sf_shelter	Zoe	It's not the reflection. It's that you can't tell where the light stops being the light.
summer_festival.rpy	summer_festival_post_blackout	sf_shelter	narrator	She doesn't take a photo. She doesn't reach for a sketchbook.
summer_festival.rpy	summer_festival_post_blackout	sf_shelter	[mc_name]	You're not drawing it.
summer_festival.rpy	summer_festival_post_blackout	sf_shelter	Zoe	It doesn't translate. That's the entire point of it.
summer_festival.rpy	summer_festival_post_blackout	sf_shelter	narrator	A pause.
summer_festival.rpy	summer_festival_post_blackout	sf_shelter	Zoe	I'll remember it wrong in about a week and paint that instead. That's usually better anyway.
summer_festival.rpy	summer_festival_post_blackout	sf_shelter	narrator	meaningful_talk
summer_festival.rpy	summer_festival_post_blackout	sf_shelter	narrator	Nora is laughing at something and it makes the whole awning lighter.
summer_festival.rpy	summer_festival_post_blackout	sf_shelter	narrator	Someone has given her half a very bad pastry and she is reviewing it out loud to a stranger, at length, without mercy.
summer_festival.rpy	summer_festival_post_blackout	sf_shelter	Nora	— and it's not underbaked, that's the thing, it's {i}confidently{/i} underbaked —
summer_festival.rpy	summer_festival_post_blackout	sf_shelter	narrator	The stranger is delighted. Two more people have moved closer to listen.
summer_festival.rpy	summer_festival_post_blackout	sf_shelter	narrator	She catches you watching and stops.
summer_festival.rpy	summer_festival_post_blackout	sf_shelter	Nora	What.
summer_festival.rpy	summer_festival_post_blackout	sf_shelter	[mc_name]	Nothing.
summer_festival.rpy	summer_festival_post_blackout	sf_shelter	Nora	You've got a face.
summer_festival.rpy	summer_festival_post_blackout	sf_shelter	[mc_name]	You're going to be good at the course.
summer_festival.rpy	summer_festival_post_blackout	sf_shelter	narrator	That lands somewhere. She looks at the pastry instead of at you.
summer_festival.rpy	summer_festival_post_blackout	sf_shelter	Nora	I'm going to be terrible at it for about a year.
summer_festival.rpy	summer_festival_post_blackout	sf_shelter	[mc_name]	And then good at it.
summer_festival.rpy	summer_festival_post_blackout	sf_shelter	Nora	And then good at it.
summer_festival.rpy	summer_festival_post_blackout	sf_shelter	narrator	She takes another bite of the bad pastry. She doesn't say thank you out loud.
summer_festival.rpy	summer_festival_post_blackout	sf_shelter	narrator	meaningful_talk
summer_festival.rpy	summer_festival_post_blackout	sf_shelter	Marcus	Right — someone find out if that band's going back on.
summer_festival.rpy	summer_festival_post_blackout	sf_shelter	Zoe	They're going back on. Look at them.
summer_festival.rpy	summer_festival_post_blackout	sf_shelter	Nora	Ten minutes. They'll want the rain to stop being the story.
summer_festival.rpy	summer_festival_post_blackout	sf_shelter	narrator	The rain starts being less of a story.
summer_festival.rpy	summer_festival_post_blackout	sf_lights	narrator	The bulbs over the road come up first, one string at a time, in the wrong order.
summer_festival.rpy	summer_festival_post_blackout	sf_lights	narrator	Half the street stays dark. Nobody minds. It looks better.
summer_festival.rpy	summer_festival_post_blackout	sf_lights	narrator	The staff member from earlier goes past, spots you, and gives you a thumbs up that is about seventy percent relief.
summer_festival.rpy	summer_festival_post_blackout	sf_lights	Zoe	Was that for you?
summer_festival.rpy	summer_festival_post_blackout	sf_lights	[mc_name]	Probably for the guy with the meter.
summer_festival.rpy	summer_festival_post_blackout	sf_lights	Eli	It was for you. He looked directly at you.
summer_festival.rpy	summer_festival_post_blackout	sf_lights	Marcus	Take the thumb.
summer_festival.rpy	summer_festival_post_blackout	sf_lights	[mc_name]	I'm taking the thumb.
summer_festival.rpy	summer_festival_post_blackout	sf_lights	narrator	Whoever finally sorted it doesn't come out to be looked at. That's usually how it goes.
summer_festival.rpy	summer_festival_post_blackout	sf_lights	Eli	You were closer than the first three people who tried.
summer_festival.rpy	summer_festival_post_blackout	sf_lights	[mc_name]	Is that a compliment?
summer_festival.rpy	summer_festival_post_blackout	sf_lights	Eli	It's a measurement.
summer_festival.rpy	summer_festival_post_blackout	sf_lights	narrator	Nobody comes out to explain what happened. The lights are on, so the question stops existing.
summer_festival.rpy	summer_festival_post_blackout	sf_lights	narrator	About a third of the crowd has gone home. The third that's left is the third that was always going to stay.
summer_festival.rpy	summer_festival_post_blackout	sf_lights	narrator	The band goes back on. Three songs, no lighting rig, and the sound is worse and better at the same time.
summer_festival.rpy	summer_festival_post_blackout	sf_lights	Marcus	Told you.
summer_festival.rpy	summer_festival_post_blackout	sf_lights	Zoe	Everyone told you. You just said it loudest.
summer_festival.rpy	summer_festival_post_blackout	sf_ending	narrator	The stalls come down faster than they went up. Trestle tables folding, cable being coiled by someone who is clearly not being paid enough to coil it properly.
summer_festival.rpy	summer_festival_post_blackout	sf_ending	narrator	The street starts being a street again.
summer_festival.rpy	summer_festival_post_blackout	sf_ending	Nora	Right. I'm at six tomorrow.
summer_festival.rpy	summer_festival_post_blackout	sf_ending	Marcus	Six.
summer_festival.rpy	summer_festival_post_blackout	sf_ending	Nora	Six.
summer_festival.rpy	summer_festival_post_blackout	sf_ending	Nora	Text me when you get in. Not because anything's going to happen to you. Just do it.
summer_festival.rpy	summer_festival_post_blackout	sf_ending	Nora	This was better than it had any right to be. Somebody should have organised it worse.
summer_festival.rpy	summer_festival_post_blackout	sf_ending	narrator	She goes. She's dry from the knees up and completely soaked below, and she's not going to mention it again.
summer_festival.rpy	summer_festival_post_blackout	sf_ending	Zoe	I'm walking. It's twenty minutes and I want to look at the wet buildings.
summer_festival.rpy	summer_festival_post_blackout	sf_ending	[mc_name]	That's a real sentence you just said.
summer_festival.rpy	summer_festival_post_blackout	sf_ending	Zoe	It's the best sentence I've said all week.
summer_festival.rpy	summer_festival_post_blackout	sf_ending	Zoe	I'm walking. The light's still doing the thing.
summer_festival.rpy	summer_festival_post_blackout	sf_ending	Zoe	I'll show you the wrong version. When it exists.
summer_festival.rpy	summer_festival_post_blackout	sf_ending	[mc_name]	The wrong version.
summer_festival.rpy	summer_festival_post_blackout	sf_ending	Zoe	The good one.
summer_festival.rpy	summer_festival_post_blackout	sf_ending	narrator	She goes up the street rather than down it, which is the long way, which is obviously the point.
summer_festival.rpy	summer_festival_post_blackout	sf_ending	Eli	I have a chapter.
summer_festival.rpy	summer_festival_post_blackout	sf_ending	Marcus	It's midnight.
summer_festival.rpy	summer_festival_post_blackout	sf_ending	Eli	I have a chapter and now I have a reason not to open it, which is a better position than I was in this morning.
summer_festival.rpy	summer_festival_post_blackout	sf_ending	narrator	Eli pauses at the edge of the awning.
summer_festival.rpy	summer_festival_post_blackout	sf_ending	Eli	Thank you for not telling me to just write it.
summer_festival.rpy	summer_festival_post_blackout	sf_ending	[mc_name]	Would that have helped?
summer_festival.rpy	summer_festival_post_blackout	sf_ending	Eli	No. That's why.
summer_festival.rpy	summer_festival_post_blackout	sf_ending	Marcus	Get some sleep.
summer_festival.rpy	summer_festival_post_blackout	sf_ending	Eli	That was the plan and now it's the schedule.
summer_festival.rpy	summer_festival_post_blackout	sf_ending	Marcus	Well.
summer_festival.rpy	summer_festival_post_blackout	sf_ending	narrator	Marcus turns the keyring over in his hand once and puts it back in his pocket.
summer_festival.rpy	summer_festival_post_blackout	sf_ending	Marcus	They went back on.
summer_festival.rpy	summer_festival_post_blackout	sf_ending	[mc_name]	They went back on.
summer_festival.rpy	summer_festival_post_blackout	sf_ending	Marcus	Good.
summer_festival.rpy	summer_festival_post_blackout	sf_ending	narrator	That's the whole conversation and it's enough for him.
summer_festival.rpy	summer_festival_post_blackout	sf_ending	Marcus	You disappeared into a dark alley to look at a fuse box for a street party. On a Friday.
summer_festival.rpy	summer_festival_post_blackout	sf_ending	[mc_name]	It wasn't an alley.
summer_festival.rpy	summer_festival_post_blackout	sf_ending	Marcus	It was an alley.
summer_festival.rpy	summer_festival_post_blackout	sf_ending	Marcus	Nine words. Nine {i}good{/i} words.
summer_festival.rpy	summer_festival_post_blackout	sf_ending	Marcus	Knock if you need anything. Standing offer, still stands.
summer_festival.rpy	summer_festival_post_blackout	sf_ending	narrator	He walks the fifty metres home that you're also walking, which he does not comment on, and neither do you.
summer_festival.rpy	summer_festival_post_blackout	sf_ending	narrator	The barricades are already coming off the top of the road. Somebody's sweeping.
summer_festival.rpy	summer_festival_post_blackout	sf_ending	narrator	By tomorrow lunchtime there'll be nothing here but a street with buses on it.
summer_festival.rpy	summer_festival_post_blackout	sf_ending	narrator	You'd come out expecting a few tables and a speaker.
summer_festival.rpy	summer_festival_post_blackout	sf_ending	narrator	Your shoes are ruined.
summer_festival.rpy	summer_festival_post_blackout	sf_ending	narrator	summer_festival_day%d
summer_festival.rpy	summer_festival_post_blackout	sf_ending	narrator	attended_summer_festival
summer_festival.rpy	summer_festival_post_blackout	sf_ending	narrator	A Night at the Festival
summer_festival.rpy	summer_festival_post_blackout	sf_ending	narrator	Spent an evening at the Downtown Summer Festival with Marcus, Eli, Zoe and Nora.
summer_festival.rpy	summer_festival_post_blackout	sf_ending	narrator	social
summer_festival.rpy	summer_festival_post_blackout	sf_ending	narrator	shelter_focus
summer_festival.rpy	summer_festival_post_blackout	sf_ending	narrator	The Downtown Summer Festival
trainer_arc.rpy	tr_first_day	cg_tr_first_day	narrator	You shadow Kai for the 7am session — a regular, mid-40s, been training here two years.
trainer_arc.rpy	tr_first_day	pov_trainer	narrator	She barely speaks during the session. She cues, adjusts, watches. The client barely notices the adjustments.
trainer_arc.rpy	tr_first_day	pov_trainer	narrator	After they leave:
trainer_arc.rpy	tr_first_day	pov_trainer	Kai	What did you see?
trainer_arc.rpy	tr_first_day	pov_trainer	narrator	\"Their left shoulder was compensating on the press.\"
trainer_arc.rpy	tr_first_day	pov_trainer	Kai	Yes. They've been doing it eight months. I'm working it out slowly — if I correct it too fast, they'll stop trusting the process.
trainer_arc.rpy	tr_first_day	pov_trainer	Kai	Observation first. Always.
trainer_arc.rpy	tr_first_day	pov_trainer	narrator	\"You barely talked during the session.\"
trainer_arc.rpy	tr_first_day	pov_trainer	Kai	The talking is in the adjustments. If you're narrating everything, they stop feeling what's happening.
trainer_arc.rpy	tr_first_day	pov_trainer	narrator	\"They looked comfortable with you.\"
trainer_arc.rpy	tr_first_day	pov_trainer	Kai	Two years. But comfort isn't automatic — you maintain it. Every session.
trainer_arc.rpy	tr_first_day	pov_trainer	Kai	That's the first thing to understand.
trainer_arc.rpy	tr_task_1	pov_trainer	Kai	New client. Intake form says general fitness, weight loss, no injury history. It's yours. I'll be on the floor.
trainer_arc.rpy	tr_task_1	pov_trainer	narrator	The client is twenty-three, gym-anxious, talks a lot when nervous.
trainer_arc.rpy	tr_task_1	cg_tr_task_1	narrator	During the assessment you discover they haven't done structured exercise before. 'Some gym experience' meant the treadmill, twice.
trainer_arc.rpy	tr_task_1	pov_trainer	narrator	Adjust the plan on the spot — start simpler than the intake suggests.
trainer_arc.rpy	tr_task_1	pov_trainer	narrator	You rebuild the session mentally while they talk. Bodyweight first. Lower the stakes.
trainer_arc.rpy	tr_task_1	pov_trainer	narrator	They finish looking surprised at themselves.
trainer_arc.rpy	tr_task_1	pov_trainer	Kai	You read them right. The plan matters less than the first experience.
trainer_arc.rpy	tr_task_1	pov_trainer	narrator	Stick to the plan — they said they had experience.
trainer_arc.rpy	tr_task_1	pov_trainer	narrator	The session works mechanically. They complete it. They're quiet at the end.
trainer_arc.rpy	tr_task_1	pov_trainer	narrator	They don't rebook immediately.
trainer_arc.rpy	tr_task_1	pov_trainer	Kai	The form was what they wished was true. What did the actual session tell you?
trainer_arc.rpy	tr_task_1	pov_trainer	narrator	Check in mid-session: ask them how they're finding it.
trainer_arc.rpy	tr_task_1	pov_trainer	narrator	They tell you. You adjust. The session shifts into something they can stay with.
trainer_arc.rpy	tr_task_1	pov_trainer	Kai	Good. Asking mid-session is harder than adjusting upfront. You made them feel like it was their decision.
trainer_arc.rpy	tr_npc1_kai	cg_tr_npc1	narrator	Between sessions, Kai walks you through a client's twelve-week plan.
trainer_arc.rpy	tr_npc1_kai	pov_trainer	Kai	Why three days a week and not four?
trainer_arc.rpy	tr_npc1_kai	pov_trainer	narrator	\"Recovery. Three days gives enough time between sessions.\"
trainer_arc.rpy	tr_npc1_kai	pov_trainer	Kai	That's the technical answer. What's the real answer?
trainer_arc.rpy	tr_npc1_kai	pov_trainer	Kai	Four days means four choices to come. Three means the choice is smaller. For a first-year client, compliance is the programme.
trainer_arc.rpy	tr_npc1_kai	pov_trainer	narrator	\"Their schedule was tight.\"
trainer_arc.rpy	tr_npc1_kai	pov_trainer	Kai	Right. But there's another layer.
trainer_arc.rpy	tr_npc1_kai	pov_trainer	narrator	She explains the compliance reasoning. Three minutes. By the end you have a different understanding of what periodization actually does.
trainer_arc.rpy	tr_npc1_kai	pov_trainer	narrator	\"I don't know — what's the right answer?\"
trainer_arc.rpy	tr_npc1_kai	pov_trainer	Kai	The honest answer. Good.
trainer_arc.rpy	tr_npc1_kai	pov_trainer	narrator	She walks through the logic without condescension. The plan becomes legible.
trainer_arc.rpy	tr_npc1_kai	pov_trainer	Kai	Programming isn't just physical. It's a conversation about what they can sustain.
trainer_arc.rpy	tr_npc2_kai	pov_trainer	narrator	Your last client of the day kept their session — third rebook after two cancellations.
trainer_arc.rpy	tr_npc2_kai	pov_trainer	narrator	They were quiet throughout. Not focused-quiet — somewhere-else quiet.
trainer_arc.rpy	tr_npc2_kai	cg_tr_npc2	narrator	After they leave, Kai is still on the floor. She saw the session.
trainer_arc.rpy	tr_npc2_kai	pov_trainer	narrator	\"Something was off with them today.\"
trainer_arc.rpy	tr_npc2_kai	pov_trainer	Kai	Yes.
trainer_arc.rpy	tr_npc2_kai	pov_trainer	narrator	She doesn't add to it immediately.
trainer_arc.rpy	tr_npc2_kai	pov_trainer	Kai	The training is the easy part. Anyone can count reps. The rest is whether you stay interested in the person.
trainer_arc.rpy	tr_npc2_kai	pov_trainer	Kai	Today you kept the session consistent. That was the right call — they needed the routine.
trainer_arc.rpy	tr_npc2_kai	pov_trainer	narrator	\"I wasn't sure what to do in there.\"
trainer_arc.rpy	tr_npc2_kai	pov_trainer	Kai	That's an honest answer.
trainer_arc.rpy	tr_npc2_kai	pov_trainer	Kai	You kept it professional and let them set the pace. When someone needs the hour to be normal, normal is the thing you give them.
trainer_arc.rpy	tr_npc2_kai	pov_trainer	narrator	\"Is this always part of the job?\"
trainer_arc.rpy	tr_npc2_kai	pov_trainer	Kai	The physical stuff is what gets people through the door. The rest is why you either stay in this career or you don't.
trainer_arc.rpy	tr_npc2_kai	pov_trainer	narrator	She says it without drama. Like it's a fact she's made her peace with.
trainer_arc.rpy	tr_boundary_case	pov_trainer	narrator	Your 9am is a regular — twelve sessions in, trains for recreational half-marathons.
trainer_arc.rpy	tr_boundary_case	pov_trainer	narrator	They arrive moving carefully. Before the warm-up finishes, they stop.
trainer_arc.rpy	tr_boundary_case	pov_trainer	narrator	Client
trainer_arc.rpy	tr_boundary_case	pov_trainer	[mc_name]	How sharp?
trainer_arc.rpy	tr_boundary_case	pov_trainer	narrator	Client
trainer_arc.rpy	tr_boundary_case	pov_trainer	narrator	They have a charity run in nine days.
trainer_arc.rpy	tr_boundary_case	pov_trainer	narrator	Client
trainer_arc.rpy	tr_boundary_case	pov_trainer	narrator	Kai is at the other end of the floor with her own client.
trainer_arc.rpy	tr_boundary_case	pov_trainer	narrator	Stop the session and refer to a physio.
trainer_arc.rpy	tr_boundary_case	pov_trainer	[mc_name]	We're not training on that today.
trainer_arc.rpy	tr_boundary_case	pov_trainer	narrator	Client
trainer_arc.rpy	tr_boundary_case	pov_trainer	[mc_name]	Sharp knee pain before a warm-up is your body asking to be heard.
trainer_arc.rpy	tr_boundary_case	pov_trainer	[mc_name]	I'd refer you to a physio before we touch another session. Nine days is enough time for an assessment.
trainer_arc.rpy	tr_boundary_case	pov_trainer	narrator	Client
trainer_arc.rpy	tr_boundary_case	pov_trainer	narrator	They don't look happy. They look relieved.
trainer_arc.rpy	tr_boundary_case	pov_trainer	narrator	Modify to pain-free movement and document it.
trainer_arc.rpy	tr_boundary_case	pov_trainer	[mc_name]	We're not going anywhere near that range of motion today.
trainer_arc.rpy	tr_boundary_case	pov_trainer	narrator	You rebuild the session: upper body, seated core, nothing that loads the knee past ninety degrees.
trainer_arc.rpy	tr_boundary_case	pov_trainer	narrator	You write it down — pain onset, location, what you avoided and why.
trainer_arc.rpy	tr_boundary_case	pov_trainer	narrator	The client finishes looking surprised the hour was still useful.
trainer_arc.rpy	tr_boundary_case	pov_trainer	narrator	Continue carefully — the client knows their body.
trainer_arc.rpy	tr_boundary_case	pov_trainer	[mc_name]	We'll take it easy. Listen to the signals.
trainer_arc.rpy	tr_boundary_case	pov_trainer	narrator	The client appreciates being trusted.
trainer_arc.rpy	tr_boundary_case	pov_trainer	narrator	Halfway through the session the catching becomes a catch-and-lock.
trainer_arc.rpy	tr_boundary_case	pov_trainer	narrator	You stop immediately, but the session ends early.
trainer_arc.rpy	tr_boundary_case	pov_trainer	narrator	The client limps slightly on the way to the changing room.
trainer_arc.rpy	tr_boundary_followup	pov_trainer	narrator	The referred client returns with a physio report and a revised training plan.
trainer_arc.rpy	tr_boundary_followup	pov_trainer	narrator	Iliotibial band — tightness compounding over their mileage increase. Three weeks modified; back to full in four to six.
trainer_arc.rpy	tr_boundary_followup	pov_trainer	narrator	The plan they bring you is more specific than the one you had.
trainer_arc.rpy	tr_boundary_followup	pov_trainer	Kai	Good call on the referral.
trainer_arc.rpy	tr_boundary_followup	pov_trainer	[mc_name]	It was the only call.
trainer_arc.rpy	tr_boundary_followup	pov_trainer	Kai	The ones who think there's a grey zone there are the ones I watch.
trainer_arc.rpy	tr_boundary_followup	pov_trainer	narrator	The client has been back twice since. The documentation you wrote became the basis for their revised plan.
trainer_arc.rpy	tr_boundary_followup	pov_trainer	Kai	Your notes were clear. That matters — if anything had developed, the chain was there.
trainer_arc.rpy	tr_boundary_followup	pov_trainer	[mc_name]	I wasn't sure it was enough at the time.
trainer_arc.rpy	tr_boundary_followup	pov_trainer	Kai	That's why you wrote it down.
trainer_arc.rpy	tr_boundary_followup	pov_trainer	narrator	Two sessions cancelled without rescheduling. A message this morning.
trainer_arc.rpy	tr_boundary_followup	pov_trainer	narrator	'Pain got worse after the gym session. Seeing a doctor. Not sure about the rest of the programme.'
trainer_arc.rpy	tr_boundary_followup	pov_trainer	Kai	You saw the message?
trainer_arc.rpy	tr_boundary_followup	pov_trainer	[mc_name]	Yes.
trainer_arc.rpy	tr_boundary_followup	pov_trainer	narrator	She waits.
trainer_arc.rpy	tr_boundary_followup	pov_trainer	narrator	Own it.
trainer_arc.rpy	tr_boundary_followup	pov_trainer	[mc_name]	I made the wrong call. They said the pain was sharp and I let them continue.
trainer_arc.rpy	tr_boundary_followup	pov_trainer	narrator	Kai doesn't fill the silence right away.
trainer_arc.rpy	tr_boundary_followup	pov_trainer	Kai	What would you do differently?
trainer_arc.rpy	tr_boundary_followup	pov_trainer	[mc_name]	Stop the session. Refer. Regardless of what they wanted.
trainer_arc.rpy	tr_boundary_followup	pov_trainer	Kai	Then you understand it now.
trainer_arc.rpy	tr_boundary_followup	pov_trainer	Kai	Knowing what you'd change is the start of not making the same call again.
trainer_arc.rpy	tr_boundary_followup	pov_trainer	narrator	Defend the decision.
trainer_arc.rpy	tr_boundary_followup	pov_trainer	[mc_name]	They insisted. I modified the intensity. I didn't think it would escalate.
trainer_arc.rpy	tr_boundary_followup	pov_trainer	Kai	Sharp pain before a warm-up.
trainer_arc.rpy	tr_boundary_followup	pov_trainer	[mc_name]	I know.
trainer_arc.rpy	tr_boundary_followup	pov_trainer	Kai	That's not a grey zone.
trainer_arc.rpy	tr_boundary_followup	pov_trainer	narrator	She looks at the floor. Not angry — deliberate.
trainer_arc.rpy	tr_boundary_followup	pov_trainer	Kai	We'll keep working. But this goes into how I think about your progression.
trainer_arc.rpy	tr_review_asst	pov_trainer	Kai	The knee client — that referral was the right call. That kind of judgment is the last thing I can teach in a timeline.
trainer_arc.rpy	tr_review_asst	pov_trainer	Kai	The documentation on the knee session — that's professional practice. Most people either ignore it or overcorrect. You found the line.
trainer_arc.rpy	tr_review_asst	pov_trainer	Kai	The knee session. You got it wrong and said so. That's harder than getting it right in the first place.
trainer_arc.rpy	tr_review_asst	pov_trainer	Kai	We've covered the knee session. Your reasoning at the time still concerns me. I need to see you think differently under that kind of pressure.
trainer_arc.rpy	tr_review_asst	pov_trainer	Kai	You're not assisting anymore.
trainer_arc.rpy	tr_review_asst	pov_trainer	Kai	Morning slot, Monday to Friday — yours. Your own client book starts Monday. Trainer, effective immediately.
trainer_arc.rpy	tr_review_asst	pov_trainer	narrator	\"That was faster than I expected.\"
trainer_arc.rpy	tr_review_asst	pov_trainer	Kai	You adjusted to your clients instead of adjusting your clients to a plan. That's the one thing I can't teach in a timeline.
trainer_arc.rpy	tr_review_asst	pov_trainer	narrator	\"What does Lead Trainer look different?\"
trainer_arc.rpy	tr_review_asst	pov_trainer	Kai	You own the relationship from intake to programme review. No checking with me — your call, your accountability.
trainer_arc.rpy	tr_review_asst	pov_trainer	Kai	I'm available. But you're not asking permission anymore.
trainer_arc.rpy	tr_review_asst	pov_trainer	narrator	\"Thank you for the chance.\"
trainer_arc.rpy	tr_review_asst	pov_trainer	Kai	You earned the slot. I moved the paperwork.
trainer_arc.rpy	tr_review_asst	pov_trainer	narrator	She sounds like she means it.
trainer_arc.rpy	wev_tr_challenging_client	pov_trainer	narrator	Your 10am client wants to go heavier than their programme calls for. They've been pushing for two sessions.
trainer_arc.rpy	wev_tr_challenging_client	pov_trainer	narrator	Hold the line — explain the reason clearly.
trainer_arc.rpy	wev_tr_challenging_client	pov_trainer	narrator	You explain progressive overload. They listen, not entirely convinced.
trainer_arc.rpy	wev_tr_challenging_client	pov_trainer	narrator	You hold the programme. They come back next week.
trainer_arc.rpy	wev_tr_challenging_client	pov_trainer	narrator	Give them one heavier set at the end as a concession.
trainer_arc.rpy	wev_tr_challenging_client	pov_trainer	narrator	One set, controlled, to acknowledge the goal.
trainer_arc.rpy	wev_tr_challenging_client	pov_trainer	narrator	They're pleased. The form holds.
trainer_arc.rpy	wev_tr_challenging_client	pov_trainer	narrator	Let them lead — it's their workout.
trainer_arc.rpy	wev_tr_challenging_client	pov_trainer	narrator	They go heavier. Form breaks on the third rep.
trainer_arc.rpy	wev_tr_challenging_client	pov_trainer	narrator	Nobody gets hurt, but the session ends with both of you aware of what almost happened.
trainer_arc.rpy	wev_tr_equipment_issue	pov_trainer	narrator	The squat rack is occupied. The two dumbbells you need are taken. Your client's programme calls for both.
trainer_arc.rpy	wev_tr_equipment_issue	pov_trainer	narrator	Redesign the session using available equipment.
trainer_arc.rpy	wev_tr_equipment_issue	pov_trainer	narrator	Bulgarian split squat variation with a single dumbbell and the bench.
trainer_arc.rpy	wev_tr_equipment_issue	pov_trainer	narrator	The client barely notices the change.
trainer_arc.rpy	wev_tr_equipment_issue	pov_trainer	narrator	Have them warm up while you wait.
trainer_arc.rpy	wev_tr_equipment_issue	pov_trainer	narrator	Five minutes becomes ten. The session runs short.
trainer_arc.rpy	wev_tr_equipment_issue	pov_trainer	narrator	The client is understanding. The session was fine, not great.
trainer_arc.rpy	wev_tr_group_class	pov_trainer	narrator	You're covering a group conditioning class. Halfway through, one participant is visibly struggling — red-faced, compensation pattern in the movement.
trainer_arc.rpy	wev_tr_group_class	pov_trainer	narrator	Stop them discreetly and assess.
trainer_arc.rpy	wev_tr_group_class	pov_trainer	narrator	You cue a water break for the group, move to them quietly.
trainer_arc.rpy	wev_tr_group_class	pov_trainer	narrator	First class back after an illness. You modify the remaining exercises. They finish.
trainer_arc.rpy	wev_tr_group_class	pov_trainer	narrator	Call a general pace reduction for the whole class.
trainer_arc.rpy	wev_tr_group_class	pov_trainer	narrator	You lower intensity for everyone. The participant recovers. A few fitter members look mildly frustrated.
trainer_arc.rpy	wev_tr_group_class	pov_trainer	narrator	Good call for safety. Slightly messy in execution.
trainer_arc.rpy	wev_trainer_tex_no_show	pov_trainer	narrator	The appointment time passes.
trainer_arc.rpy	wev_trainer_tex_no_show	pov_trainer	narrator	The client does not arrive.
trainer_arc.rpy	wev_trainer_tex_no_show	pov_trainer	narrator	Five minutes later, a message appears.
trainer_arc.rpy	wev_trainer_tex_no_show	pov_trainer	narrator	'Running five minutes late.'
trainer_arc.rpy	wev_trainer_tex_no_show	pov_trainer	[mc_name]	Impressive timing.
trainer_arc.rpy	wev_trainer_tex_wrong_weight	pov_trainer	narrator	You check the bar before the next set.
trainer_arc.rpy	wev_trainer_tex_wrong_weight	pov_trainer	narrator	One side is heavier than the other.
trainer_arc.rpy	wev_trainer_tex_wrong_weight	pov_trainer	narrator	The difference is small enough to miss and large enough to matter.
trainer_arc.rpy	wev_trainer_tex_wrong_weight	pov_trainer	[mc_name]	Reset it.
trainer_arc.rpy	wev_trainer_tex_busy_floor	pov_trainer	narrator	Every bench is occupied.
trainer_arc.rpy	wev_trainer_tex_busy_floor	pov_trainer	narrator	Two clients reach the cable station at the same time.
trainer_arc.rpy	wev_trainer_tex_busy_floor	pov_trainer	narrator	Reorder the session.
trainer_arc.rpy	wev_trainer_tex_busy_floor	pov_trainer	narrator	You move the next exercise earlier and keep the session moving.
trainer_arc.rpy	wev_trainer_tex_busy_floor	pov_trainer	narrator	Wait for the planned equipment.
trainer_arc.rpy	wev_trainer_tex_busy_floor	pov_trainer	narrator	You use the pause to review the next set.
trainer_arc.rpy	wev_trainer_tex_broken_clip	pov_trainer	narrator	The cable attachment clip does not close completely.
trainer_arc.rpy	wev_trainer_tex_broken_clip	pov_trainer	narrator	You remove it before anyone loads the machine.
trainer_arc.rpy	wev_trainer_tex_broken_clip	pov_trainer	narrator	A working replacement is three steps away.
trainer_arc.rpy	wev_trainer_tex_broken_clip	pov_trainer	[mc_name]	Better now than halfway through a set.
trainer_arc.rpy	wev_trainer_tex_client_shortcut	pov_trainer	narrator	Client
trainer_arc.rpy	wev_trainer_tex_client_shortcut	pov_trainer	[mc_name]	Why?
trainer_arc.rpy	wev_trainer_tex_client_shortcut	pov_trainer	narrator	Client
trainer_arc.rpy	wev_trainer_tex_client_shortcut	pov_trainer	narrator	The client gestures toward the walk from the changing room.
trainer_arc.rpy	wev_trainer_tex_client_shortcut	pov_trainer	[mc_name]	We're keeping the warm-up.
trainer_arc.rpy	wev_trainer_tex_client_shortcut	pov_trainer	narrator	success
trainer_arc.rpy	wev_trainer_tex_client_shortcut	pov_trainer	narrator	
trainer_arc.rpy	wev_trainer_tex_client_shortcut	pov_trainer	narrator	
trainer_arc.rpy	wev_trainer_tex_client_shortcut	pov_trainer	narrator	Led a group class at the gym
trainer_arc.rpy	gym_class_flow	pov_trainer	narrator	No class needs covering today.
trainer_arc.rpy	gym_class_flow	pov_trainer	narrator	The desk flags you down. \"Our circuit instructor called in sick. Can you take the class?\"
trainer_arc.rpy	gym_class_flow	pov_trainer	narrator	[_gc_hrs]h. Pays $[_gc_lo]-[_gc_hi]. [_gc_chance]% to run it well.
trainer_arc.rpy	gym_class_flow	pov_trainer	narrator	Take the class
trainer_arc.rpy	gym_class_flow	pov_trainer	narrator	Not today
trainer_arc.rpy	gym_class_flow	pov_trainer	narrator	You lose the room somewhere in the middle and never quite get it back. They still clap.
trainer_arc.rpy	gym_class_flow	pov_trainer	narrator	You read the room, scale the moves, and finish them on the floor. Two people ask when you're on next.
warehouse_arc.rpy	wh_damaged_shipment	pov_warehouse	narrator	Midway through the afternoon: a pallet from the late delivery sits at the edge of the bay. One corner is raised — unstable load.
warehouse_arc.rpy	wh_damaged_shipment	pov_warehouse	narrator	The route to the dock is partially blocked by maintenance equipment. Operations is already running ninety minutes behind schedule.
warehouse_arc.rpy	wh_damaged_shipment	pov_warehouse	Natalie	Urgent dispatch on bay four. We're moving it now or it misses the transport window.
warehouse_arc.rpy	wh_damaged_shipment	pov_warehouse	[mc_name]	The pallet's not secure. One corner is raised.
warehouse_arc.rpy	wh_damaged_shipment	pov_warehouse	Natalie	How bad?
warehouse_arc.rpy	wh_damaged_shipment	pov_warehouse	[mc_name]	Bad enough that if it shifts during movement, we lose the shipment. Maybe worse.
warehouse_arc.rpy	wh_damaged_shipment	pov_warehouse	narrator	She looks at it.
warehouse_arc.rpy	wh_damaged_shipment	pov_warehouse	Natalie	Your call. You're on floor lead today.
warehouse_arc.rpy	wh_damaged_shipment	pov_warehouse	narrator	Stop the movement and secure the area.
warehouse_arc.rpy	wh_damaged_shipment	pov_warehouse	[mc_name]	We're not moving it. I want the area flagged and the pallet secured before anyone goes back in that bay.
warehouse_arc.rpy	wh_damaged_shipment	pov_warehouse	narrator	Operations flags the shipment as delayed. The transport window closes.
warehouse_arc.rpy	wh_damaged_shipment	pov_warehouse	Natalie	That's going to be a conversation with the depot manager.
warehouse_arc.rpy	wh_damaged_shipment	pov_warehouse	[mc_name]	Send them to me.
warehouse_arc.rpy	wh_damaged_shipment	pov_warehouse	narrator	Reroute the shipment, document the hazard, isolate the pallet.
warehouse_arc.rpy	wh_damaged_shipment	pov_warehouse	[mc_name]	Reroute via bay six. Log the hazard formally, cordon the pallet, and hold the rest of the movement until it's secured.
warehouse_arc.rpy	wh_damaged_shipment	pov_warehouse	narrator	The route adds forty minutes. The dispatch log gets the hazard note.
warehouse_arc.rpy	wh_damaged_shipment	pov_warehouse	Natalie	Late, but intact.
warehouse_arc.rpy	wh_damaged_shipment	pov_warehouse	[mc_name]	And documented.
warehouse_arc.rpy	wh_damaged_shipment	pov_warehouse	narrator	Continue carefully to protect the deadline.
warehouse_arc.rpy	wh_damaged_shipment	pov_warehouse	[mc_name]	We move it carefully. Keep people clear of the pallet and watch the corner.
warehouse_arc.rpy	wh_damaged_shipment	pov_warehouse	narrator	The movement starts. The raised corner draws eyes but no intervention.
warehouse_arc.rpy	wh_damaged_shipment	pov_warehouse	narrator	The pallet clears the bay. The shipment makes the window.
warehouse_arc.rpy	wh_damaged_shipment_followup	pov_warehouse	narrator	Two shifts later: the pallet that was isolated failed during static storage — the load shifted while stationary, bracing gave way.
warehouse_arc.rpy	wh_damaged_shipment_followup	pov_warehouse	Natalie	It went while it was sitting there.
warehouse_arc.rpy	wh_damaged_shipment_followup	pov_warehouse	[mc_name]	If we'd moved it, that would have happened in motion.
warehouse_arc.rpy	wh_damaged_shipment_followup	pov_warehouse	Natalie	Yeah.
warehouse_arc.rpy	wh_damaged_shipment_followup	pov_warehouse	narrator	A pause.
warehouse_arc.rpy	wh_damaged_shipment_followup	pov_warehouse	Natalie	The depot manager came by. I told them you made the right call.
warehouse_arc.rpy	wh_damaged_shipment_followup	pov_warehouse	narrator	Two shifts later: the hazard note from the dispatch log triggered a review of the bay's loading procedure. The process gap it exposed had been on the near-miss list for two months.
warehouse_arc.rpy	wh_damaged_shipment_followup	pov_warehouse	Natalie	The documentation did more than log the delay.
warehouse_arc.rpy	wh_damaged_shipment_followup	pov_warehouse	[mc_name]	The gap was already there.
warehouse_arc.rpy	wh_damaged_shipment_followup	pov_warehouse	Natalie	Someone needed to write it down. You did.
warehouse_arc.rpy	wh_damaged_shipment_followup	pov_warehouse	narrator	Two shifts later: the incident report. The load shifted during handling at the depot. Damage to the shipment, one minor handling injury.
warehouse_arc.rpy	wh_damaged_shipment_followup	pov_warehouse	Natalie	The pallet that went out on bay four.
warehouse_arc.rpy	wh_damaged_shipment_followup	pov_warehouse	[mc_name]	I moved it.
warehouse_arc.rpy	wh_damaged_shipment_followup	pov_warehouse	narrator	She looks at you.
warehouse_arc.rpy	wh_damaged_shipment_followup	pov_warehouse	Natalie	Why?
warehouse_arc.rpy	wh_damaged_shipment_followup	pov_warehouse	narrator	Accept responsibility immediately.
warehouse_arc.rpy	wh_damaged_shipment_followup	pov_warehouse	[mc_name]	I knew it was unstable and I moved it anyway. The schedule pressure affected my call. That's on me.
warehouse_arc.rpy	wh_damaged_shipment_followup	pov_warehouse	Natalie	Operations will want a written account.
warehouse_arc.rpy	wh_damaged_shipment_followup	pov_warehouse	[mc_name]	I'll write it tonight.
warehouse_arc.rpy	wh_damaged_shipment_followup	pov_warehouse	Natalie	Okay.
warehouse_arc.rpy	wh_damaged_shipment_followup	pov_warehouse	narrator	No absolution. Just the next thing to do.
warehouse_arc.rpy	wh_damaged_shipment_followup	pov_warehouse	narrator	Blame the schedule and handling conditions.
warehouse_arc.rpy	wh_damaged_shipment_followup	pov_warehouse	[mc_name]	The schedule was already ninety minutes behind. The handling conditions at the depot contributed — the damage happened after it left our floor.
warehouse_arc.rpy	wh_damaged_shipment_followup	pov_warehouse	Natalie	You flagged the corner before the move.
warehouse_arc.rpy	wh_damaged_shipment_followup	pov_warehouse	[mc_name]	I assessed it as manageable.
warehouse_arc.rpy	wh_damaged_shipment_followup	pov_warehouse	Natalie	You had what you needed to stop it.
warehouse_arc.rpy	wh_damaged_shipment_followup	pov_warehouse	narrator	She writes up the report herself.
work_events.rpy	unknown		narrator	
work_events.rpy	unknown		narrator	
work_events.rpy	unknown		narrator	wev_cafe_tray
work_events.rpy	unknown		narrator	wev_cafe_machine_hot
work_events.rpy	unknown		narrator	wev_cafe_shift_texture
work_events.rpy	unknown		narrator	wev_it_prod_bug
work_events.rpy	unknown		narrator	wev_it_scope_creep
work_events.rpy	unknown		narrator	wev_it_eli_bug_report
work_events.rpy	unknown		narrator	wev_it_shift_texture
work_events.rpy	unknown		narrator	wev_corp_colleague
work_events.rpy	unknown		narrator	wev_corp_credit
work_events.rpy	unknown		narrator	wev_corp_final_revision
work_events.rpy	unknown		narrator	wev_corp_shift_texture
work_events.rpy	unknown		narrator	wev_hosp_case
work_events.rpy	unknown		narrator	wev_hosp_difficult_patient
work_events.rpy	unknown		narrator	wev_hosp_read_chart_again
work_events.rpy	unknown		narrator	wev_hosp_shift_texture
work_events.rpy	unknown		narrator	wev_warehouse_wrong_bay
work_events.rpy	unknown		narrator	wev_warehouse_shift_texture
work_events.rpy	wev_cafe_tray		narrator	Near the end of the shift Nora's moving too fast and drops a full tray of cups.
work_events.rpy	wev_cafe_tray		Nora	Don't say anything. I know.
work_events.rpy	wev_cafe_tray		narrator	Help her clean up.
work_events.rpy	wev_cafe_tray		Nora	Thanks. I owe you one.
work_events.rpy	wev_cafe_tray		narrator	You've got the counter. She can handle it.
work_events.rpy	wev_cafe_tray		narrator	She does. Quietly.
work_events.rpy	wev_cafe_rush		narrator	Fifteen minutes before close, a group of eight walks in.
work_events.rpy	wev_cafe_rush		Nora	You take drinks. I'll do food. Don't let them see you panic.
work_events.rpy	wev_cafe_rush		narrator	Stay focused. Work through it.
work_events.rpy	wev_cafe_rush		narrator	You get through it. Everything out on time. Henry nods once — as close to praise as he gets.
work_events.rpy	wev_cafe_rush		narrator	Signal Nora for backup earlier than needed.
work_events.rpy	wev_cafe_rush		Nora	I've got it. Just cover the till.
work_events.rpy	wev_cafe_complaint		narrator	A regular complains his coffee is wrong. It isn't.
work_events.rpy	wev_cafe_complaint		narrator	Remake it anyway.
work_events.rpy	wev_cafe_complaint		narrator	He accepts it without thanking you.
work_events.rpy	wev_cafe_complaint		narrator	Explain politely that the order is correct.
work_events.rpy	wev_cafe_complaint		narrator	He reconsiders. Backs down. Doesn't apologise.
work_events.rpy	wev_cafe_complaint		narrator	He escalates to Henry. Henry sides with the customer. This is the job.
work_events.rpy	wev_cafe_complaint		narrator	Offer a discount and move on.
work_events.rpy	wev_cafe_complaint		narrator	Easiest option. Not the most satisfying.
work_events.rpy	wev_it_prod_bug		narrator	An alert at 14:00. Something pushed to prod this morning is failing in ways it wasn't failing this morning.
work_events.rpy	wev_it_prod_bug		narrator	Quick rollback — ship the real fix tonight.
work_events.rpy	wev_it_prod_bug		narrator	Clean rollback, fix ready by close. Your lead notices.
work_events.rpy	wev_it_prod_bug		narrator	The rollback introduces a second issue. A long afternoon.
work_events.rpy	wev_it_prod_bug		narrator	Careful — reproduce first, then fix.
work_events.rpy	wev_it_prod_bug		narrator	Slower but clean. No new fires.
work_events.rpy	wev_it_prod_bug		narrator	Escalate to senior.
work_events.rpy	wev_it_prod_bug		narrator	They handle it. You learned how.
work_events.rpy	wev_it_pr_review		narrator	Your PR gets flagged in code review. Three comments, one of them blunt.
work_events.rpy	wev_it_pr_review		narrator	Address every point. Thank them.
work_events.rpy	wev_it_pr_review		narrator	The second review passes in twenty minutes.
work_events.rpy	wev_it_pr_review		narrator	Push back on the main one.
work_events.rpy	wev_it_pr_review		narrator	You're probably right. Doesn't matter. Pick your battles.
work_events.rpy	wev_it_scope_creep		narrator	The client emails at eleven. They want a new feature. You're two-thirds done with the current sprint.
work_events.rpy	wev_it_scope_creep		narrator	Push back — this goes in the next sprint.
work_events.rpy	wev_it_scope_creep		narrator	They accept it. Your lead approves.
work_events.rpy	wev_it_scope_creep		narrator	They escalate. You get the feature anyway, on top of everything else.
work_events.rpy	wev_it_scope_creep		narrator	Absorb it. Adjust the scope yourself.
work_events.rpy	wev_it_scope_creep		narrator	You fit it in. It costs you an evening.
work_events.rpy	wev_it_scope_creep		narrator	Escalate to your manager.
work_events.rpy	wev_it_scope_creep		narrator	Your lead handles the client. You handle the code.
work_events.rpy	wev_it_help_colleague		narrator	A junior on the team is stuck. You recognise the problem — you hit the same wall two weeks ago.
work_events.rpy	wev_it_help_colleague		narrator	Sit down and walk them through it.
work_events.rpy	wev_it_help_colleague		narrator	Your own sprint takes a hit. Theirs doesn't.
work_events.rpy	wev_it_help_colleague		narrator	Point them to the relevant docs.
work_events.rpy	wev_it_help_colleague		narrator	They get there eventually.
work_events.rpy	wev_it_help_colleague		narrator	You're behind yourself. Tell them to ask someone else.
work_events.rpy	wev_it_help_colleague		narrator	Your work is clean. The junior figures it out alone. Slower.
work_events.rpy	wev_it_deploy_crisis		narrator	Friday, 16:45. Production deploy starts. Something immediately breaks.
work_events.rpy	wev_it_deploy_crisis		narrator	It's yours. You pushed twenty minutes ago.
work_events.rpy	wev_it_deploy_crisis		narrator	Own it. Stay and fix it properly.
work_events.rpy	wev_it_deploy_crisis		narrator	You leave at nine. The fix is clean. Nobody emails you over the weekend.
work_events.rpy	wev_it_deploy_crisis		narrator	Quick patch — get it stable, fix properly Monday.
work_events.rpy	wev_it_deploy_crisis		narrator	It holds. Monday comes, the real fix goes in.
work_events.rpy	wev_it_deploy_crisis		narrator	The patch fails at midnight. On-call gets paged. Your Monday starts with a meeting.
work_events.rpy	wev_it_deploy_crisis		narrator	Hand it to on-call. It's technically their problem now.
work_events.rpy	wev_it_deploy_crisis		narrator	Technically, yes. Nobody forgets.
work_events.rpy	wev_it_eli_bug_report		Eli	You closed the bug.
work_events.rpy	wev_it_eli_bug_report		[mc_name]	It stopped reproducing.
work_events.rpy	wev_it_eli_bug_report		Eli	That isn't the same sentence.
work_events.rpy	wev_it_eli_bug_report		[mc_name]	It feels close.
work_events.rpy	wev_it_eli_bug_report		Eli	It won't when it comes back.
work_events.rpy	wev_it_eli_bug_report		narrator	Reopen it and document the cause.
work_events.rpy	wev_it_eli_bug_report		[mc_name]	I'll reopen it.
work_events.rpy	wev_it_eli_bug_report		Eli	Good.
work_events.rpy	wev_it_eli_bug_report		Eli	A solved problem should be able to explain itself.
work_events.rpy	wev_it_eli_bug_report		narrator	Wait and see if it returns.
work_events.rpy	wev_it_eli_bug_report		[mc_name]	I'll wait and see if it returns.
work_events.rpy	wev_it_eli_bug_report		Eli	It will.
work_events.rpy	wev_it_eli_bug_report		[mc_name]	Confident.
work_events.rpy	wev_it_eli_bug_report		Eli	Experienced.
work_events.rpy	wev_it_eli_code_comment		Eli	What does this function do?
work_events.rpy	wev_it_eli_code_comment		[mc_name]	It validates the request.
work_events.rpy	wev_it_eli_code_comment		Eli	I know what it does.
work_events.rpy	wev_it_eli_code_comment		[mc_name]	Then why ask?
work_events.rpy	wev_it_eli_code_comment		Eli	Because the comment says 'temporary fix.'
work_events.rpy	wev_it_eli_code_comment		[mc_name]	It was temporary.
work_events.rpy	wev_it_eli_code_comment		Eli	Three months ago.
work_events.rpy	wev_it_eli_deploy_window		Eli	Deployment window opens in ten.
work_events.rpy	wev_it_eli_deploy_window		[mc_name]	Everything passed.
work_events.rpy	wev_it_eli_deploy_window		Eli	Everything automated passed.
work_events.rpy	wev_it_eli_deploy_window		[mc_name]	That's what the tests are for.
work_events.rpy	wev_it_eli_deploy_window		Eli	Tests confirm what we remembered to ask.
work_events.rpy	wev_it_eli_deploy_window		narrator	A notification appears on Eli's screen.
work_events.rpy	wev_it_eli_deploy_window		Eli	And there is the question we forgot.
work_events.rpy	wev_corp_colleague		Martha	Hendricks is swamped. His report is due at five. He won't make it.
work_events.rpy	wev_corp_colleague		narrator	Cover for him — finish it yourself.
work_events.rpy	wev_corp_colleague		Martha	That's above and beyond.
work_events.rpy	wev_corp_colleague		narrator	You lose an hour but Hendricks owes you one.
work_events.rpy	wev_corp_colleague		narrator	Not your problem. You have your own deadline.
work_events.rpy	wev_corp_colleague		narrator	You do. You hit it. Hendricks misses his.
work_events.rpy	wev_corp_meeting		Caroline	Boardroom. Five minutes. Stratford wants an update on the Kellner account.
work_events.rpy	wev_corp_meeting		narrator	You haven't looked at the Kellner account this week.
work_events.rpy	wev_corp_meeting		narrator	Wing it.
work_events.rpy	wev_corp_meeting		Caroline	...Actually not terrible.
work_events.rpy	wev_corp_meeting		Caroline	We'll circle back. With actual numbers next time.
work_events.rpy	wev_corp_meeting		narrator	Ask Martha quietly for the key figures first.
work_events.rpy	wev_corp_meeting		Martha	Margin's at 14. Three open items. Go.
work_events.rpy	wev_corp_meeting		narrator	You survive.
work_events.rpy	wev_corp_complaint		Caroline	Harmon's client is escalating. They're asking for whoever handled their account.
work_events.rpy	wev_corp_complaint		narrator	That's you.
work_events.rpy	wev_corp_complaint		narrator	Take the call. Stay professional.
work_events.rpy	wev_corp_complaint		narrator	An unpleasant twenty minutes. They calm down. You handled it.
work_events.rpy	wev_corp_complaint		narrator	Forward it to the junior.
work_events.rpy	wev_corp_complaint		Caroline	Careful with that.
work_events.rpy	wev_corp_credit		narrator	In the morning briefing, Reeves presents the restructuring idea you floated last week.
work_events.rpy	wev_corp_credit		narrator	Word for word. Your idea. His mouth.
work_events.rpy	wev_corp_credit		narrator	Say nothing. Note it.
work_events.rpy	wev_corp_credit		narrator	You do.
work_events.rpy	wev_corp_credit		narrator	Interrupt and clarify the origin.
work_events.rpy	wev_corp_credit		narrator	The room notices. Reeves doesn't apologise.
work_events.rpy	wev_corp_credit		narrator	Caroline saw. That's enough.
work_events.rpy	wev_corp_credit		narrator	Talk to Martha about it after.
work_events.rpy	wev_corp_credit		Martha	He does this. I'll make sure Stratford hears your name next time.
work_events.rpy	wev_corp_budget		Caroline	Fifteen percent cut, effective next month. Something from your project has to go.
work_events.rpy	wev_corp_budget		narrator	She's looking at you.
work_events.rpy	wev_corp_budget		narrator	Protect the junior — cut the vendor contract instead.
work_events.rpy	wev_corp_budget		Caroline	Creative. I'll see what I can do.
work_events.rpy	wev_corp_budget		narrator	Keep the senior. Cut the junior.
work_events.rpy	wev_corp_budget		narrator	The project stays stable. Nobody's happy.
work_events.rpy	wev_corp_budget		narrator	Suggest shifting the cost to another project.
work_events.rpy	wev_corp_budget		Caroline	That's someone else's problem. Do better.
work_events.rpy	wev_hosp_case		Dr. Lena	Room 4 is unusual. Presentation doesn't match the chart.
work_events.rpy	wev_hosp_case		narrator	Consult Lena.
work_events.rpy	wev_hosp_case		Dr. Lena	Good instinct. Here's what I'd check.
work_events.rpy	wev_hosp_case		narrator	Handle it yourself.
work_events.rpy	wev_hosp_case		narrator	You get it right. Lena reviews your notes later and says nothing — which is approval.
work_events.rpy	wev_hosp_case		narrator	Your call is off. Lena corrects it quietly, which is the professional version of a problem.
work_events.rpy	wev_hosp_overtime		Dr. Lena	We're short tonight. Four more hours if you can do it.
work_events.rpy	wev_hosp_overtime		narrator	Stay.
work_events.rpy	wev_hosp_overtime		narrator	Four more hours. You leave when the city is dark and quiet.
work_events.rpy	wev_hosp_overtime		narrator	Can't tonight.
work_events.rpy	wev_hosp_overtime		Dr. Lena	Understood.
work_events.rpy	wev_hosp_difficult_patient		Dr. Lena	Room 9 is refusing the procedure. They're your patient. Talk to them.
work_events.rpy	wev_hosp_difficult_patient		narrator	The patient is scared, not irrational. They just need someone to actually explain it.
work_events.rpy	wev_hosp_difficult_patient		narrator	Use logic. Walk through the clinical reasoning.
work_events.rpy	wev_hosp_difficult_patient		narrator	They come around. It takes half an hour.
work_events.rpy	wev_hosp_difficult_patient		narrator	They need more time. Lena takes over.
work_events.rpy	wev_hosp_difficult_patient		narrator	Use empathy. Sit with their fear first.
work_events.rpy	wev_hosp_difficult_patient		narrator	It takes longer but they agree. Lena watches from the door.
work_events.rpy	wev_hosp_difficult_patient		narrator	Call Lena in directly.
work_events.rpy	wev_hosp_difficult_patient		Dr. Lena	I'll handle it.
work_events.rpy	wev_hosp_shortage		narrator	The pharmacy flags a supply issue — the medication for three patients isn't in stock.
work_events.rpy	wev_hosp_shortage		narrator	It won't arrive until morning. You have options, but none are simple.
work_events.rpy	wev_hosp_shortage		narrator	Use the approved alternative.
work_events.rpy	wev_hosp_shortage		narrator	It works. You document everything carefully.
work_events.rpy	wev_hosp_shortage		narrator	Wait for the restock. Adjust care plans.
work_events.rpy	wev_hosp_shortage		narrator	Safe. Slow. The patients aren't happy.
work_events.rpy	wev_hosp_shortage		narrator	Spend an hour calling pharmacies across the city.
work_events.rpy	wev_hosp_shortage		narrator	You find it. Two pharmacies away. Lena hears about it the next morning.
work_events.rpy	wev_hosp_near_miss		narrator	You catch it before it reaches the patient. Wrong dosage on a chart — yours.
work_events.rpy	wev_hosp_near_miss		narrator	No harm done. But five minutes later and it would have been different.
work_events.rpy	wev_hosp_near_miss		narrator	Report it formally through incident review.
work_events.rpy	wev_hosp_near_miss		narrator	It goes on record. Lena reads it and doesn't say much, which means something.
work_events.rpy	wev_hosp_near_miss		narrator	Note it in your own log. Learn from it quietly.
work_events.rpy	wev_hosp_near_miss		narrator	You won't make that error again.
work_events.rpy	wev_hosp_near_miss		narrator	Tell Lena directly.
work_events.rpy	wev_hosp_near_miss		Dr. Lena	Thank you for telling me. That's the right call.
work_events.rpy	wev_corp_final_revision		Martha	You saw the revised numbers?
work_events.rpy	wev_corp_final_revision		[mc_name]	I saw an email titled 'Final Revision Three.'
work_events.rpy	wev_corp_final_revision		Martha	Then you understand how final it is.
work_events.rpy	wev_corp_final_revision		narrator	I'll update the draft.
work_events.rpy	wev_corp_final_revision		[mc_name]	I'll update the draft.
work_events.rpy	wev_corp_final_revision		Martha	Before the meeting, preferably.
work_events.rpy	wev_corp_final_revision		narrator	Which version are we using?
work_events.rpy	wev_corp_final_revision		[mc_name]	Which version are we actually using?
work_events.rpy	wev_corp_final_revision		Martha	The one attached to the most recent email.
work_events.rpy	wev_corp_final_revision		[mc_name]	There are two attachments.
work_events.rpy	wev_corp_final_revision		Martha	Of course there are.
work_events.rpy	wev_corp_meeting_moved		Martha	The meeting moved forward.
work_events.rpy	wev_corp_meeting_moved		[mc_name]	By how much?
work_events.rpy	wev_corp_meeting_moved		Martha	Enough that your current pace is now theoretical.
work_events.rpy	wev_corp_meeting_moved		[mc_name]	When did they tell you?
work_events.rpy	wev_corp_meeting_moved		Martha	Just now.
work_events.rpy	wev_corp_meeting_moved		[mc_name]	And you're this calm?
work_events.rpy	wev_corp_meeting_moved		Martha	No.
work_events.rpy	wev_corp_meeting_moved		Martha	I'm efficient.
work_events.rpy	wev_corp_credit_line		Martha	The director liked the summary.
work_events.rpy	wev_corp_credit_line		[mc_name]	The one I wrote?
work_events.rpy	wev_corp_credit_line		Martha	Unless someone else used your name.
work_events.rpy	wev_corp_credit_line		[mc_name]	You could just say it was good.
work_events.rpy	wev_corp_credit_line		Martha	I could.
work_events.rpy	wev_corp_credit_line		narrator	A short pause.
work_events.rpy	wev_corp_credit_line		Martha	It was good.
work_events.rpy	wev_cafe_machine_hot		Nora	The machine's running hot again.
work_events.rpy	wev_cafe_machine_hot		[mc_name]	Is that bad?
work_events.rpy	wev_cafe_machine_hot		Nora	Only if customers prefer coffee to steam.
work_events.rpy	wev_cafe_machine_hot		narrator	Let me recalibrate it.
work_events.rpy	wev_cafe_machine_hot		[mc_name]	Let me recalibrate it.
work_events.rpy	wev_cafe_machine_hot		Nora	You know how?
work_events.rpy	wev_cafe_machine_hot		[mc_name]	I know how to look confident while checking.
work_events.rpy	wev_cafe_machine_hot		Nora	Good enough. Start with the pressure.
work_events.rpy	wev_cafe_machine_hot		narrator	Should I stop using it?
work_events.rpy	wev_cafe_machine_hot		[mc_name]	Should I stop using it?
work_events.rpy	wev_cafe_machine_hot		Nora	Not unless you want the queue to become a protest.
work_events.rpy	wev_cafe_machine_hot		Nora	Use the other group head until I fix it.
work_events.rpy	wev_cafe_regular_order		narrator	A customer reaches the counter before Nora looks up.
work_events.rpy	wev_cafe_regular_order		Nora	Large oat latte. Extra hot. No foam.
work_events.rpy	wev_cafe_regular_order		[mc_name]	They haven't ordered yet.
work_events.rpy	wev_cafe_regular_order		Nora	They order the same thing every Tuesday.
work_events.rpy	wev_cafe_regular_order		narrator	The customer begins to speak.
work_events.rpy	wev_cafe_regular_order		[mc_name]	Large oat latte?
work_events.rpy	wev_cafe_regular_order		narrator	The customer pauses, then nods.
work_events.rpy	wev_cafe_regular_order		Nora	Now don't look proud. It encourages them.
work_events.rpy	wev_cafe_closing_check		Nora	Before the next rush, check the back counter.
work_events.rpy	wev_cafe_closing_check		[mc_name]	I already cleaned it.
work_events.rpy	wev_cafe_closing_check		Nora	That wasn't the instruction.
work_events.rpy	wev_cafe_closing_check		narrator	You check beneath the grinder.
work_events.rpy	wev_cafe_closing_check		[mc_name]	Coffee grounds.
work_events.rpy	wev_cafe_closing_check		Nora	Coffee grounds.
work_events.rpy	wev_cafe_closing_check		[mc_name]	You knew they were there.
work_events.rpy	wev_cafe_closing_check		Nora	I knew you didn't.
work_events.rpy	wev_hosp_read_chart_again		Dr. Lena	Before you answer, read the chart again.
work_events.rpy	wev_hosp_read_chart_again		[mc_name]	I did.
work_events.rpy	wev_hosp_read_chart_again		Dr. Lena	Then read the part you skipped.
work_events.rpy	wev_hosp_read_chart_again		narrator	You look back at the notes.
work_events.rpy	wev_hosp_read_chart_again		[mc_name]	The dosage changed this morning.
work_events.rpy	wev_hosp_read_chart_again		Dr. Lena	There it is.
work_events.rpy	wev_hosp_read_chart_again		Dr. Lena	Being quick is useful after being correct.
work_events.rpy	wev_hosp_difficult_relative		narrator	A raised voice carries from the corridor.
work_events.rpy	wev_hosp_difficult_relative		[mc_name]	Should someone go out there?
work_events.rpy	wev_hosp_difficult_relative		Dr. Lena	Someone already did.
work_events.rpy	wev_hosp_difficult_relative		[mc_name]	Who?
work_events.rpy	wev_hosp_difficult_relative		Dr. Lena	You.
work_events.rpy	wev_hosp_difficult_relative		narrator	What do I tell them?
work_events.rpy	wev_hosp_difficult_relative		[mc_name]	What do I tell them?
work_events.rpy	wev_hosp_difficult_relative		Dr. Lena	What we know.
work_events.rpy	wev_hosp_difficult_relative		Dr. Lena	Not what they want to hear. Not what you're afraid to say.
work_events.rpy	wev_hosp_difficult_relative		narrator	I'm not ready for that.
work_events.rpy	wev_hosp_difficult_relative		[mc_name]	I'm not ready for that.
work_events.rpy	wev_hosp_difficult_relative		Dr. Lena	Then stand beside me and listen.
work_events.rpy	wev_hosp_difficult_relative		Dr. Lena	You'll be ready next time.
work_events.rpy	wev_hosp_quiet_minute		narrator	The corridor is briefly quiet.
work_events.rpy	wev_hosp_quiet_minute		[mc_name]	Is it always like this?
work_events.rpy	wev_hosp_quiet_minute		Dr. Lena	No.
work_events.rpy	wev_hosp_quiet_minute		[mc_name]	I meant the noise.
work_events.rpy	wev_hosp_quiet_minute		Dr. Lena	So did I.
work_events.rpy	wev_hosp_quiet_minute		narrator	A call light activates farther down the hall.
work_events.rpy	wev_hosp_quiet_minute		Dr. Lena	There it is.
work_events.rpy	wev_warehouse_wrong_bay		Natalie	That pallet belongs in bay six.
work_events.rpy	wev_warehouse_wrong_bay		[mc_name]	The label says eight.
work_events.rpy	wev_warehouse_wrong_bay		Natalie	The label is wrong.
work_events.rpy	wev_warehouse_wrong_bay		[mc_name]	How do you know?
work_events.rpy	wev_warehouse_wrong_bay		Natalie	Because bay eight is full of something flammable.
work_events.rpy	wev_warehouse_wrong_bay		narrator	Move it now.
work_events.rpy	wev_warehouse_wrong_bay		[mc_name]	I'll move it.
work_events.rpy	wev_warehouse_wrong_bay		Natalie	Check the manifest first.
work_events.rpy	wev_warehouse_wrong_bay		Natalie	Fast mistakes are still mistakes.
work_events.rpy	wev_warehouse_wrong_bay		narrator	Then the label needs fixing.
work_events.rpy	wev_warehouse_wrong_bay		[mc_name]	Then the label needs fixing.
work_events.rpy	wev_warehouse_wrong_bay		Natalie	Correct.
work_events.rpy	wev_warehouse_wrong_bay		Natalie	After the pallet stops being in the wrong place.
work_events.rpy	wev_warehouse_safety_vest		Natalie	Zip the vest.
work_events.rpy	wev_warehouse_safety_vest		[mc_name]	It's thirty degrees in here.
work_events.rpy	wev_warehouse_safety_vest		Natalie	The forklift doesn't care.
work_events.rpy	wev_warehouse_safety_vest		[mc_name]	I can see it.
work_events.rpy	wev_warehouse_safety_vest		Natalie	The vest is for the driver.
work_events.rpy	wev_warehouse_safety_vest		narrator	You zip the vest.
work_events.rpy	wev_warehouse_safety_vest		Natalie	Now both of you have a chance.
work_events.rpy	wev_warehouse_early_arrival		Natalie	You're early.
work_events.rpy	wev_warehouse_early_arrival		[mc_name]	Five minutes.
work_events.rpy	wev_warehouse_early_arrival		Natalie	That counts.
work_events.rpy	wev_warehouse_early_arrival		[mc_name]	I thought you'd say it didn't.
work_events.rpy	wev_warehouse_early_arrival		Natalie	Five minutes late counts too.
work_events.rpy	wev_warehouse_early_arrival		[mc_name]	Fair.
work_events.rpy	wev_warehouse_early_arrival		Natalie	Consistency usually is.
work_events.rpy	wev_cafe_tex_swapped_cups		narrator	The labels beneath the counter don't match the cups above them. Two orders waiting.
work_events.rpy	wev_cafe_tex_swapped_cups		narrator	Fix the labels before the next order.
work_events.rpy	wev_cafe_tex_swapped_cups		narrator	You do. No one notices.
work_events.rpy	wev_cafe_tex_swapped_cups		narrator	Hold the current arrangement in your head for the rest of the shift.
work_events.rpy	wev_cafe_tex_swapped_cups		narrator	It works. Barely.
work_events.rpy	wev_cafe_tex_terminal_offline		narrator	The payment terminal freezes mid-transaction. The customer is watching.
work_events.rpy	wev_cafe_tex_terminal_offline		narrator	Restart it. Apologise.
work_events.rpy	wev_cafe_tex_terminal_offline		narrator	It comes back. The queue behind them has not.
work_events.rpy	wev_cafe_tex_terminal_offline		narrator	Ask them to pay cash.
work_events.rpy	wev_cafe_tex_terminal_offline		narrator	They don't have any.
work_events.rpy	wev_cafe_tex_terminal_offline		narrator	You restart it.
work_events.rpy	wev_cafe_tex_empty_pitcher		narrator	You reach for the milk. The pitcher is empty. The order is already on the counter.
work_events.rpy	wev_cafe_tex_empty_pitcher		narrator	Top it up before the customer notices.
work_events.rpy	wev_cafe_tex_empty_pitcher		narrator	You do.
work_events.rpy	wev_cafe_tex_empty_pitcher		narrator	Tell them there's a brief delay.
work_events.rpy	wev_cafe_tex_empty_pitcher		narrator	They nod.
work_events.rpy	wev_cafe_tex_grinder_jam		narrator	The grinder stops mid-grind. A smell like burnt rubber.
work_events.rpy	wev_cafe_tex_grinder_jam		Nora	Don't press it again.
work_events.rpy	wev_cafe_tex_grinder_jam		[mc_name]	I wasn't going to.
work_events.rpy	wev_cafe_tex_grinder_jam		Nora	You were.
work_events.rpy	wev_cafe_tex_last_clean_mug		narrator	One clean mug on the shelf. Two orders placed at the same time.
work_events.rpy	wev_cafe_tex_last_clean_mug		narrator	Use the clean mug, rewash the other one fast.
work_events.rpy	wev_cafe_tex_last_clean_mug		narrator	You make it work.
work_events.rpy	wev_cafe_tex_last_clean_mug		narrator	Tell the second customer there's a short wait.
work_events.rpy	wev_cafe_tex_last_clean_mug		narrator	They've waited before.
work_events.rpy	wev_it_tex_ci_only_failure		narrator	CI fails on a branch that passed locally. The error references a dependency that didn't exist yesterday.
work_events.rpy	wev_it_tex_ci_only_failure		narrator	Check the lock file.
work_events.rpy	wev_it_tex_ci_only_failure		narrator	That's it. Three minutes.
work_events.rpy	wev_it_tex_ci_only_failure		narrator	Rerun the build.
work_events.rpy	wev_it_tex_ci_only_failure		narrator	Same failure. Faster confirmation.
work_events.rpy	wev_it_tex_empty_ticket		narrator	Your assigned ticket has a title and a due date. The description field is empty.
work_events.rpy	wev_it_tex_empty_ticket		narrator	Ask the requester what they actually need.
work_events.rpy	wev_it_tex_empty_ticket		narrator	They reply four hours later with the same description.
work_events.rpy	wev_it_tex_empty_ticket		narrator	Make your best guess and document it.
work_events.rpy	wev_it_tex_empty_ticket		narrator	You'll be either right, or have evidence you weren't.
work_events.rpy	wev_it_tex_merge_conflict		narrator	A merge conflict in a file you're certain you didn't touch.
work_events.rpy	wev_it_tex_merge_conflict		narrator	Trace who changed it last.
work_events.rpy	wev_it_tex_merge_conflict		narrator	Everyone changed it last. Three of them today.
work_events.rpy	wev_it_tex_merge_conflict		narrator	Resolve it and move on.
work_events.rpy	wev_it_tex_merge_conflict		narrator	Fastest. Not satisfying.
work_events.rpy	wev_it_tex_build_queue		narrator	Nine builds ahead of yours. Someone queued a full regression run at noon on a Friday.
work_events.rpy	wev_it_tex_build_queue		narrator	Wait.
work_events.rpy	wev_it_tex_build_queue		narrator	You wait.
work_events.rpy	wev_it_tex_build_queue		narrator	Cancel and requeue at lower priority.
work_events.rpy	wev_it_tex_build_queue		narrator	You are lower priority. Everyone else did this too.
work_events.rpy	wev_it_tex_alert_storm		narrator	A monitoring alert. Then another. Then five more.
work_events.rpy	wev_it_tex_alert_storm		[mc_name]	Real or noisy?
work_events.rpy	wev_it_tex_alert_storm		Eli	Unclear.
work_events.rpy	wev_it_tex_alert_storm		[mc_name]	Helpful.
work_events.rpy	wev_it_tex_alert_storm		Eli	Monitoring is not a diagnosis. It is a symptom.
work_events.rpy	wev_corp_tex_wrong_attachment	office	narrator	You sent the draft. Then immediately opened your sent folder.
work_events.rpy	wev_corp_tex_wrong_attachment	office	narrator	Wrong file. You send the correct one with no subject line and hope the recipient checks the timestamp.
work_events.rpy	wev_corp_tex_calendar_collision	office	narrator	Two meetings, same slot. Both marked required. Both have the same organiser listed.
work_events.rpy	wev_corp_tex_calendar_collision	office	narrator	Ask which meeting takes priority.
work_events.rpy	wev_corp_tex_calendar_collision	office	narrator	The organiser responds in three minutes. One of them was a mistake.
work_events.rpy	wev_corp_tex_calendar_collision	office	narrator	Join the meeting with the more senior attendee.
work_events.rpy	wev_corp_tex_calendar_collision	office	narrator	You join. No one mentions the other meeting.
work_events.rpy	wev_corp_tex_reply_all	office	narrator	Someone replied all to the department announcement. Then someone replied all to that.
work_events.rpy	wev_corp_tex_reply_all	office	narrator	You read the thread to its end. Seventeen messages. Nothing actionable.
work_events.rpy	wev_corp_tex_spreadsheet_filter	office	narrator	The report has a filter applied that no one set intentionally. Half the rows are hidden.
work_events.rpy	wev_corp_tex_spreadsheet_filter	office	narrator	You clear it. The actual numbers are less interesting than the mystery was.
work_events.rpy	wev_corp_tex_printer_queue	office	narrator	The printer has a job stuck at the front of the queue. Owner unknown. Document unnamed.
work_events.rpy	wev_corp_tex_printer_queue	office	narrator	You cancel it. Your document prints. The stuck job reappears two minutes later.
work_events.rpy	wev_hosp_tex_missing_signature	office	narrator	The form is complete except for one signature.
work_events.rpy	wev_hosp_tex_missing_signature	office	narrator	The person who needs to sign it is no longer on the ward.
work_events.rpy	wev_hosp_tex_missing_signature	office	[mc_name]	Naturally.
work_events.rpy	wev_hosp_tex_missing_signature	office	narrator	You place it in the callback tray and add a note before it disappears into the rest of the paperwork.
work_events.rpy	wev_hosp_tex_lab_callback	office	narrator	The phone rings before you finish documenting the previous call.
work_events.rpy	wev_hosp_tex_lab_callback	office	narrator	Lab
work_events.rpy	wev_hosp_tex_lab_callback	office	[mc_name]	Is there a result?
work_events.rpy	wev_hosp_tex_lab_callback	office	narrator	Lab
work_events.rpy	wev_hosp_tex_lab_callback	office	[mc_name]	Of course there is.
work_events.rpy	wev_hosp_tex_changed_priority	office	narrator	The patient marked next is no longer next.
work_events.rpy	wev_hosp_tex_changed_priority	office	narrator	A new note changes the priority without changing the queue.
work_events.rpy	wev_hosp_tex_changed_priority	office	narrator	Review the new case first.
work_events.rpy	wev_hosp_tex_changed_priority	office	narrator	You reopen the notes and reorganise the next steps.
work_events.rpy	wev_hosp_tex_changed_priority	office	narrator	Finish the current documentation first.
work_events.rpy	wev_hosp_tex_changed_priority	office	narrator	You complete the current note before moving on.
work_events.rpy	wev_hosp_tex_empty_room	office	narrator	You enter the room with the chart open.
work_events.rpy	wev_hosp_tex_empty_room	office	narrator	The bed is empty.
work_events.rpy	wev_hosp_tex_empty_room	office	narrator	The patient has been moved to imaging.
work_events.rpy	wev_hosp_tex_empty_room	office	narrator	The update reached every system except the one you checked.
work_events.rpy	wev_hosp_tex_empty_room	office	[mc_name]	Good.
work_events.rpy	wev_hosp_tex_double_chart	office	narrator	Two open charts share the same surname.
work_events.rpy	wev_hosp_tex_double_chart	office	narrator	You stop before entering the next value.
work_events.rpy	wev_hosp_tex_double_chart	office	narrator	The dates of birth are different.
work_events.rpy	wev_hosp_tex_double_chart	office	[mc_name]	That would have been memorable.
work_events.rpy	wev_warehouse_tex_scanner_retry	office	narrator	The scanner rejects the barcode.
work_events.rpy	wev_warehouse_tex_scanner_retry	office	narrator	You try again.
work_events.rpy	wev_warehouse_tex_scanner_retry	office	narrator	It rejects the same barcode more confidently.
work_events.rpy	wev_warehouse_tex_scanner_retry	office	[mc_name]	Good talk.
work_events.rpy	wev_warehouse_tex_scanner_retry	office	narrator	You enter the number manually.
work_events.rpy	wev_warehouse_tex_blocked_bay	office	narrator	The destination bay is blocked by an unlisted pallet.
work_events.rpy	wev_warehouse_tex_blocked_bay	office	narrator	The manifest insists the space is empty.
work_events.rpy	wev_warehouse_tex_blocked_bay	office	narrator	Move the unlisted pallet first.
work_events.rpy	wev_warehouse_tex_blocked_bay	office	narrator	You verify the label and clear the bay.
work_events.rpy	wev_warehouse_tex_blocked_bay	office	narrator	Use the nearest empty bay temporarily.
work_events.rpy	wev_warehouse_tex_blocked_bay	office	narrator	You mark the temporary location before moving on.
work_events.rpy	wev_warehouse_tex_torn_label	office	narrator	Half the shipping label is missing.
work_events.rpy	wev_warehouse_tex_torn_label	office	narrator	The destination code ends after two characters.
work_events.rpy	wev_warehouse_tex_torn_label	office	[mc_name]	Helpful.
work_events.rpy	wev_warehouse_tex_torn_label	office	narrator	You compare the remaining number against the manifest.
work_events.rpy	wev_warehouse_tex_short_delivery	office	narrator	The delivery sheet lists twelve units.
work_events.rpy	wev_warehouse_tex_short_delivery	office	narrator	There are eleven.
work_events.rpy	wev_warehouse_tex_short_delivery	office	narrator	You count again.
work_events.rpy	wev_warehouse_tex_short_delivery	office	narrator	There are still eleven.
work_events.rpy	wev_warehouse_tex_short_delivery	office	[mc_name]	Consistent.
work_events.rpy	wev_warehouse_tex_loose_wrap	office	narrator	The plastic wrap shifts when the pallet turns.
work_events.rpy	wev_warehouse_tex_loose_wrap	office	narrator	You stop it before the top box begins moving independently.
work_events.rpy	wev_warehouse_tex_loose_wrap	office	narrator	You tighten the wrap and check the remaining corners.
workplace_context.rpy	unknown		narrator	it
workplace_context.rpy	unknown		narrator	corporate
workplace_context.rpy	unknown		narrator	hospital
workplace_context.rpy	unknown		narrator	culinary
world_challenges.rpy	unknown		narrator	beat_sam_record
world_challenges.rpy	unknown		narrator	label
world_challenges.rpy	unknown		narrator	category
world_challenges.rpy	unknown		narrator	skill
world_challenges.rpy	unknown		narrator	difficulty
world_challenges.rpy	unknown		narrator	reward_tier
world_challenges.rpy	unknown		narrator	success
world_challenges.rpy	unknown		narrator	great
world_challenges.rpy	unknown		narrator	critical
world_challenges.rpy	unknown		narrator	first_win_npc
world_challenges.rpy	unknown		narrator	cooldown_days
world_challenges.rpy	unknown		narrator	beat_professor_pool
world_challenges.rpy	unknown		narrator	label
world_challenges.rpy	unknown		narrator	category
world_challenges.rpy	unknown		narrator	skill
world_challenges.rpy	unknown		narrator	mastery_key
world_challenges.rpy	unknown		narrator	difficulty
world_challenges.rpy	unknown		narrator	reward_tier
world_challenges.rpy	unknown		narrator	success
world_challenges.rpy	unknown		narrator	great
world_challenges.rpy	unknown		narrator	critical
world_challenges.rpy	unknown		narrator	cooldown_days
world_challenges.rpy	unknown		narrator	nail_difficult_song
world_challenges.rpy	unknown		narrator	label
world_challenges.rpy	unknown		narrator	category
world_challenges.rpy	unknown		narrator	skill
world_challenges.rpy	unknown		narrator	difficulty
world_challenges.rpy	unknown		narrator	reward_tier
world_challenges.rpy	unknown		narrator	success
world_challenges.rpy	unknown		narrator	great
world_challenges.rpy	unknown		narrator	critical
world_challenges.rpy	unknown		narrator	unlock_req
world_challenges.rpy	unknown		narrator	cooldown_days
world_challenges.rpy	unknown		narrator	complete_advanced_challenge
world_challenges.rpy	unknown		narrator	label
world_challenges.rpy	unknown		narrator	category
world_challenges.rpy	unknown		narrator	skill
world_challenges.rpy	unknown		narrator	difficulty
world_challenges.rpy	unknown		narrator	reward_tier
world_challenges.rpy	unknown		narrator	success
world_challenges.rpy	unknown		narrator	great
world_challenges.rpy	unknown		narrator	critical
world_challenges.rpy	unknown		narrator	unlock_req
world_challenges.rpy	unknown		narrator	cooldown_days
world_challenges.rpy	unknown		narrator	local_race_top3
world_challenges.rpy	unknown		narrator	label
world_challenges.rpy	unknown		narrator	category
world_challenges.rpy	unknown		narrator	skill
world_challenges.rpy	unknown		narrator	difficulty
world_challenges.rpy	unknown		narrator	reward_tier
world_challenges.rpy	unknown		narrator	success
world_challenges.rpy	unknown		narrator	great
world_challenges.rpy	unknown		narrator	critical
world_challenges.rpy	unknown		narrator	unlock_req
world_challenges.rpy	unknown		narrator	event_only
world_challenges.rpy	unknown		narrator	cooldown_days
world_challenges.rpy	unknown		narrator	complete_hardest_recipe
world_challenges.rpy	unknown		narrator	label
world_challenges.rpy	unknown		narrator	category
world_challenges.rpy	unknown		narrator	skill
world_challenges.rpy	unknown		narrator	difficulty
world_challenges.rpy	unknown		narrator	reward_tier
world_challenges.rpy	unknown		narrator	success
world_challenges.rpy	unknown		narrator	great
world_challenges.rpy	unknown		narrator	critical
world_challenges.rpy	unknown		narrator	unlock_req
world_challenges.rpy	unknown		narrator	cooldown_days
world_challenges.rpy	unknown		narrator	signature_dish_master
world_challenges.rpy	unknown		narrator	label
world_challenges.rpy	unknown		narrator	category
world_challenges.rpy	unknown		narrator	skill
world_challenges.rpy	unknown		narrator	difficulty
world_challenges.rpy	unknown		narrator	reward_tier
world_challenges.rpy	unknown		narrator	success
world_challenges.rpy	unknown		narrator	great
world_challenges.rpy	unknown		narrator	critical
world_challenges.rpy	unknown		narrator	portfolio
world_challenges.rpy	unknown		narrator	unlock_req
world_challenges.rpy	unknown		narrator	cooldown_days
world_challenges.rpy	unknown		narrator	restore_showpiece
world_challenges.rpy	unknown		narrator	label
world_challenges.rpy	unknown		narrator	category
world_challenges.rpy	unknown		narrator	skill
world_challenges.rpy	unknown		narrator	difficulty
world_challenges.rpy	unknown		narrator	reward_tier
world_challenges.rpy	unknown		narrator	success
world_challenges.rpy	unknown		narrator	great
world_challenges.rpy	unknown		narrator	critical
world_challenges.rpy	unknown		narrator	journal
world_challenges.rpy	unknown		narrator	unlock_req
world_challenges.rpy	unknown		narrator	cooldown_days
world_challenges.rpy	unknown		narrator	hard_technical_challenge
world_challenges.rpy	unknown		narrator	label
world_challenges.rpy	unknown		narrator	category
world_challenges.rpy	unknown		narrator	skill
world_challenges.rpy	unknown		narrator	difficulty
world_challenges.rpy	unknown		narrator	reward_tier
world_challenges.rpy	unknown		narrator	success
world_challenges.rpy	unknown		narrator	great
world_challenges.rpy	unknown		narrator	critical
world_challenges.rpy	unknown		narrator	portfolio
world_challenges.rpy	unknown		narrator	unlock_req
world_challenges.rpy	unknown		narrator	cooldown_days
world_challenges.rpy	unknown		narrator	first_exhibition_win
world_challenges.rpy	unknown		narrator	label
world_challenges.rpy	unknown		narrator	category
world_challenges.rpy	unknown		narrator	skill
world_challenges.rpy	unknown		narrator	difficulty
world_challenges.rpy	unknown		narrator	reward_tier
world_challenges.rpy	unknown		narrator	success
world_challenges.rpy	unknown		narrator	great
world_challenges.rpy	unknown		narrator	xp
world_challenges.rpy	unknown		narrator	critical
world_challenges.rpy	unknown		narrator	xp
world_challenges.rpy	unknown		narrator	portfolio
world_challenges.rpy	unknown		narrator	unlock_req
world_challenges.rpy	unknown		narrator	hours
world_challenges.rpy	unknown		narrator	energy
world_challenges.rpy	unknown		narrator	cooldown_days
world_challenges.rpy	unknown		narrator	
world_challenges.rpy	unknown		narrator	project
world_challenges.rpy	unknown		narrator	career
world_challenges.rpy	unknown		background	#12161ef8
world_challenges.rpy	unknown		scrollbars	vertical
world_challenges.rpy	unknown		background	#1a2230
world_challenges.rpy	unknown		background	#1e3a5f
world_challenges.rpy	unknown		background	#1e3a5f
world_events.rpy	unknown		narrator	marcus_loan
world_events.rpy	unknown		narrator	type
world_events.rpy	unknown		narrator	label
world_events.rpy	unknown		narrator	locations
world_events.rpy	unknown		narrator	min_day
world_events.rpy	unknown		narrator	once
world_events.rpy	unknown		narrator	priority
world_events.rpy	unknown		narrator	cooldown
world_events.rpy	unknown		narrator	conflict_npc
world_events.rpy	unknown		narrator	sam_off_routine
world_events.rpy	unknown		narrator	type
world_events.rpy	unknown		narrator	label
world_events.rpy	unknown		narrator	locations
world_events.rpy	unknown		narrator	min_day
world_events.rpy	unknown		narrator	once
world_events.rpy	unknown		narrator	priority
world_events.rpy	unknown		narrator	cooldown
world_events.rpy	unknown		narrator	conflict_npc
world_events.rpy	unknown		narrator	marcus_first_shift_checkin
world_events.rpy	unknown		narrator	type
world_events.rpy	unknown		narrator	label
world_events.rpy	unknown		narrator	locations
world_events.rpy	unknown		narrator	min_day
world_events.rpy	unknown		narrator	once
world_events.rpy	unknown		narrator	priority
world_events.rpy	unknown		narrator	cooldown
world_events.rpy	unknown		narrator	conflict_npc
world_events.rpy	unknown		narrator	marcus_low_energy_comment
world_events.rpy	unknown		narrator	type
world_events.rpy	unknown		narrator	label
world_events.rpy	unknown		narrator	locations
world_events.rpy	unknown		narrator	min_day
world_events.rpy	unknown		narrator	once
world_events.rpy	unknown		narrator	priority
world_events.rpy	unknown		narrator	cooldown
world_events.rpy	unknown		narrator	conflict_npc
world_events.rpy	unknown		narrator	marcus_first_steps_followup
world_events.rpy	unknown		narrator	type
world_events.rpy	unknown		narrator	label
world_events.rpy	unknown		narrator	locations
world_events.rpy	unknown		narrator	min_day
world_events.rpy	unknown		narrator	once
world_events.rpy	unknown		narrator	priority
world_events.rpy	unknown		narrator	cooldown
world_events.rpy	unknown		narrator	conflict_npc
world_events.rpy	unknown		narrator	marcus_new_car_comment
world_events.rpy	unknown		narrator	type
world_events.rpy	unknown		narrator	label
world_events.rpy	unknown		narrator	locations
world_events.rpy	unknown		narrator	min_day
world_events.rpy	unknown		narrator	once
world_events.rpy	unknown		narrator	priority
world_events.rpy	unknown		narrator	cooldown
world_events.rpy	unknown		narrator	conflict_npc
world_events.rpy	unknown		narrator	condition
world_events.rpy	unknown		narrator	gym_sam_last_rep
world_events.rpy	unknown		narrator	type
world_events.rpy	unknown		narrator	label
world_events.rpy	unknown		narrator	locations
world_events.rpy	unknown		narrator	min_day
world_events.rpy	unknown		narrator	once
world_events.rpy	unknown		narrator	priority
world_events.rpy	unknown		narrator	cooldown
world_events.rpy	unknown		narrator	conflict_npc
world_events.rpy	unknown		narrator	condition
world_events.rpy	unknown		narrator	gym_sam_bad_advice
world_events.rpy	unknown		narrator	type
world_events.rpy	unknown		narrator	label
world_events.rpy	unknown		narrator	locations
world_events.rpy	unknown		narrator	min_day
world_events.rpy	unknown		narrator	once
world_events.rpy	unknown		narrator	priority
world_events.rpy	unknown		narrator	cooldown
world_events.rpy	unknown		narrator	conflict_npc
world_events.rpy	unknown		narrator	condition
world_events.rpy	unknown		narrator	gym_sam_water_break
world_events.rpy	unknown		narrator	type
world_events.rpy	unknown		narrator	label
world_events.rpy	unknown		narrator	locations
world_events.rpy	unknown		narrator	min_day
world_events.rpy	unknown		narrator	once
world_events.rpy	unknown		narrator	priority
world_events.rpy	unknown		narrator	cooldown
world_events.rpy	unknown		narrator	conflict_npc
world_events.rpy	unknown		narrator	condition
world_events.rpy	unknown		narrator	zoe_sketching_stranger
world_events.rpy	unknown		narrator	type
world_events.rpy	unknown		narrator	label
world_events.rpy	unknown		narrator	locations
world_events.rpy	unknown		narrator	min_day
world_events.rpy	unknown		narrator	once
world_events.rpy	unknown		narrator	priority
world_events.rpy	unknown		narrator	cooldown
world_events.rpy	unknown		narrator	conflict_npc
world_events.rpy	unknown		narrator	condition
world_events.rpy	unknown		narrator	zoe_wrong_colour
world_events.rpy	unknown		narrator	type
world_events.rpy	unknown		narrator	label
world_events.rpy	unknown		narrator	locations
world_events.rpy	unknown		narrator	min_day
world_events.rpy	unknown		narrator	once
world_events.rpy	unknown		narrator	priority
world_events.rpy	unknown		narrator	cooldown
world_events.rpy	unknown		narrator	conflict_npc
world_events.rpy	unknown		narrator	condition
world_events.rpy	unknown		narrator	zoe_lost_pencil
world_events.rpy	unknown		narrator	type
world_events.rpy	unknown		narrator	label
world_events.rpy	unknown		narrator	locations
world_events.rpy	unknown		narrator	min_day
world_events.rpy	unknown		narrator	once
world_events.rpy	unknown		narrator	priority
world_events.rpy	unknown		narrator	cooldown
world_events.rpy	unknown		narrator	conflict_npc
world_events.rpy	unknown		narrator	condition
world_events.rpy	unknown		narrator	rain_in_park
world_events.rpy	unknown		narrator	type
world_events.rpy	unknown		narrator	label
world_events.rpy	unknown		narrator	locations
world_events.rpy	unknown		narrator	min_day
world_events.rpy	unknown		narrator	once
world_events.rpy	unknown		narrator	priority
world_events.rpy	unknown		narrator	cooldown
world_events.rpy	unknown		narrator	weight
world_events.rpy	unknown		narrator	bar_quiz_night
world_events.rpy	unknown		narrator	type
world_events.rpy	unknown		narrator	label
world_events.rpy	unknown		narrator	locations
world_events.rpy	unknown		narrator	min_day
world_events.rpy	unknown		narrator	once
world_events.rpy	unknown		narrator	priority
world_events.rpy	unknown		narrator	cooldown
world_events.rpy	unknown		narrator	weight
world_events.rpy	unknown		narrator	crossover_marcus_nora_coffee
world_events.rpy	unknown		narrator	type
world_events.rpy	unknown		narrator	label
world_events.rpy	unknown		narrator	locations
world_events.rpy	unknown		narrator	min_day
world_events.rpy	unknown		narrator	once
world_events.rpy	unknown		narrator	priority
world_events.rpy	unknown		narrator	cooldown
world_events.rpy	unknown		narrator	conflict_npc
world_events.rpy	unknown		narrator	condition
world_events.rpy	unknown		narrator	crossover_sam_zoe_park
world_events.rpy	unknown		narrator	type
world_events.rpy	unknown		narrator	label
world_events.rpy	unknown		narrator	locations
world_events.rpy	unknown		narrator	min_day
world_events.rpy	unknown		narrator	once
world_events.rpy	unknown		narrator	priority
world_events.rpy	unknown		narrator	cooldown
world_events.rpy	unknown		narrator	conflict_npc
world_events.rpy	unknown		narrator	condition
world_events.rpy	unknown		narrator	crossover_martha_caroline_static
world_events.rpy	unknown		narrator	type
world_events.rpy	unknown		narrator	label
world_events.rpy	unknown		narrator	locations
world_events.rpy	unknown		narrator	min_day
world_events.rpy	unknown		narrator	once
world_events.rpy	unknown		narrator	priority
world_events.rpy	unknown		narrator	cooldown
world_events.rpy	unknown		narrator	conflict_npc
world_events.rpy	unknown		narrator	condition
world_events.rpy	unknown		narrator	static_texture
world_events.rpy	unknown		narrator	type
world_events.rpy	unknown		narrator	label
world_events.rpy	unknown		narrator	locations
world_events.rpy	unknown		narrator	min_day
world_events.rpy	unknown		narrator	once
world_events.rpy	unknown		narrator	priority
world_events.rpy	unknown		narrator	cooldown
world_events.rpy	unknown		narrator	weight
world_events.rpy	unknown		narrator	mall_texture
world_events.rpy	unknown		narrator	type
world_events.rpy	unknown		narrator	label
world_events.rpy	unknown		narrator	locations
world_events.rpy	unknown		narrator	min_day
world_events.rpy	unknown		narrator	once
world_events.rpy	unknown		narrator	priority
world_events.rpy	unknown		narrator	cooldown
world_events.rpy	unknown		narrator	weight
world_events.rpy	unknown		narrator	beach_texture
world_events.rpy	unknown		narrator	type
world_events.rpy	unknown		narrator	label
world_events.rpy	unknown		narrator	locations
world_events.rpy	unknown		narrator	min_day
world_events.rpy	unknown		narrator	once
world_events.rpy	unknown		narrator	priority
world_events.rpy	unknown		narrator	cooldown
world_events.rpy	unknown		narrator	weight
world_events.rpy	unknown		narrator	marcus_hallway_texture
world_events.rpy	unknown		narrator	type
world_events.rpy	unknown		narrator	label
world_events.rpy	unknown		narrator	locations
world_events.rpy	unknown		narrator	min_day
world_events.rpy	unknown		narrator	once
world_events.rpy	unknown		narrator	priority
world_events.rpy	unknown		narrator	cooldown
world_events.rpy	unknown		narrator	conflict_npc
world_events.rpy	unknown		narrator	condition
world_events.rpy	unknown		narrator	zoe_park_texture
world_events.rpy	unknown		narrator	type
world_events.rpy	unknown		narrator	label
world_events.rpy	unknown		narrator	locations
world_events.rpy	unknown		narrator	min_day
world_events.rpy	unknown		narrator	once
world_events.rpy	unknown		narrator	priority
world_events.rpy	unknown		narrator	cooldown
world_events.rpy	unknown		narrator	conflict_npc
world_events.rpy	unknown		narrator	condition
world_events.rpy	unknown		narrator	nora_cafe_texture
world_events.rpy	unknown		narrator	type
world_events.rpy	unknown		narrator	label
world_events.rpy	unknown		narrator	locations
world_events.rpy	unknown		narrator	min_day
world_events.rpy	unknown		narrator	once
world_events.rpy	unknown		narrator	priority
world_events.rpy	unknown		narrator	cooldown
world_events.rpy	unknown		narrator	conflict_npc
world_events.rpy	unknown		narrator	condition
world_events.rpy	unknown		narrator	crossover_marcus_nora_repeat
world_events.rpy	unknown		narrator	type
world_events.rpy	unknown		narrator	label
world_events.rpy	unknown		narrator	locations
world_events.rpy	unknown		narrator	min_day
world_events.rpy	unknown		narrator	once
world_events.rpy	unknown		narrator	priority
world_events.rpy	unknown		narrator	cooldown
world_events.rpy	unknown		narrator	weight
world_events.rpy	unknown		narrator	condition
world_events.rpy	unknown		narrator	crossover_sam_zoe_repeat
world_events.rpy	unknown		narrator	type
world_events.rpy	unknown		narrator	label
world_events.rpy	unknown		narrator	locations
world_events.rpy	unknown		narrator	min_day
world_events.rpy	unknown		narrator	once
world_events.rpy	unknown		narrator	priority
world_events.rpy	unknown		narrator	cooldown
world_events.rpy	unknown		narrator	weight
world_events.rpy	unknown		narrator	condition
world_events.rpy	unknown		narrator	crossover_martha_caroline_repeat
world_events.rpy	unknown		narrator	type
world_events.rpy	unknown		narrator	label
world_events.rpy	unknown		narrator	locations
world_events.rpy	unknown		narrator	min_day
world_events.rpy	unknown		narrator	once
world_events.rpy	unknown		narrator	priority
world_events.rpy	unknown		narrator	cooldown
world_events.rpy	unknown		narrator	weight
world_events.rpy	unknown		narrator	condition
world_events.rpy	unknown		narrator	nexus_public_texture
world_events.rpy	unknown		narrator	type
world_events.rpy	unknown		narrator	label
world_events.rpy	unknown		narrator	locations
world_events.rpy	unknown		narrator	min_day
world_events.rpy	unknown		narrator	once
world_events.rpy	unknown		narrator	priority
world_events.rpy	unknown		narrator	cooldown
world_events.rpy	unknown		narrator	weight
world_events.rpy	unknown		narrator	hospital_public_texture
world_events.rpy	unknown		narrator	type
world_events.rpy	unknown		narrator	label
world_events.rpy	unknown		narrator	locations
world_events.rpy	unknown		narrator	min_day
world_events.rpy	unknown		narrator	once
world_events.rpy	unknown		narrator	priority
world_events.rpy	unknown		narrator	cooldown
world_events.rpy	unknown		narrator	weight
world_events.rpy	unknown		narrator	library_texture
world_events.rpy	unknown		narrator	type
world_events.rpy	unknown		narrator	label
world_events.rpy	unknown		narrator	locations
world_events.rpy	unknown		narrator	min_day
world_events.rpy	unknown		narrator	once
world_events.rpy	unknown		narrator	priority
world_events.rpy	unknown		narrator	cooldown
world_events.rpy	unknown		narrator	weight
world_events.rpy	unknown		narrator	college_texture
world_events.rpy	unknown		narrator	type
world_events.rpy	unknown		narrator	label
world_events.rpy	unknown		narrator	locations
world_events.rpy	unknown		narrator	min_day
world_events.rpy	unknown		narrator	once
world_events.rpy	unknown		narrator	priority
world_events.rpy	unknown		narrator	cooldown
world_events.rpy	unknown		narrator	weight
world_events.rpy	unknown		narrator	downtown_texture
world_events.rpy	unknown		narrator	type
world_events.rpy	unknown		narrator	label
world_events.rpy	unknown		narrator	locations
world_events.rpy	unknown		narrator	min_day
world_events.rpy	unknown		narrator	once
world_events.rpy	unknown		narrator	priority
world_events.rpy	unknown		narrator	cooldown
world_events.rpy	unknown		narrator	weight
world_events.rpy	unknown		narrator	marcus_park_invite_scene
world_events.rpy	unknown		narrator	type
world_events.rpy	unknown		narrator	label
world_events.rpy	unknown		narrator	locations
world_events.rpy	unknown		narrator	min_day
world_events.rpy	unknown		narrator	once
world_events.rpy	unknown		narrator	priority
world_events.rpy	unknown		narrator	cooldown
world_events.rpy	unknown		narrator	conflict_npc
world_events.rpy	unknown		narrator	condition
world_events.rpy	unknown		narrator	nora_grounds_invite_scene
world_events.rpy	unknown		narrator	type
world_events.rpy	unknown		narrator	label
world_events.rpy	unknown		narrator	locations
world_events.rpy	unknown		narrator	min_day
world_events.rpy	unknown		narrator	once
world_events.rpy	unknown		narrator	priority
world_events.rpy	unknown		narrator	cooldown
world_events.rpy	unknown		narrator	conflict_npc
world_events.rpy	unknown		narrator	condition
world_events.rpy	unknown		narrator	zoe_park_invite_scene
world_events.rpy	unknown		narrator	type
world_events.rpy	unknown		narrator	label
world_events.rpy	unknown		narrator	locations
world_events.rpy	unknown		narrator	min_day
world_events.rpy	unknown		narrator	once
world_events.rpy	unknown		narrator	priority
world_events.rpy	unknown		narrator	cooldown
world_events.rpy	unknown		narrator	conflict_npc
world_events.rpy	unknown		narrator	condition
world_events.rpy	unknown		narrator	eli_library_invite_scene
world_events.rpy	unknown		narrator	type
world_events.rpy	unknown		narrator	label
world_events.rpy	unknown		narrator	locations
world_events.rpy	unknown		narrator	min_day
world_events.rpy	unknown		narrator	once
world_events.rpy	unknown		narrator	priority
world_events.rpy	unknown		narrator	cooldown
world_events.rpy	unknown		narrator	conflict_npc
world_events.rpy	unknown		narrator	condition
world_events.rpy	unknown		narrator	nora_static_date_scene
world_events.rpy	unknown		narrator	type
world_events.rpy	unknown		narrator	label
world_events.rpy	unknown		narrator	locations
world_events.rpy	unknown		narrator	min_day
world_events.rpy	unknown		narrator	once
world_events.rpy	unknown		narrator	priority
world_events.rpy	unknown		narrator	cooldown
world_events.rpy	unknown		narrator	conflict_npc
world_events.rpy	unknown		narrator	condition
world_events.rpy	unknown		narrator	zoe_beach_date_scene
world_events.rpy	unknown		narrator	type
world_events.rpy	unknown		narrator	label
world_events.rpy	unknown		narrator	locations
world_events.rpy	unknown		narrator	min_day
world_events.rpy	unknown		narrator	once
world_events.rpy	unknown		narrator	priority
world_events.rpy	unknown		narrator	cooldown
world_events.rpy	unknown		narrator	conflict_npc
world_events.rpy	unknown		narrator	condition
world_events.rpy	unknown		narrator	garage_texture
world_events.rpy	unknown		narrator	type
world_events.rpy	unknown		narrator	label
world_events.rpy	unknown		narrator	locations
world_events.rpy	unknown		narrator	min_day
world_events.rpy	unknown		narrator	once
world_events.rpy	unknown		narrator	priority
world_events.rpy	unknown		narrator	cooldown
world_events.rpy	unknown		narrator	weight
world_events.rpy	unknown		narrator	type
world_events.rpy	unknown		narrator	label
world_events.rpy	unknown		narrator	locations
world_events.rpy	unknown		narrator	min_day
world_events.rpy	unknown		narrator	once
world_events.rpy	unknown		narrator	priority
world_events.rpy	unknown		narrator	cooldown
world_events.rpy	unknown		narrator	conflict_npc
world_events.rpy	unknown		narrator	condition
world_events.rpy	unknown		narrator	type
world_events.rpy	unknown		narrator	label
world_events.rpy	unknown		narrator	locations
world_events.rpy	unknown		narrator	min_day
world_events.rpy	unknown		narrator	once
world_events.rpy	unknown		narrator	priority
world_events.rpy	unknown		narrator	cooldown
world_events.rpy	unknown		narrator	conflict_npc
world_events.rpy	unknown		narrator	condition
world_events.rpy	unknown		narrator	type
world_events.rpy	unknown		narrator	label
world_events.rpy	unknown		narrator	locations
world_events.rpy	unknown		narrator	min_day
world_events.rpy	unknown		narrator	once
world_events.rpy	unknown		narrator	priority
world_events.rpy	unknown		narrator	cooldown
world_events.rpy	unknown		narrator	conflict_npc
world_events.rpy	unknown		narrator	condition
world_events.rpy	unknown		narrator	type
world_events.rpy	unknown		narrator	label
world_events.rpy	unknown		narrator	locations
world_events.rpy	unknown		narrator	min_day
world_events.rpy	unknown		narrator	once
world_events.rpy	unknown		narrator	priority
world_events.rpy	unknown		narrator	cooldown
world_events.rpy	unknown		narrator	conflict_npc
world_events.rpy	unknown		narrator	condition
world_events.rpy	unknown		narrator	type
world_events.rpy	unknown		narrator	label
world_events.rpy	unknown		narrator	locations
world_events.rpy	unknown		narrator	min_day
world_events.rpy	unknown		narrator	once
world_events.rpy	unknown		narrator	priority
world_events.rpy	unknown		narrator	cooldown
world_events.rpy	unknown		narrator	conflict_npc
world_events.rpy	unknown		narrator	condition
world_events.rpy	unknown		narrator	type
world_events.rpy	unknown		narrator	label
world_events.rpy	unknown		narrator	locations
world_events.rpy	unknown		narrator	min_day
world_events.rpy	unknown		narrator	once
world_events.rpy	unknown		narrator	priority
world_events.rpy	unknown		narrator	cooldown
world_events.rpy	unknown		narrator	conflict_npc
world_events.rpy	unknown		narrator	condition
world_events.rpy	unknown		narrator	type
world_events.rpy	unknown		narrator	label
world_events.rpy	unknown		narrator	locations
world_events.rpy	unknown		narrator	min_day
world_events.rpy	unknown		narrator	once
world_events.rpy	unknown		narrator	priority
world_events.rpy	unknown		narrator	cooldown
world_events.rpy	unknown		narrator	conflict_npc
world_events.rpy	unknown		narrator	condition
world_events.rpy	unknown		narrator	type
world_events.rpy	unknown		narrator	label
world_events.rpy	unknown		narrator	locations
world_events.rpy	unknown		narrator	min_day
world_events.rpy	unknown		narrator	once
world_events.rpy	unknown		narrator	priority
world_events.rpy	unknown		narrator	cooldown
world_events.rpy	unknown		narrator	conflict_npc
world_events.rpy	unknown		narrator	condition
world_events.rpy	unknown		narrator	
world_events.rpy	unknown		narrator	
world_events.rpy	unknown		narrator	
world_events.rpy	unknown		narrator	
world_events.rpy	unknown		narrator	
world_events.rpy	unknown		narrator	
world_events.rpy	unknown		narrator	
world_events.rpy	unknown		narrator	
world_events.rpy	unknown		narrator	
world_events.rpy	unknown		narrator	
world_events.rpy	unknown		narrator	
world_events.rpy	unknown		narrator	
world_events.rpy	unknown		narrator	
world_events.rpy	unknown		narrator	
world_events.rpy	unknown		narrator	
world_events.rpy	wevent_marcus_loan		Marcus	Hey. I hate to ask — do you have $120 until payday? I can square up by Friday.
world_events.rpy	wevent_marcus_loan		narrator	He's not looking at you when he says it.
world_events.rpy	wevent_marcus_loan		narrator	Sure.
world_events.rpy	wevent_marcus_loan		Marcus	I owe you. For real.
world_events.rpy	wevent_marcus_loan		narrator	I can do forty.
world_events.rpy	wevent_marcus_loan		Marcus	Forty helps. Appreciate it.
world_events.rpy	wevent_marcus_loan		narrator	I'm stretched myself right now.
world_events.rpy	wevent_marcus_loan		Marcus	Yeah, I figured. Had to ask though.
world_events.rpy	wevent_marcus_loan		narrator	He doesn't press it.
world_events.rpy	wevent_marcus_loan		narrator	I'd rather not lend money.
world_events.rpy	wevent_marcus_loan		Marcus	Fair enough.
world_events.rpy	wevent_marcus_loan		narrator	Not really my problem.
world_events.rpy	wevent_marcus_loan		Marcus	Right.
world_events.rpy	wevent_marcus_loan		narrator	He goes quiet.
world_events.rpy	wevent_sam_off_routine	gymdaypeople	narrator	Sam is here. Wrong day, wrong time. Her coffee is half-finished and she's staring at it.
world_events.rpy	wevent_sam_off_routine	gymdaypeople	narrator	\"Thought you were a park person.\"
world_events.rpy	wevent_sam_off_routine	gymdaypeople	Sam	I am. I missed it this morning.
world_events.rpy	wevent_sam_off_routine	gymdaypeople	narrator	You wait.
world_events.rpy	wevent_sam_off_routine	gymdaypeople	Sam	Alarm. Just... couldn't.
world_events.rpy	wevent_sam_off_routine	gymdaypeople	narrator	\"You alright?\"
world_events.rpy	wevent_sam_off_routine	gymdaypeople	Sam	Fine. I just — yes.
world_events.rpy	wevent_sam_off_routine	gymdaypeople	narrator	She straightens up.
world_events.rpy	wevent_sam_off_routine	gymdaypeople	Sam	The routine's the thing, right? One miss and you notice how much of it was holding you together.
world_events.rpy	wevent_sam_off_routine	gymdaypeople	narrator	\"Coffee's decent here.\"
world_events.rpy	wevent_sam_off_routine	gymdaypeople	Sam	Yeah.
world_events.rpy	wevent_sam_off_routine	gymdaypeople	narrator	She looks at her cup.
world_events.rpy	wevent_sam_off_routine	gymdaypeople	Sam	Came in for something else and stayed. It's fine.
world_events.rpy	wevent_metro_delay	gymdaypeople	narrator	The board reads DELAYED. Signal failure somewhere on the line.
world_events.rpy	wevent_metro_delay	gymdaypeople	narrator	Wait it out.
world_events.rpy	wevent_metro_delay	gymdaypeople	narrator	Twenty minutes before it clears.
world_events.rpy	wevent_metro_delay	gymdaypeople	narrator	Find another way ($6).
world_events.rpy	wevent_metro_delay	gymdaypeople	narrator	You grab a cab. More expensive; at least it moves.
world_events.rpy	wevent_metro_delay	gymdaypeople	narrator	Not enough for a cab. You wait anyway.
world_events.rpy	wevent_rain_in_park	gymdaypeople	narrator	The sky closes in fast. Rain in minutes — you can feel it.
world_events.rpy	wevent_rain_in_park	gymdaypeople	narrator	Find cover (stay).
world_events.rpy	wevent_rain_in_park	gymdaypeople	narrator	You duck under the park shelter. Rain hammers down, then passes.
world_events.rpy	wevent_rain_in_park	gymdaypeople	narrator	Head out before it hits.
world_events.rpy	wevent_rain_in_park	gymdaypeople	narrator	Rain starts without warning. The park empties fast.
world_events.rpy	wevent_rain_in_park	gymdaypeople	narrator	Stay — you don't mind rain.
world_events.rpy	wevent_rain_in_park	gymdaypeople	narrator	Soaked but weirdly awake. Five minutes of proper rain.
world_events.rpy	wevent_rain_in_park	gymdaypeople	narrator	Leave.
world_events.rpy	wevent_bar_quiz_night	bar	narrator	Boards are up. A handwritten sign: QUIZ NIGHT — TEAMS OF 2-4 — ENTRY $5.
world_events.rpy	wevent_bar_quiz_night	bar	narrator	Join a team ($5, 2h).
world_events.rpy	wevent_bar_quiz_night	bar	narrator	You're useful. Your table wins the literature round by being the only team that had read the book.
world_events.rpy	wevent_bar_quiz_night	bar	narrator	You're not sure of the answers, but you're confident enough about them. Your table comes second. Close enough.
world_events.rpy	wevent_bar_quiz_night	bar	narrator	You don't know the answers but you listen well. A few things stick.
world_events.rpy	wevent_bar_quiz_night	bar	narrator	Not enough for the entry. You watch from the bar instead.
world_events.rpy	wevent_bar_quiz_night	bar	narrator	Skip it.
world_events.rpy	wevent_bar_quiz_night	bar	narrator	You settle into the background noise.
world_events.rpy	wevcb_marcus_loan_repay	bar	Marcus	Hey. The $120 — here.
world_events.rpy	wevcb_marcus_loan_repay	bar	narrator	He hands it back without ceremony.
world_events.rpy	wevcb_marcus_loan_repay	bar	Marcus	Appreciate it. Seriously.
world_events.rpy	wevcb_marcus_loan_partial	bar	Marcus	I said I'd sort something out. You free Saturday morning?
world_events.rpy	wevcb_marcus_loan_partial	bar	narrator	Sure, what time?
world_events.rpy	wevcb_marcus_loan_partial	bar	Marcus	Eight. Court at the park. I'll buy coffee after.
world_events.rpy	wevcb_marcus_loan_partial	bar	narrator	Can't this week.
world_events.rpy	wevcb_marcus_loan_partial	bar	Marcus	Some other time, then.
world_events.rpy	wevcb_marcus_loan_solved	bar	Marcus	Sorted it out, by the way. Just so you know.
world_events.rpy	wevcb_marcus_loan_solved	bar	narrator	He doesn't make it into a thing.
world_events.rpy	location_marcus_home	bar	narrator	You don't have Marcus's address yet.
world_events.rpy	location_marcus_home	expression	narrator	You knock. No answer. He must be out.
world_events.rpy	location_marcus_home	expression	narrator	Talk.
world_events.rpy	location_marcus_home	expression	narrator	That smells good.
world_events.rpy	location_marcus_home	expression	narrator	Watch the game.
world_events.rpy	location_marcus_home	expression	narrator	Head out.
world_events.rpy	marcus_home_chili	expression	narrator	He spoons some into a bowl without being asked.
world_events.rpy	marcus_home_chili	expression	Marcus	Simple. Kidney beans, cheap cuts, chipotle. Takes all day but it doesn't need you.
world_events.rpy	marcus_home_game	expression	narrator	The volume is low. He explains the score without being asked.
world_events.rpy	marcus_home_game	expression	narrator	Ask about the team.
world_events.rpy	marcus_home_game	expression	Marcus	Same three problems, different season. They fixed the rebounding and broke the shooting.
world_events.rpy	marcus_home_game	expression	narrator	Just watch.
world_events.rpy	marcus_home_game	expression	narrator	You don't say much. That's fine.
world_events.rpy	wevent_marcus_first_shift_checkin	expression	Marcus	You're back.
world_events.rpy	wevent_marcus_first_shift_checkin	expression	narrator	Not a question.
world_events.rpy	wevent_marcus_first_shift_checkin	expression	narrator	\"Barely.\"
world_events.rpy	wevent_marcus_first_shift_checkin	expression	Marcus	That part doesn't change.
world_events.rpy	wevent_marcus_first_shift_checkin	expression	narrator	\"I could get used to it.\"
world_events.rpy	wevent_marcus_first_shift_checkin	expression	Marcus	Good.
world_events.rpy	wevent_marcus_low_energy_comment	expression	Marcus	You know your apartment has a bed, right?
world_events.rpy	wevent_marcus_low_energy_comment	expression	[mc_name]	I've seen it.
world_events.rpy	wevent_marcus_low_energy_comment	expression	Marcus	Try using it before it becomes decorative.
world_events.rpy	wevent_marcus_low_energy_comment	expression	[mc_name]	I'm fine.
world_events.rpy	wevent_marcus_low_energy_comment	expression	Marcus	That sentence usually means the opposite.
world_events.rpy	wevent_marcus_first_steps_followup	expression	Marcus	Looks like you found your feet.
world_events.rpy	wevent_marcus_first_steps_followup	expression	[mc_name]	Mostly.
world_events.rpy	wevent_marcus_first_steps_followup	expression	Marcus	Mostly is how everyone walks around here.
world_events.rpy	wevent_marcus_first_steps_followup	expression	[mc_name]	You make this city sound reassuring.
world_events.rpy	wevent_marcus_first_steps_followup	expression	Marcus	That wasn't the goal.
world_events.rpy	wevent_marcus_new_car_comment	expression	Marcus	That yours?
world_events.rpy	wevent_marcus_new_car_comment	expression	[mc_name]	Depends. Do you approve?
world_events.rpy	wevent_marcus_new_car_comment	expression	Marcus	It starts?
world_events.rpy	wevent_marcus_new_car_comment	expression	[mc_name]	Usually.
world_events.rpy	wevent_marcus_new_car_comment	expression	Marcus	Then it's already doing better than half the cars on this street.
world_events.rpy	wevent_gym_sam_last_rep	gymdaypeople	Sam	One more.
world_events.rpy	wevent_gym_sam_last_rep	gymdaypeople	[mc_name]	That was the last one.
world_events.rpy	wevent_gym_sam_last_rep	gymdaypeople	Sam	That was the last one you planned.
world_events.rpy	wevent_gym_sam_last_rep	gymdaypeople	[mc_name]	Important distinction.
world_events.rpy	wevent_gym_sam_last_rep	gymdaypeople	Sam	Usually is.
world_events.rpy	wevent_gym_sam_last_rep	gymdaypeople	narrator	Do one more.
world_events.rpy	wevent_gym_sam_last_rep	gymdaypeople	narrator	You reset your grip.
world_events.rpy	wevent_gym_sam_last_rep	gymdaypeople	Sam	Clean rep. Don't rush it.
world_events.rpy	wevent_gym_sam_last_rep	gymdaypeople	narrator	Stop with good form.
world_events.rpy	wevent_gym_sam_last_rep	gymdaypeople	[mc_name]	I'm stopping before the form goes.
world_events.rpy	wevent_gym_sam_last_rep	gymdaypeople	Sam	Good.
world_events.rpy	wevent_gym_sam_last_rep	gymdaypeople	Sam	Knowing when to stop counts too.
world_events.rpy	wevent_gym_sam_bad_advice	gymdaypeople	narrator	A man near the mirrors gives an increasingly complicated explanation of how to avoid warming up.
world_events.rpy	wevent_gym_sam_bad_advice	gymdaypeople	[mc_name]	Is any of that true?
world_events.rpy	wevent_gym_sam_bad_advice	gymdaypeople	Sam	Some of the words are real.
world_events.rpy	wevent_gym_sam_bad_advice	gymdaypeople	[mc_name]	Should we say something?
world_events.rpy	wevent_gym_sam_bad_advice	gymdaypeople	Sam	He'll discover stretching tomorrow.
world_events.rpy	wevent_gym_sam_water_break	gymdaypeople	Sam	Water.
world_events.rpy	wevent_gym_sam_water_break	gymdaypeople	[mc_name]	I'm fine.
world_events.rpy	wevent_gym_sam_water_break	gymdaypeople	Sam	That wasn't a question.
world_events.rpy	wevent_gym_sam_water_break	gymdaypeople	[mc_name]	You always this encouraging?
world_events.rpy	wevent_gym_sam_water_break	gymdaypeople	Sam	Only when people start negotiating with dehydration.
world_events.rpy	wevent_zoe_sketching_stranger	expression	Zoe	Don't turn around.
world_events.rpy	wevent_zoe_sketching_stranger	expression	[mc_name]	That's usually when people turn around.
world_events.rpy	wevent_zoe_sketching_stranger	expression	Zoe	I'm drawing the man behind you.
world_events.rpy	wevent_zoe_sketching_stranger	expression	[mc_name]	Why?
world_events.rpy	wevent_zoe_sketching_stranger	expression	Zoe	He has been pretending to read the same page for ten minutes.
world_events.rpy	wevent_zoe_sketching_stranger	expression	[mc_name]	Maybe it's a difficult page.
world_events.rpy	wevent_zoe_sketching_stranger	expression	Zoe	It's the drinks menu.
world_events.rpy	wevent_zoe_wrong_colour	expression	Zoe	That wall is the wrong colour.
world_events.rpy	wevent_zoe_wrong_colour	expression	[mc_name]	It's grey.
world_events.rpy	wevent_zoe_wrong_colour	expression	Zoe	Exactly.
world_events.rpy	wevent_zoe_wrong_colour	expression	[mc_name]	What should it be?
world_events.rpy	wevent_zoe_wrong_colour	expression	Zoe	Still grey.
world_events.rpy	wevent_zoe_wrong_colour	expression	[mc_name]	Helpful.
world_events.rpy	wevent_zoe_wrong_colour	expression	Zoe	A different grey.
world_events.rpy	wevent_zoe_lost_pencil	expression	Zoe	Have you seen a pencil?
world_events.rpy	wevent_zoe_lost_pencil	expression	[mc_name]	What kind?
world_events.rpy	wevent_zoe_lost_pencil	expression	Zoe	The kind that was here.
world_events.rpy	wevent_zoe_lost_pencil	expression	[mc_name]	Very specific.
world_events.rpy	wevent_zoe_lost_pencil	expression	narrator	You point toward the pencil tucked behind her ear.
world_events.rpy	wevent_zoe_lost_pencil	expression	Zoe	I was checking whether you were paying attention.
world_events.rpy	wevent_zoe_lost_pencil	expression	[mc_name]	Of course.
world_events.rpy	wevent_zoe_lost_pencil	expression	Zoe	You weren't.
world_events.rpy	wevent_marcus_hallway_tex_laundry	expression	narrator	Marcus steps into the hallway carrying a laundry basket.
world_events.rpy	wevent_marcus_hallway_tex_laundry	expression	Marcus	Machine on the left eats coins.
world_events.rpy	wevent_marcus_hallway_tex_laundry	expression	[mc_name]	The other one?
world_events.rpy	wevent_marcus_hallway_tex_laundry	expression	Marcus	Eats socks.
world_events.rpy	wevent_marcus_hallway_tex_laundry	expression	[mc_name]	Good building.
world_events.rpy	wevent_marcus_hallway_tex_laundry	expression	Marcus	Strong character.
world_events.rpy	wevent_marcus_hallway_tex_wrong_mail	expression	Marcus	You get anything addressed to apartment sixteen?
world_events.rpy	wevent_marcus_hallway_tex_wrong_mail	expression	[mc_name]	There is no apartment sixteen.
world_events.rpy	wevent_marcus_hallway_tex_wrong_mail	expression	Marcus	That explains the delivery rate.
world_events.rpy	wevent_marcus_hallway_tex_wrong_mail	expression	narrator	He checks the envelope again.
world_events.rpy	wevent_marcus_hallway_tex_wrong_mail	expression	Marcus	Still not mine.
world_events.rpy	wevent_marcus_hallway_tex_takeout	expression	narrator	Marcus balances a paper bag against his hip while unlocking his door.
world_events.rpy	wevent_marcus_hallway_tex_takeout	expression	[mc_name]	Dinner?
world_events.rpy	wevent_marcus_hallway_tex_takeout	expression	Marcus	Technically.
world_events.rpy	wevent_marcus_hallway_tex_takeout	expression	[mc_name]	What makes it technical?
world_events.rpy	wevent_marcus_hallway_tex_takeout	expression	Marcus	The restaurant included a fork.
world_events.rpy	wevent_zoe_park_tex_cloud	expression	Zoe	That cloud looks artificial.
world_events.rpy	wevent_zoe_park_tex_cloud	expression	[mc_name]	Artificial?
world_events.rpy	wevent_zoe_park_tex_cloud	expression	Zoe	Too symmetrical.
world_events.rpy	wevent_zoe_park_tex_cloud	expression	[mc_name]	Should we report it?
world_events.rpy	wevent_zoe_park_tex_cloud	expression	Zoe	I already drew evidence.
world_events.rpy	wevent_zoe_park_tex_bench	expression	Zoe	Someone moved this bench.
world_events.rpy	wevent_zoe_park_tex_bench	expression	[mc_name]	How can you tell?
world_events.rpy	wevent_zoe_park_tex_bench	expression	Zoe	The view is worse.
world_events.rpy	wevent_zoe_park_tex_bench	expression	[mc_name]	Maybe the view moved.
world_events.rpy	wevent_zoe_park_tex_bench	expression	Zoe	That would be more interesting.
world_events.rpy	wevent_zoe_park_tex_page	expression	narrator	The wind catches one page of Zoe's sketchbook.
world_events.rpy	wevent_zoe_park_tex_page	expression	narrator	You stop it with your foot before it crosses the path.
world_events.rpy	wevent_zoe_park_tex_page	expression	Zoe	Thanks.
world_events.rpy	wevent_zoe_park_tex_page	expression	[mc_name]	Do I get to see it?
world_events.rpy	wevent_zoe_park_tex_page	expression	Zoe	That wasn't part of the rescue agreement.
world_events.rpy	wevent_nora_cafe_tex_name	expression	Nora	They spelled your name wrong.
world_events.rpy	wevent_nora_cafe_tex_name	expression	[mc_name]	It's four letters.
world_events.rpy	wevent_nora_cafe_tex_name	expression	Nora	That probably made them confident.
world_events.rpy	wevent_nora_cafe_tex_pastry	expression	narrator	Nora looks at the last pastry in the display.
world_events.rpy	wevent_nora_cafe_tex_pastry	expression	[mc_name]	Are you going to take it?
world_events.rpy	wevent_nora_cafe_tex_pastry	expression	Nora	I'm waiting to see whether you're polite.
world_events.rpy	wevent_nora_cafe_tex_pastry	expression	[mc_name]	And if I am?
world_events.rpy	wevent_nora_cafe_tex_pastry	expression	Nora	Then I take it.
world_events.rpy	wevent_nora_cafe_tex_table	expression	Nora	That table has been reserved for twenty minutes.
world_events.rpy	wevent_nora_cafe_tex_table	expression	[mc_name]	Nobody's there.
world_events.rpy	wevent_nora_cafe_tex_table	expression	Nora	Exactly.
world_events.rpy	wevent_nora_cafe_tex_table	expression	[mc_name]	Reserved by who?
world_events.rpy	wevent_nora_cafe_tex_table	expression	Nora	A laptop charger.
world_events.rpy	wevent_static_tex_wrong_drink	bar	narrator	A drink remains on the counter long after its name is called.
world_events.rpy	wevent_static_tex_wrong_drink	bar	narrator	Someone at the far end of the bar raises a hand.
world_events.rpy	wevent_static_tex_wrong_drink	bar	narrator	Patron
world_events.rpy	wevent_static_tex_wrong_drink	bar	narrator	Bartender
world_events.rpy	wevent_static_tex_card_reader	bar	narrator	The card reader displays a tip screen and refuses to move on.
world_events.rpy	wevent_static_tex_card_reader	bar	narrator	Patron
world_events.rpy	wevent_static_tex_card_reader	bar	narrator	Bartender
world_events.rpy	wevent_static_tex_card_reader	bar	narrator	The screen finally resets.
world_events.rpy	wevent_static_tex_same_song	bar	narrator	The same song begins for the third time tonight.
world_events.rpy	wevent_static_tex_same_song	bar	narrator	Patron
world_events.rpy	wevent_static_tex_same_song	bar	narrator	A voice near the jukebox answers without looking over.
world_events.rpy	wevent_static_tex_same_song	bar	narrator	Patron
world_events.rpy	wevent_static_tex_same_song	bar	narrator	It does not.
world_events.rpy	wevent_static_tex_reserved_stool	bar	narrator	An empty stool has a jacket hanging over it.
world_events.rpy	wevent_static_tex_reserved_stool	bar	narrator	Nobody returns for several minutes.
world_events.rpy	wevent_static_tex_reserved_stool	bar	narrator	Patron
world_events.rpy	wevent_static_tex_reserved_stool	bar	narrator	Bartender
world_events.rpy	wevent_mall_tex_stopped_escalator	expression	narrator	The escalator stops halfway between floors.
world_events.rpy	wevent_mall_tex_stopped_escalator	expression	narrator	Everyone standing on it pauses.
world_events.rpy	wevent_mall_tex_stopped_escalator	expression	narrator	Then, reluctantly, they begin using it as stairs.
world_events.rpy	wevent_mall_tex_lost_item	expression	narrator	Announcement
world_events.rpy	wevent_mall_tex_lost_item	expression	narrator	A second announcement follows immediately.
world_events.rpy	wevent_mall_tex_lost_item	expression	narrator	Announcement
world_events.rpy	wevent_mall_tex_sample_queue	expression	narrator	A small queue forms around a tray of free samples.
world_events.rpy	wevent_mall_tex_sample_queue	expression	narrator	The person handing them out begins cutting each piece in half.
world_events.rpy	wevent_mall_tex_sample_queue	expression	narrator	The queue continues growing.
world_events.rpy	wevent_mall_tex_wrong_store	expression	narrator	Customer
world_events.rpy	wevent_mall_tex_wrong_store	expression	narrator	Employee
world_events.rpy	wevent_mall_tex_wrong_store	expression	narrator	Customer
world_events.rpy	wevent_mall_tex_wrong_store	expression	narrator	Employee
world_events.rpy	wevent_beach_tex_gull_food	expression	narrator	A gull lands beside an unattended paper tray.
world_events.rpy	wevent_beach_tex_gull_food	expression	narrator	The owner notices one second too late.
world_events.rpy	wevent_beach_tex_gull_food	expression	narrator	Beachgoer
world_events.rpy	wevent_beach_tex_gull_food	expression	narrator	The gull leaves with no visible remorse.
world_events.rpy	wevent_beach_tex_wind_towel	expression	narrator	A gust lifts one corner of a beach towel.
world_events.rpy	wevent_beach_tex_wind_towel	expression	narrator	Then the rest of it.
world_events.rpy	wevent_beach_tex_wind_towel	expression	narrator	Two people chase it toward the boardwalk.
world_events.rpy	wevent_beach_tex_cold_water	expression	narrator	A person runs into the water.
world_events.rpy	wevent_beach_tex_cold_water	expression	narrator	They stop after three steps.
world_events.rpy	wevent_beach_tex_cold_water	expression	narrator	Beachgoer
world_events.rpy	wevent_beach_tex_cold_water	expression	narrator	Nobody follows.
world_events.rpy	wevent_beach_tex_sand_shoes	expression	narrator	Someone empties sand from one shoe.
world_events.rpy	wevent_beach_tex_sand_shoes	expression	narrator	Then from the other.
world_events.rpy	wevent_beach_tex_sand_shoes	expression	narrator	They put both shoes back on and immediately stop walking.
world_events.rpy	wevent_crossover_marcus_nora_coffee	expression	narrator	Marcus studies the menu above the counter.
world_events.rpy	wevent_crossover_marcus_nora_coffee	expression	Marcus	When did coffee start needing this many adjectives?
world_events.rpy	wevent_crossover_marcus_nora_coffee	expression	Nora	Around the same time customers started asking for personality.
world_events.rpy	wevent_crossover_marcus_nora_coffee	expression	Marcus	Can I get one without either?
world_events.rpy	wevent_crossover_marcus_nora_coffee	expression	Nora	Black coffee.
world_events.rpy	wevent_crossover_marcus_nora_coffee	expression	Marcus	Perfect.
world_events.rpy	wevent_crossover_marcus_nora_coffee	expression	Nora	You say that now.
world_events.rpy	wevent_crossover_marcus_nora_coffee	expression	[mc_name]	Do you two know each other?
world_events.rpy	wevent_crossover_marcus_nora_coffee	expression	Nora	He asks that every time.
world_events.rpy	wevent_crossover_marcus_nora_coffee	expression	Marcus	And she never answers.
world_events.rpy	wevent_crossover_sam_zoe_park	expression	narrator	Zoe watches Sam repeat the same movement near the court.
world_events.rpy	wevent_crossover_sam_zoe_park	expression	Zoe	Do that again.
world_events.rpy	wevent_crossover_sam_zoe_park	expression	Sam	The shot?
world_events.rpy	wevent_crossover_sam_zoe_park	expression	Zoe	The part before it.
world_events.rpy	wevent_crossover_sam_zoe_park	expression	Sam	That narrows it down.
world_events.rpy	wevent_crossover_sam_zoe_park	expression	narrator	Sam repeats the motion more slowly.
world_events.rpy	wevent_crossover_sam_zoe_park	expression	Zoe	Better.
world_events.rpy	wevent_crossover_sam_zoe_park	expression	Sam	For the drawing?
world_events.rpy	wevent_crossover_sam_zoe_park	expression	Zoe	For your balance.
world_events.rpy	wevent_crossover_sam_zoe_park	expression	Sam	You could have led with that.
world_events.rpy	wevent_crossover_sam_zoe_park	expression	Zoe	Then you would have changed it.
world_events.rpy	wevent_crossover_martha_caroline_static	bar	narrator	Martha and Caroline stand near the quieter end of the bar.
world_events.rpy	wevent_crossover_martha_caroline_static	bar	Caroline	You changed the order of the presentation.
world_events.rpy	wevent_crossover_martha_caroline_static	bar	Martha	I improved the order of the presentation.
world_events.rpy	wevent_crossover_martha_caroline_static	bar	Caroline	Without mentioning it.
world_events.rpy	wevent_crossover_martha_caroline_static	bar	Martha	You noticed.
world_events.rpy	wevent_crossover_martha_caroline_static	bar	Caroline	That isn't the point.
world_events.rpy	wevent_crossover_martha_caroline_static	bar	Martha	It usually is.
world_events.rpy	wevent_crossover_martha_caroline_static	bar	narrator	Both of them look toward MC.
world_events.rpy	wevent_crossover_martha_caroline_static	bar	[mc_name]	Should I come back later?
world_events.rpy	wevent_crossover_martha_caroline_static	bar	Caroline	Probably.
world_events.rpy	wevent_crossover_martha_caroline_static	bar	Martha	You're already here.
world_events.rpy	wevent_cross_mn_order_again	expression	Nora	Black coffee.
world_events.rpy	wevent_cross_mn_order_again	expression	Marcus	I didn't say anything yet.
world_events.rpy	wevent_cross_mn_order_again	expression	Nora	You were going to.
world_events.rpy	wevent_cross_mn_order_again	expression	Marcus	I was building to it.
world_events.rpy	wevent_cross_mn_order_again	expression	Nora	The journey doesn't change the destination.
world_events.rpy	wevent_cross_mn_wrong_name	expression	Nora	Marco?
world_events.rpy	wevent_cross_mn_wrong_name	expression	Marcus	Close.
world_events.rpy	wevent_cross_mn_wrong_name	expression	Nora	It's on the cup.
world_events.rpy	wevent_cross_mn_wrong_name	expression	Marcus	In your handwriting.
world_events.rpy	wevent_cross_mn_wrong_name	expression	Nora	Which makes you Marco.
world_events.rpy	wevent_cross_mn_recommendation	expression	Marcus	What's good today?
world_events.rpy	wevent_cross_mn_recommendation	expression	Nora	Everything.
world_events.rpy	wevent_cross_mn_recommendation	expression	Marcus	What's better than usual?
world_events.rpy	wevent_cross_mn_recommendation	expression	Nora	That would require a baseline.
world_events.rpy	wevent_cross_mn_recommendation	expression	Marcus	I come here every week.
world_events.rpy	wevent_cross_mn_recommendation	expression	Nora	And your opinion so far?
world_events.rpy	wevent_cross_mn_recommendation	expression	Marcus	I'm still forming it.
world_events.rpy	wevent_cross_sz_shadow	expression	narrator	Zoe is looking at the ground rather than her sketchbook.
world_events.rpy	wevent_cross_sz_shadow	expression	Sam	Are you drawing shadows?
world_events.rpy	wevent_cross_sz_shadow	expression	Zoe	I'm drawing what the light avoids.
world_events.rpy	wevent_cross_sz_shadow	expression	Sam	That's the same thing.
world_events.rpy	wevent_cross_sz_shadow	expression	Zoe	It isn't.
world_events.rpy	wevent_cross_sz_shadow	expression	narrator	Sam considers this.
world_events.rpy	wevent_cross_sz_shadow	expression	Sam	Show me the difference.
world_events.rpy	wevent_cross_sz_pace	expression	Sam	I'm running a different loop today.
world_events.rpy	wevent_cross_sz_pace	expression	Zoe	I know.
world_events.rpy	wevent_cross_sz_pace	expression	Sam	You've been here forty minutes.
world_events.rpy	wevent_cross_sz_pace	expression	Zoe	You changed your pace near the third bench.
world_events.rpy	wevent_cross_sz_pace	expression	Sam	Did it look worse?
world_events.rpy	wevent_cross_sz_pace	expression	Zoe	It looked like something.
world_events.rpy	wevent_cross_sz_stop	expression	narrator	Sam stops beside the bench where Zoe is sitting.
world_events.rpy	wevent_cross_sz_stop	expression	Sam	You're always here.
world_events.rpy	wevent_cross_sz_stop	expression	Zoe	So are you.
world_events.rpy	wevent_cross_sz_stop	expression	Sam	I'm moving.
world_events.rpy	wevent_cross_sz_stop	expression	Zoe	I'm working.
world_events.rpy	wevent_cross_sz_stop	expression	Sam	Is watching people work?
world_events.rpy	wevent_cross_sz_stop	expression	Zoe	Watching people is the work.
world_events.rpy	wevent_cross_mc_deadline	bar	Caroline	The deadline moved.
world_events.rpy	wevent_cross_mc_deadline	bar	Martha	By how much?
world_events.rpy	wevent_cross_mc_deadline	bar	Caroline	Three days earlier.
world_events.rpy	wevent_cross_mc_deadline	bar	Martha	That was a delivery date, not a deadline.
world_events.rpy	wevent_cross_mc_deadline	bar	Caroline	The client stopped seeing the distinction.
world_events.rpy	wevent_cross_mc_deadline	bar	Martha	Then we should help them see it.
world_events.rpy	wevent_cross_mc_deadline	bar	Caroline	That ship has sailed.
world_events.rpy	wevent_cross_mc_deadline	bar	Martha	Find it.
world_events.rpy	wevent_cross_mc_credit	bar	Martha	You attributed the forecast model to Hendricks.
world_events.rpy	wevent_cross_mc_credit	bar	Caroline	He ran the model.
world_events.rpy	wevent_cross_mc_credit	bar	Martha	You built it.
world_events.rpy	wevent_cross_mc_credit	bar	Caroline	There's a difference?
world_events.rpy	wevent_cross_mc_credit	bar	Martha	There's a large difference.
world_events.rpy	wevent_cross_mc_credit	bar	Caroline	I'll note it next time.
world_events.rpy	wevent_cross_mc_credit	bar	narrator	Martha does not look satisfied with that answer.
world_events.rpy	wevent_cross_mc_seat	bar	narrator	Caroline is already at the bar when Martha arrives.
world_events.rpy	wevent_cross_mc_seat	bar	Martha	You're in my seat.
world_events.rpy	wevent_cross_mc_seat	bar	Caroline	There are no assigned seats.
world_events.rpy	wevent_cross_mc_seat	bar	Martha	There are preferred ones.
world_events.rpy	wevent_cross_mc_seat	bar	Caroline	I prefer this one.
world_events.rpy	wevent_cross_mc_seat	bar	narrator	Martha sits one stool over without comment.
world_events.rpy	wevent_cross_mc_seat	bar	narrator	This is also, apparently, fine.
world_events.rpy	wevent_eleven_pub_waiting_table	kitchen	narrator	A server checks the same empty table for the third time.
world_events.rpy	wevent_eleven_pub_waiting_table	kitchen	narrator	Server
world_events.rpy	wevent_eleven_pub_waiting_table	kitchen	narrator	Host
world_events.rpy	wevent_eleven_pub_waiting_table	kitchen	narrator	Server
world_events.rpy	wevent_eleven_pub_dropped_fork	kitchen	narrator	A fork hits the floor near the centre of the dining room.
world_events.rpy	wevent_eleven_pub_dropped_fork	kitchen	narrator	Several people glance toward the sound.
world_events.rpy	wevent_eleven_pub_dropped_fork	kitchen	narrator	The person who dropped it continues eating as though nothing happened.
world_events.rpy	wevent_eleven_pub_dessert_question	kitchen	narrator	Guest
world_events.rpy	wevent_eleven_pub_dessert_question	kitchen	narrator	Server
world_events.rpy	wevent_eleven_pub_dessert_question	kitchen	narrator	Guest
world_events.rpy	wevent_eleven_pub_dessert_question	kitchen	narrator	Server
world_events.rpy	wevent_nexus_pub_badge_retry	goodoffice1	narrator	Someone taps their access badge against the reader.
world_events.rpy	wevent_nexus_pub_badge_retry	goodoffice1	narrator	The light turns red.
world_events.rpy	wevent_nexus_pub_badge_retry	goodoffice1	narrator	They try the same movement again, more slowly.
world_events.rpy	wevent_nexus_pub_badge_retry	goodoffice1	narrator	The light remains unconvinced.
world_events.rpy	wevent_nexus_pub_elevator_hold	goodoffice1	narrator	Employee
world_events.rpy	wevent_nexus_pub_elevator_hold	goodoffice1	narrator	The elevator doors begin closing.
world_events.rpy	wevent_nexus_pub_elevator_hold	goodoffice1	narrator	Someone inside presses a button.
world_events.rpy	wevent_nexus_pub_elevator_hold	goodoffice1	narrator	The doors close faster.
world_events.rpy	wevent_nexus_pub_elevator_hold	goodoffice1	narrator	Employee
world_events.rpy	wevent_nexus_pub_courier_floor	goodoffice1	narrator	Courier
world_events.rpy	wevent_nexus_pub_courier_floor	goodoffice1	narrator	Receptionist
world_events.rpy	wevent_nexus_pub_courier_floor	goodoffice1	narrator	Courier
world_events.rpy	wevent_nexus_pub_courier_floor	goodoffice1	narrator	Receptionist
world_events.rpy	wevent_nexus_pub_courier_floor	goodoffice1	narrator	Courier
world_events.rpy	wevent_hospital_pub_queue_number	expression	narrator	The display changes from forty-one to forty-three.
world_events.rpy	wevent_hospital_pub_queue_number	expression	narrator	A person holding ticket forty-two looks up.
world_events.rpy	wevent_hospital_pub_queue_number	expression	narrator	Visitor
world_events.rpy	wevent_hospital_pub_queue_number	expression	narrator	Receptionist
world_events.rpy	wevent_hospital_pub_queue_number	expression	narrator	Visitor
world_events.rpy	wevent_hospital_pub_queue_number	expression	narrator	Receptionist
world_events.rpy	wevent_hospital_pub_wrong_floor	expression	narrator	Visitor
world_events.rpy	wevent_hospital_pub_wrong_floor	expression	narrator	Staff
world_events.rpy	wevent_hospital_pub_wrong_floor	expression	narrator	Visitor
world_events.rpy	wevent_hospital_pub_wrong_floor	expression	narrator	Staff
world_events.rpy	wevent_hospital_pub_wrong_floor	expression	narrator	Visitor
world_events.rpy	wevent_hospital_pub_wrong_floor	expression	narrator	Staff
world_events.rpy	wevent_hospital_pub_vending_machine	expression	narrator	A packet stops halfway down the vending machine.
world_events.rpy	wevent_hospital_pub_vending_machine	expression	narrator	The buyer presses the selection button again.
world_events.rpy	wevent_hospital_pub_vending_machine	expression	narrator	A second packet joins the first.
world_events.rpy	wevent_hospital_pub_vending_machine	expression	narrator	Visitor
world_events.rpy	wevent_library_pub_reserved_seat	expression	narrator	An empty chair has a notebook resting on it.
world_events.rpy	wevent_library_pub_reserved_seat	expression	narrator	Nobody returns for several minutes.
world_events.rpy	wevent_library_pub_reserved_seat	expression	narrator	Visitor
world_events.rpy	wevent_library_pub_reserved_seat	expression	narrator	Student
world_events.rpy	wevent_library_pub_printer_paper	expression	narrator	The printer stops after producing one page.
world_events.rpy	wevent_library_pub_printer_paper	expression	narrator	Student
world_events.rpy	wevent_library_pub_printer_paper	expression	narrator	Librarian
world_events.rpy	wevent_library_pub_printer_paper	expression	narrator	Student
world_events.rpy	wevent_library_pub_printer_paper	expression	narrator	Librarian
world_events.rpy	wevent_library_pub_return_cart	expression	narrator	A book cart squeaks with every turn of its front wheel.
world_events.rpy	wevent_library_pub_return_cart	expression	narrator	The librarian pushes it more slowly.
world_events.rpy	wevent_library_pub_return_cart	expression	narrator	The squeak becomes longer.
world_events.rpy	wevent_college_pub_room_change	college_day	narrator	A paper sign has been taped over the room number.
world_events.rpy	wevent_college_pub_room_change	college_day	narrator	Student
world_events.rpy	wevent_college_pub_room_change	college_day	narrator	Student
world_events.rpy	wevent_college_pub_room_change	college_day	narrator	The bottom half of the sign is missing.
world_events.rpy	wevent_college_pub_group_project	college_day	narrator	Student
world_events.rpy	wevent_college_pub_group_project	college_day	narrator	Student
world_events.rpy	wevent_college_pub_group_project	college_day	narrator	Student
world_events.rpy	wevent_college_pub_group_project	college_day	narrator	Student
world_events.rpy	wevent_college_pub_group_project	college_day	narrator	Student
world_events.rpy	wevent_college_pub_vending_choice	college_day	narrator	Someone studies the vending machine for several minutes.
world_events.rpy	wevent_college_pub_vending_choice	college_day	narrator	Student
world_events.rpy	wevent_college_pub_vending_choice	college_day	narrator	Student
world_events.rpy	wevent_college_pub_vending_choice	college_day	narrator	Student
world_events.rpy	wevent_downtown_pub_crosswalk	expression	narrator	The crossing signal begins counting down from five.
world_events.rpy	wevent_downtown_pub_crosswalk	expression	narrator	Someone at the curb considers running.
world_events.rpy	wevent_downtown_pub_crosswalk	expression	narrator	They take one step forward.
world_events.rpy	wevent_downtown_pub_crosswalk	expression	narrator	The signal reaches zero.
world_events.rpy	wevent_downtown_pub_crosswalk	expression	narrator	They step back.
world_events.rpy	wevent_downtown_pub_delivery	expression	narrator	A delivery cart blocks half of a doorway.
world_events.rpy	wevent_downtown_pub_delivery	expression	narrator	Courier
world_events.rpy	wevent_downtown_pub_delivery	expression	narrator	Employee
world_events.rpy	wevent_downtown_pub_delivery	expression	narrator	Courier
world_events.rpy	wevent_downtown_pub_parking_meter	expression	narrator	A driver presses the parking meter button repeatedly.
world_events.rpy	wevent_downtown_pub_parking_meter	expression	narrator	The screen remains blank.
world_events.rpy	wevent_downtown_pub_parking_meter	expression	narrator	Driver
world_events.rpy	wevent_downtown_pub_parking_meter	expression	narrator	Passerby
world_events.rpy	wevent_downtown_pub_parking_meter	expression	narrator	Driver
world_events.rpy	wevent_garage_pub_hood_latch	cardealer_day	narrator	A mechanic lifts the hood on a car parked near the entrance.
world_events.rpy	wevent_garage_pub_hood_latch	cardealer_day	narrator	It does not latch the first time.
world_events.rpy	wevent_garage_pub_hood_latch	cardealer_day	narrator	Mechanic
world_events.rpy	wevent_garage_pub_hood_latch	cardealer_day	narrator	The second attempt catches.
world_events.rpy	wevent_garage_pub_hood_latch	cardealer_day	narrator	Mechanic
world_events.rpy	wevent_garage_pub_tire_pressure	cardealer_day	narrator	Customer
world_events.rpy	wevent_garage_pub_tire_pressure	cardealer_day	narrator	Mechanic
world_events.rpy	wevent_garage_pub_tire_pressure	cardealer_day	narrator	Customer
world_events.rpy	wevent_garage_pub_tire_pressure	cardealer_day	narrator	Mechanic
world_events.rpy	wevent_garage_pub_tire_pressure	cardealer_day	narrator	Customer
world_events.rpy	wevent_garage_pub_waiting_chair	cardealer_day	narrator	Three chairs against the wall.
world_events.rpy	wevent_garage_pub_waiting_chair	cardealer_day	narrator	Two people sitting in the ones on the ends.
world_events.rpy	wevent_garage_pub_waiting_chair	cardealer_day	narrator	The chair in the middle stays empty.
world_events.rpy	wevent_garage_pub_waiting_chair	cardealer_day	narrator	Nobody says anything about it.
world_events.rpy	wevent_marcus_park_invite_scene	expression	narrator	Marcus is leaning against the fence near the court.
world_events.rpy	wevent_marcus_park_invite_scene	expression	Marcus	You actually came.
world_events.rpy	wevent_marcus_park_invite_scene	expression	[mc_name]	You invited me.
world_events.rpy	wevent_marcus_park_invite_scene	expression	Marcus	People say things.
world_events.rpy	wevent_marcus_park_invite_scene	expression	[mc_name]	Good system.
world_events.rpy	wevent_marcus_park_invite_scene	expression	Marcus	Works most of the time.
world_events.rpy	wevent_marcus_park_invite_scene	expression	narrator	He rolls a basketball beneath one foot, then looks toward the open court.
world_events.rpy	wevent_marcus_park_invite_scene	expression	Marcus	You playing, or supervising?
world_events.rpy	wevent_marcus_park_invite_scene	expression	narrator	Play for a while.
world_events.rpy	wevent_marcus_park_invite_scene	expression	[mc_name]	I'll play.
world_events.rpy	wevent_marcus_park_invite_scene	expression	Marcus	That sounded dangerously confident.
world_events.rpy	wevent_marcus_park_invite_scene	expression	narrator	You spend a while trading easy shots and arguing about which ones count.
world_events.rpy	wevent_marcus_park_invite_scene	expression	narrator	Stay and talk.
world_events.rpy	wevent_marcus_park_invite_scene	expression	[mc_name]	I'm supervising.
world_events.rpy	wevent_marcus_park_invite_scene	expression	Marcus	Knew I hired the right person.
world_events.rpy	wevent_marcus_park_invite_scene	expression	narrator	You stay near the court and talk while Marcus takes occasional shots.
world_events.rpy	wevent_zoe_park_invite_scene	expression	narrator	Zoe is sitting near the path with her sketchbook open across her knees.
world_events.rpy	wevent_zoe_park_invite_scene	expression	Zoe	You came.
world_events.rpy	wevent_zoe_park_invite_scene	expression	[mc_name]	You asked for a second opinion.
world_events.rpy	wevent_zoe_park_invite_scene	expression	Zoe	I asked whether you were available.
world_events.rpy	wevent_zoe_park_invite_scene	expression	[mc_name]	That sounded like an invitation.
world_events.rpy	wevent_zoe_park_invite_scene	expression	Zoe	Apparently it worked.
world_events.rpy	wevent_zoe_park_invite_scene	expression	narrator	She turns the sketchbook enough for you to see two versions of the same scene.
world_events.rpy	wevent_zoe_park_invite_scene	expression	Zoe	Which one?
world_events.rpy	wevent_zoe_park_invite_scene	expression	narrator	The first one.
world_events.rpy	wevent_zoe_park_invite_scene	expression	[mc_name]	The first.
world_events.rpy	wevent_zoe_park_invite_scene	expression	Zoe	Why?
world_events.rpy	wevent_zoe_park_invite_scene	expression	[mc_name]	It feels less finished.
world_events.rpy	wevent_zoe_park_invite_scene	expression	Zoe	That was not the expected advantage.
world_events.rpy	wevent_zoe_park_invite_scene	expression	narrator	The second one.
world_events.rpy	wevent_zoe_park_invite_scene	expression	[mc_name]	The second.
world_events.rpy	wevent_zoe_park_invite_scene	expression	Zoe	Why?
world_events.rpy	wevent_zoe_park_invite_scene	expression	[mc_name]	You look less annoyed by it.
world_events.rpy	wevent_zoe_park_invite_scene	expression	Zoe	That might be a flaw.
world_events.rpy	wevent_zoe_park_invite_scene	expression	narrator	Neither yet.
world_events.rpy	wevent_zoe_park_invite_scene	expression	[mc_name]	Neither. Not yet.
world_events.rpy	wevent_zoe_park_invite_scene	expression	Zoe	That is irritatingly close to what I thought.
world_events.rpy	wevent_eli_library_invite_scene	expression	narrator	Eli is sitting at the end of a long table with two cables running toward the wall.
world_events.rpy	wevent_eli_library_invite_scene	expression	Eli	The second outlet still works.
world_events.rpy	wevent_eli_library_invite_scene	expression	[mc_name]	You sound surprised.
world_events.rpy	wevent_eli_library_invite_scene	expression	Eli	I allowed for changing conditions.
world_events.rpy	wevent_eli_library_invite_scene	expression	narrator	You sit across from her while she shifts a stack of books out of the way.
world_events.rpy	wevent_eli_library_invite_scene	expression	Eli	Are you actually working?
world_events.rpy	wevent_eli_library_invite_scene	expression	narrator	For a while.
world_events.rpy	wevent_eli_library_invite_scene	expression	[mc_name]	For a while.
world_events.rpy	wevent_eli_library_invite_scene	expression	Eli	Good. Quietly.
world_events.rpy	wevent_eli_library_invite_scene	expression	narrator	You work beside each other with only the occasional turn of a page or tap of a key.
world_events.rpy	wevent_eli_library_invite_scene	expression	narrator	After a short break.
world_events.rpy	wevent_eli_library_invite_scene	expression	[mc_name]	After a short break.
world_events.rpy	wevent_eli_library_invite_scene	expression	Eli	That is how long breaks become long breaks.
world_events.rpy	wevent_eli_library_invite_scene	expression	[mc_name]	You invited me.
world_events.rpy	wevent_eli_library_invite_scene	expression	Eli	I invited you to the table.
world_events.rpy	wevent_nora_grounds_invite_scene	expression	narrator	Nora sets a small cup on the counter in front of you.
world_events.rpy	wevent_nora_grounds_invite_scene	expression	Nora	Before you ask, it isn't on the menu.
world_events.rpy	wevent_nora_grounds_invite_scene	expression	[mc_name]	Comforting.
world_events.rpy	wevent_nora_grounds_invite_scene	expression	Nora	That depends on the answer.
world_events.rpy	wevent_nora_grounds_invite_scene	expression	narrator	You take a careful sip.
world_events.rpy	wevent_nora_grounds_invite_scene	expression	Nora	Well?
world_events.rpy	wevent_nora_grounds_invite_scene	expression	narrator	It's good.
world_events.rpy	wevent_nora_grounds_invite_scene	expression	[mc_name]	It's good.
world_events.rpy	wevent_nora_grounds_invite_scene	expression	Nora	Too quick. Try again.
world_events.rpy	wevent_nora_grounds_invite_scene	expression	[mc_name]	It is still good.
world_events.rpy	wevent_nora_grounds_invite_scene	expression	Nora	Better.
world_events.rpy	wevent_nora_grounds_invite_scene	expression	narrator	It needs something.
world_events.rpy	wevent_nora_grounds_invite_scene	expression	[mc_name]	It needs something.
world_events.rpy	wevent_nora_grounds_invite_scene	expression	Nora	Specific.
world_events.rpy	wevent_nora_grounds_invite_scene	expression	[mc_name]	You invited an unbiased opinion, not a useful one.
world_events.rpy	wevent_nora_grounds_invite_scene	expression	Nora	That was my mistake.
world_events.rpy	wevent_nora_grounds_invite_scene	expression	narrator	I don't know what it is.
world_events.rpy	wevent_nora_grounds_invite_scene	expression	[mc_name]	I don't know what it is.
world_events.rpy	wevent_nora_grounds_invite_scene	expression	Nora	That is technically information.
world_events.rpy	wevent_nora_grounds_invite_scene	expression	[mc_name]	Useful?
world_events.rpy	wevent_nora_grounds_invite_scene	expression	Nora	Not remotely.
world_events.rpy	wevent_nora_static_date_scene	bar	narrator	Nora is at the far end of the bar with a glass in front of her that isn't water.
world_events.rpy	wevent_nora_static_date_scene	bar	Nora	You came.
world_events.rpy	wevent_nora_static_date_scene	bar	[mc_name]	You asked.
world_events.rpy	wevent_nora_static_date_scene	bar	Nora	I noted that you were at the bar. You could have been anyone.
world_events.rpy	wevent_nora_static_date_scene	bar	[mc_name]	Anyone who comes when you text them.
world_events.rpy	wevent_nora_static_date_scene	bar	Nora	Apparently.
world_events.rpy	wevent_nora_static_date_scene	bar	narrator	She pushes a second glass across the bar without asking.
world_events.rpy	wevent_nora_static_date_scene	bar	narrator	What is it?
world_events.rpy	wevent_nora_static_date_scene	bar	[mc_name]	What is it?
world_events.rpy	wevent_nora_static_date_scene	bar	Nora	Something I've been thinking about.
world_events.rpy	wevent_nora_static_date_scene	bar	[mc_name]	The drink, not the occasion.
world_events.rpy	wevent_nora_static_date_scene	bar	Nora	Those are the same answer.
world_events.rpy	wevent_nora_static_date_scene	bar	narrator	Thank you.
world_events.rpy	wevent_nora_static_date_scene	bar	[mc_name]	Thank you.
world_events.rpy	wevent_nora_static_date_scene	bar	Nora	You haven't tasted it yet.
world_events.rpy	wevent_nora_static_date_scene	bar	[mc_name]	Pre-emptive.
world_events.rpy	wevent_nora_static_date_scene	bar	Nora	Optimistic.
world_events.rpy	wevent_nora_static_date_scene	bar	narrator	We're not calling this a date.
world_events.rpy	wevent_nora_static_date_scene	bar	[mc_name]	We're not calling this a date.
world_events.rpy	wevent_nora_static_date_scene	bar	Nora	That is an interesting thing to say unprompted.
world_events.rpy	wevent_nora_static_date_scene	bar	[mc_name]	I just wanted to be clear.
world_events.rpy	wevent_nora_static_date_scene	bar	Nora	Then we both know what it is.
world_events.rpy	wevent_zoe_beach_date_scene	expression	narrator	Zoe is at the edge of the sand with her shoes off and a sketchbook closed beside her.
world_events.rpy	wevent_zoe_beach_date_scene	expression	Zoe	You actually came.
world_events.rpy	wevent_zoe_beach_date_scene	expression	[mc_name]	You said I should be here.
world_events.rpy	wevent_zoe_beach_date_scene	expression	Zoe	I say a lot of things.
world_events.rpy	wevent_zoe_beach_date_scene	expression	[mc_name]	This one worked.
world_events.rpy	wevent_zoe_beach_date_scene	expression	narrator	She doesn't answer. The water is dark and the light is going.
world_events.rpy	wevent_zoe_beach_date_scene	expression	Zoe	Sit down.
world_events.rpy	wevent_zoe_beach_date_scene	expression	[mc_name]	Is that an invitation or an instruction?
world_events.rpy	wevent_zoe_beach_date_scene	expression	Zoe	Yes.
world_events.rpy	wevent_zoe_beach_date_scene	expression	narrator	You're not drawing.
world_events.rpy	wevent_zoe_beach_date_scene	expression	[mc_name]	You're not drawing.
world_events.rpy	wevent_zoe_beach_date_scene	expression	Zoe	Not right now.
world_events.rpy	wevent_zoe_beach_date_scene	expression	[mc_name]	What changed?
world_events.rpy	wevent_zoe_beach_date_scene	expression	Zoe	The view got more interesting.
world_events.rpy	wevent_zoe_beach_date_scene	expression	narrator	Nice out here.
world_events.rpy	wevent_zoe_beach_date_scene	expression	[mc_name]	It's nice out here.
world_events.rpy	wevent_zoe_beach_date_scene	expression	Zoe	I know.
world_events.rpy	wevent_zoe_beach_date_scene	expression	[mc_name]	You could have mentioned that in the text.
world_events.rpy	wevent_zoe_beach_date_scene	expression	Zoe	I did.
world_events.rpy	wevent_zoe_beach_date_scene	expression	narrator	What are we doing?
world_events.rpy	wevent_zoe_beach_date_scene	expression	[mc_name]	What are we doing?
world_events.rpy	wevent_zoe_beach_date_scene	expression	Zoe	Sitting. Watching the water.
world_events.rpy	wevent_zoe_beach_date_scene	expression	[mc_name]	That's it?
world_events.rpy	wevent_zoe_beach_date_scene	expression	Zoe	That's enough.
world_events.rpy	wevent_crossover_nora_elle_grounds	expression	narrator	Elle is already at the counter when Nora sets something down in front of her — without being asked.
world_events.rpy	wevent_crossover_nora_elle_grounds	expression	Nora	Oat, extra shot, no foam.
world_events.rpy	wevent_crossover_nora_elle_grounds	expression	Elle	I didn't order yet.
world_events.rpy	wevent_crossover_nora_elle_grounds	expression	Nora	I know.
world_events.rpy	wevent_crossover_nora_elle_grounds	expression	narrator	Elle looks at the cup.
world_events.rpy	wevent_crossover_nora_elle_grounds	expression	Elle	The place near the harbour did it differently.
world_events.rpy	wevent_crossover_nora_elle_grounds	expression	Nora	Better?
world_events.rpy	wevent_crossover_nora_elle_grounds	expression	Elle	Different.
world_events.rpy	wevent_crossover_nora_elle_grounds	expression	Nora	That's a diplomatic answer.
world_events.rpy	wevent_crossover_nora_elle_grounds	expression	Elle	It was a smaller cup.
world_events.rpy	wevent_crossover_nora_elle_grounds	expression	Nora	Was it the cup or the view?
world_events.rpy	wevent_crossover_nora_elle_grounds	expression	narrator	Elle pauses just long enough.
world_events.rpy	wevent_crossover_nora_elle_grounds	expression	Elle	The view.
world_events.rpy	wevent_crossover_nora_elle_grounds	expression	Nora	Thought so.
world_events.rpy	wevent_crossover_nora_elle_grounds	expression	[mc_name]	How long have you two—
world_events.rpy	wevent_crossover_nora_elle_grounds	expression	Elle	She remembers orders.
world_events.rpy	wevent_crossover_nora_elle_grounds	expression	Nora	She asks questions.
world_events.rpy	wevent_crossover_nora_elle_grounds	expression	narrator	They both seem to find this satisfactory.
world_events.rpy	wevent_crossover_lena_marcus_bar	bar	narrator	Lena is at the corner of the bar — the seat nearest the exit.
world_events.rpy	wevent_crossover_lena_marcus_bar	bar	narrator	Marcus sits down one stool over, closer to the centre.
world_events.rpy	wevent_crossover_lena_marcus_bar	bar	Marcus	The end one has a draft.
world_events.rpy	wevent_crossover_lena_marcus_bar	bar	Dr. Lena	I noticed.
world_events.rpy	wevent_crossover_lena_marcus_bar	bar	Marcus	And you took it anyway.
world_events.rpy	wevent_crossover_lena_marcus_bar	bar	Dr. Lena	Old habit.
world_events.rpy	wevent_crossover_lena_marcus_bar	bar	narrator	He slides his stool slightly, making room on the quieter side without explaining why.
world_events.rpy	wevent_crossover_lena_marcus_bar	bar	narrator	Lena looks at him.
world_events.rpy	wevent_crossover_lena_marcus_bar	bar	Dr. Lena	You didn't explain that.
world_events.rpy	wevent_crossover_lena_marcus_bar	bar	Marcus	You didn't ask.
world_events.rpy	wevent_crossover_lena_marcus_bar	bar	narrator	She moves to the better seat without comment.
world_events.rpy	wevent_crossover_lena_marcus_bar	bar	Dr. Lena	You're more observant than you let on.
world_events.rpy	wevent_crossover_lena_marcus_bar	bar	Marcus	Bar etiquette. Different thing.
world_events.rpy	wevent_crossover_lena_marcus_bar	bar	Dr. Lena	Is it?
world_events.rpy	wevent_crossover_lena_marcus_bar	bar	narrator	He orders without answering.
world_events.rpy	wevent_crossover_sam_kai_gym	gymdaypeople	narrator	Sam is checking her phone between sets. Kai walks over.
world_events.rpy	wevent_crossover_sam_kai_gym	gymdaypeople	Kai	You skipped the cool-down again.
world_events.rpy	wevent_crossover_sam_kai_gym	gymdaypeople	Sam	I had time for one more set.
world_events.rpy	wevent_crossover_sam_kai_gym	gymdaypeople	Kai	Recovery is in the plan. You wrote it.
world_events.rpy	wevent_crossover_sam_kai_gym	gymdaypeople	Sam	I wrote it for a reason.
world_events.rpy	wevent_crossover_sam_kai_gym	gymdaypeople	Kai	And then you scheduled it out.
world_events.rpy	wevent_crossover_sam_kai_gym	gymdaypeople	narrator	She looks up.
world_events.rpy	wevent_crossover_sam_kai_gym	gymdaypeople	Sam	I've seen your Saturday sessions. You add sets when you're feeling good.
world_events.rpy	wevent_crossover_sam_kai_gym	gymdaypeople	Kai	I'm adjusting to what's there. That's different.
world_events.rpy	wevent_crossover_sam_kai_gym	gymdaypeople	Sam	The programme also says ten minutes at the end.
world_events.rpy	wevent_crossover_sam_kai_gym	gymdaypeople	narrator	Sam puts the phone down.
world_events.rpy	wevent_crossover_sam_kai_gym	gymdaypeople	Sam	You don't actually rest between sets.
world_events.rpy	wevent_crossover_sam_kai_gym	gymdaypeople	Kai	I move differently between sets. That's rest.
world_events.rpy	wevent_crossover_sam_kai_gym	gymdaypeople	narrator	Neither of them asks MC.
world_events.rpy	wevent_crossover_caroline_marcus_thursday	bar	narrator	Marcus is already at the bar when Caroline arrives on Thursday.
world_events.rpy	wevent_crossover_caroline_marcus_thursday	bar	Marcus	You're consistent.
world_events.rpy	wevent_crossover_caroline_marcus_thursday	bar	Caroline	It's Thursday.
world_events.rpy	wevent_crossover_caroline_marcus_thursday	bar	Marcus	That explains it.
world_events.rpy	wevent_crossover_caroline_marcus_thursday	bar	narrator	She sits two stools away and waits for the bartender.
world_events.rpy	wevent_crossover_caroline_marcus_thursday	bar	Marcus	Quick HR question.
world_events.rpy	wevent_crossover_caroline_marcus_thursday	bar	Caroline	I'm off the clock.
world_events.rpy	wevent_crossover_caroline_marcus_thursday	bar	Marcus	I wasn't asking for professional advice.
world_events.rpy	wevent_crossover_caroline_marcus_thursday	bar	Caroline	What were you asking?
world_events.rpy	wevent_crossover_caroline_marcus_thursday	bar	Marcus	Whether it's legal to ban someone from the dartboard for being too good.
world_events.rpy	wevent_crossover_caroline_marcus_thursday	bar	narrator	She looks at the board. Then at him.
world_events.rpy	wevent_crossover_caroline_marcus_thursday	bar	Caroline	That's not HR. That's a house rule.
world_events.rpy	wevent_crossover_caroline_marcus_thursday	bar	Marcus	So yes, then.
world_events.rpy	wevent_crossover_caroline_marcus_thursday	bar	Caroline	I didn't say yes.
world_events.rpy	talk_followup_crossover_nora_elle_nora	bar	Nora	Your friend came in again.
world_events.rpy	talk_followup_crossover_nora_elle_nora	bar	[mc_name]	Which friend?
world_events.rpy	talk_followup_crossover_nora_elle_nora	bar	Nora	The one who can't just say the coffee was good.
world_events.rpy	talk_followup_crossover_nora_elle_nora	bar	narrator	She wipes down the counter.
world_events.rpy	talk_followup_crossover_nora_elle_nora	bar	Nora	She's fine. Just precise about what she'll admit.
world_events.rpy	talk_followup_crossover_nora_elle_elle	bar	Elle	Your barista knows my order.
world_events.rpy	talk_followup_crossover_nora_elle_elle	bar	[mc_name]	Nora.
world_events.rpy	talk_followup_crossover_nora_elle_elle	bar	Elle	She didn't ask.
world_events.rpy	talk_followup_crossover_nora_elle_elle	bar	[mc_name]	She doesn't need to.
world_events.rpy	talk_followup_crossover_nora_elle_elle	bar	Elle	I'm not sure how I feel about that.
world_events.rpy	talk_followup_crossover_nora_elle_elle	bar	[mc_name]	You keep going back.
world_events.rpy	talk_followup_crossover_nora_elle_elle	bar	Elle	That's not an answer.
world_events.rpy	talk_followup_crossover_lena_marcus_lena	bar	Dr. Lena	Your neighbour is observant.
world_events.rpy	talk_followup_crossover_lena_marcus_lena	bar	[mc_name]	Marcus?
world_events.rpy	talk_followup_crossover_lena_marcus_lena	bar	Dr. Lena	He noticed I was sitting in a draft. He didn't say anything — he just moved.
world_events.rpy	talk_followup_crossover_lena_marcus_lena	bar	[mc_name]	He's like that.
world_events.rpy	talk_followup_crossover_lena_marcus_lena	bar	Dr. Lena	Most people aren't.
world_events.rpy	talk_followup_crossover_lena_marcus_marcus	bar	Marcus	The doctor from the hospital. She drinks alone at the end of the bar.
world_events.rpy	talk_followup_crossover_lena_marcus_marcus	bar	[mc_name]	Lena.
world_events.rpy	talk_followup_crossover_lena_marcus_marcus	bar	Marcus	She doesn't look like someone who needs company. She looks like someone who's earned the quiet.
world_events.rpy	talk_followup_crossover_lena_marcus_marcus	bar	[mc_name]	That's a generous read.
world_events.rpy	talk_followup_crossover_lena_marcus_marcus	bar	Marcus	I just moved a stool.
world_events.rpy	talk_followup_crossover_sam_kai_sam	bar	Sam	Kai doesn't follow his own programme.
world_events.rpy	talk_followup_crossover_sam_kai_sam	bar	[mc_name]	Did you expect him to?
world_events.rpy	talk_followup_crossover_sam_kai_sam	bar	Sam	I thought I was the one with the structure problem.
world_events.rpy	talk_followup_crossover_sam_kai_sam	bar	[mc_name]	You're both structured. Differently.
world_events.rpy	talk_followup_crossover_sam_kai_sam	bar	Sam	His way isn't a structure. It's a performance.
world_events.rpy	talk_followup_crossover_sam_kai_sam	bar	narrator	She doesn't say it with contempt.
world_events.rpy	talk_followup_crossover_sam_kai_kai	bar	Kai	Sam tracks everything.
world_events.rpy	talk_followup_crossover_sam_kai_kai	bar	[mc_name]	She's methodical.
world_events.rpy	talk_followup_crossover_sam_kai_kai	bar	Kai	She tracks rest days like they're debts.
world_events.rpy	talk_followup_crossover_sam_kai_kai	bar	[mc_name]	Maybe they are for her.
world_events.rpy	talk_followup_crossover_sam_kai_kai	bar	Kai	Maybe. But the plan is supposed to serve you, not the other way around.
world_events.rpy	talk_followup_crossover_sam_kai_kai	bar	narrator	He says it lightly. He means it.
world_events.rpy	talk_followup_crossover_caroline_marcus_caroline	bar	Caroline	Your neighbour asked about dartboard rules last Thursday.
world_events.rpy	talk_followup_crossover_caroline_marcus_caroline	bar	[mc_name]	Was it an HR question?
world_events.rpy	talk_followup_crossover_caroline_marcus_caroline	bar	Caroline	He said it wasn't.
world_events.rpy	talk_followup_crossover_caroline_marcus_caroline	bar	[mc_name]	Was it?
world_events.rpy	talk_followup_crossover_caroline_marcus_caroline	bar	Caroline	No. But he framed it like one.
world_events.rpy	talk_followup_crossover_caroline_marcus_caroline	bar	narrator	She seems to find this mildly interesting.
world_events.rpy	talk_followup_crossover_caroline_marcus_marcus	bar	Marcus	The woman from the Thursday crowd — she's HR.
world_events.rpy	talk_followup_crossover_caroline_marcus_marcus	bar	[mc_name]	Caroline.
world_events.rpy	talk_followup_crossover_caroline_marcus_marcus	bar	Marcus	She told me she was off the clock. Which means she was counting the seconds.
world_events.rpy	talk_followup_crossover_caroline_marcus_marcus	bar	[mc_name]	You could have just asked her.
world_events.rpy	talk_followup_crossover_caroline_marcus_marcus	bar	Marcus	I wasn't asking for HR advice.
world_events.rpy	talk_followup_crossover_caroline_marcus_marcus	bar	[mc_name]	What were you asking?
world_events.rpy	talk_followup_crossover_caroline_marcus_marcus	bar	Marcus	Whether she had a sense of humour.
world_events.rpy	talk_followup_crossover_caroline_marcus_marcus	bar	[mc_name]	Does she?
world_events.rpy	talk_followup_crossover_caroline_marcus_marcus	bar	Marcus	She left without confirming it.
world_progression.rpy	unknown		narrator	it
world_progression.rpy	unknown		narrator	hospital
world_progression.rpy	unknown		narrator	culinary
world_progression.rpy	unknown		narrator	trainer
world_progression.rpy	unknown		narrator	milestone_id
world_progression.rpy	unknown		narrator	milestone_type
world_progression.rpy	unknown		narrator	context
world_progression.rpy	unknown		narrator	created_day
world_progression.rpy	unknown		narrator	label
world_progression.rpy	unknown		narrator	marcus
world_progression.rpy	unknown		narrator	Heard you moved up. Drinks are still not on me.
world_progression.rpy	unknown		narrator	talk_followup_promo_corporate_martha
world_progression.rpy	unknown		narrator	talk_followup_promo_corporate_caroline
world_progression.rpy	unknown		narrator	aftermath_id
world_progression.rpy	unknown		narrator	source
world_progression.rpy	unknown		narrator	outcome
world_progression.rpy	unknown		narrator	created_day
world_progression.rpy	unknown		narrator	eligible_day
world_progression.rpy	unknown		narrator	label
world_progression.rpy	unknown		narrator	nora
world_progression.rpy	unknown		narrator	About tonight — orientation ran longer than I thought. First real day. Can't do the close. Sorry.
world_progression.rpy	unknown		narrator	nora
world_progression.rpy	unknown		narrator	First week started. I have burns in places I didn't know could burn. It was good.
world_progression.rpy	unknown		narrator	elle
world_progression.rpy	unknown		narrator	Boarding. Don't make the far end of the pier sentimental while I'm gone.
world_progression.rpy	unknown		narrator	elle
world_progression.rpy	unknown		narrator	First week: the water here is colder than it looks. You'd like the light.
world_progression.rpy	unknown		narrator	elle
world_progression.rpy	unknown		narrator	Back Wednesday. Same far end of the pier.
world_progression.rpy	unknown		narrator	elle
world_progression.rpy	unknown		narrator	Still here. It stopped feeling like indecision once I said it out loud.
world_progression.rpy	unknown		narrator	elle
world_progression.rpy	unknown		narrator	Deadline passed. I let it. Not sure whether that's relief or cowardice yet.
world_progression.rpy	unknown		narrator	marcus
world_progression.rpy	unknown		narrator	You cleared it? Good. Now don't borrow money to celebrate clearing the money.
world_progression.rpy	unknown		narrator	rena
world_progression.rpy	unknown		narrator	kai
world_progression.rpy	unknown		narrator	zoe
world_progression.rpy	unknown		narrator	story_aftermath_zoe_exhibition
world_progression.rpy	talk_followup_nora_school_first_week		Nora	It's harder than Grounds. Different kind of hard.
world_progression.rpy	talk_followup_nora_school_first_week		narrator	She says it like a fact she's still processing.
world_progression.rpy	talk_followup_nora_school_first_week		Nora	There, I knew everything. I was competent. I'd built that over three years.
world_progression.rpy	talk_followup_nora_school_first_week		Nora	Here, I don't know anything yet. Everything I brought in is wrong in some specific way I didn't predict.
world_progression.rpy	talk_followup_nora_school_first_week		[mc_name]	Like what?
world_progression.rpy	talk_followup_nora_school_first_week		Nora	Temperature. I thought I understood how heat moves through fat.
world_progression.rpy	talk_followup_nora_school_first_week		Nora	I've worked with oil every shift for three years. Didn't matter.
world_progression.rpy	talk_followup_nora_school_first_week		narrator	She's looking at her hands when she says it.
world_progression.rpy	talk_followup_nora_school_first_week		Nora	They make you unlearn it first. Then build it again from the right direction.
world_progression.rpy	talk_followup_nora_school_first_week		[mc_name]	Is that bad?
world_progression.rpy	talk_followup_nora_school_first_week		Nora	It's just what it is.
world_progression.rpy	talk_followup_elle_post_decision		Elle	The pier looks smaller.
world_progression.rpy	talk_followup_elle_post_decision		[mc_name]	Same pier.
world_progression.rpy	talk_followup_elle_post_decision		Elle	I know. That's the thing.
world_progression.rpy	talk_followup_elle_post_decision		narrator	She stands at the railing. Not unhappy. Recalibrating.
world_progression.rpy	talk_followup_elle_post_decision		Elle	Going was correct. Coming back was also correct. I'm working out how both of those can be true.
world_progression.rpy	talk_followup_elle_post_decision		Elle	I stopped calling it temporary somewhere around week three.
world_progression.rpy	talk_followup_elle_post_decision		narrator	She says it like she's still working out what it means.
world_progression.rpy	talk_followup_elle_post_decision		Elle	It didn't feel like a decision in the moment. It just — stopped being provisional.
world_progression.rpy	talk_followup_elle_post_decision		[mc_name]	Is that the same thing?
world_progression.rpy	talk_followup_elle_post_decision		Elle	Close enough.
world_progression.rpy	talk_followup_elle_post_decision		Elle	I kept the option open.
world_progression.rpy	talk_followup_elle_post_decision		narrator	She doesn't apologise for it.
world_progression.rpy	talk_followup_elle_post_decision		Elle	I thought I was being thoughtful. I'm not sure whether that's true or just what I told myself.
world_progression.rpy	talk_followup_elle_post_decision		[mc_name]	Does it matter which?
world_progression.rpy	talk_followup_elle_post_decision		Elle	Probably not yet.
world_progression.rpy	talk_followup_promo_corporate_martha		Martha	You're aware the title changes what people bring to you — not what you actually know.
world_progression.rpy	talk_followup_promo_corporate_martha		[mc_name]	I assumed that.
world_progression.rpy	talk_followup_promo_corporate_martha		Martha	Good. The ones who need to hear it twice spend the first month repeating their new rank to whoever will listen.
world_progression.rpy	talk_followup_promo_corporate_martha		narrator	She looks back at what she was reading.
world_progression.rpy	talk_followup_promo_corporate_martha		Martha	The accountability catches up faster than the authority does. Be ready for that.
world_progression.rpy	talk_followup_promo_corporate_caroline		Caroline	I heard about your promotion.
world_progression.rpy	talk_followup_promo_corporate_caroline		narrator	She says it neutrally. Not warmly, not coldly.
world_progression.rpy	talk_followup_promo_corporate_caroline		Caroline	The view from the new floor is different. That's not a compliment or a warning — it's just what happens.
world_progression.rpy	talk_followup_promo_it		Eli	You know the actual change isn't the access level.
world_progression.rpy	talk_followup_promo_it		[mc_name]	What is it?
world_progression.rpy	talk_followup_promo_it		Eli	The next deployment that breaks something — that one's yours. Not as in blame. As in: you're the one who figures it out.
world_progression.rpy	talk_followup_promo_it		narrator	She's not saying it to alarm you.
world_progression.rpy	talk_followup_promo_it		Eli	It's different. That's all.
world_progression.rpy	talk_followup_promo_hospital		Dr. Lena	At your new rank, they look to you first. Not always for answers — sometimes just to see whether you're steady.
world_progression.rpy	talk_followup_promo_hospital		narrator	She says it the same way she says most things: like information, not advice.
world_progression.rpy	talk_followup_promo_hospital		Dr. Lena	The instinct is to have an answer ready. It's not always the right instinct.
world_progression.rpy	talk_followup_promo_culinary		Rena	You know what's harder than one good plate?
world_progression.rpy	talk_followup_promo_culinary		[mc_name]	Every plate.
world_progression.rpy	talk_followup_promo_culinary		Rena	Every plate. Same heat. Same hands. Eighty covers.
world_progression.rpy	talk_followup_promo_culinary		narrator	She doesn't elaborate. The promotion means you already know what she's about to say.
world_progression.rpy	talk_followup_promo_trainer		Kai	Being a trainer isn't about knowing what you can do.
world_progression.rpy	talk_followup_promo_trainer		[mc_name]	It's about knowing what they can't.
world_progression.rpy	talk_followup_promo_trainer		Kai	Close. What they think they can't but actually can — and knowing when to stop before you find out the hard way.
world_progression.rpy	talk_followup_promo_trainer		narrator	He says it without drama.
world_progression.rpy	talk_followup_apt_1_to_2		Marcus	You moved.
world_progression.rpy	talk_followup_apt_1_to_2		[mc_name]	Better place.
world_progression.rpy	talk_followup_apt_1_to_2		Marcus	Still feels like yours, though.
world_progression.rpy	talk_followup_apt_1_to_2		narrator	He glances around — not evaluating, just taking it in.
world_progression.rpy	talk_followup_apt_1_to_2		Marcus	Good. You kept the stuff that matters.
world_progression.rpy	talk_followup_apt_2_to_3		Marcus	You're paying how much for this?
world_progression.rpy	talk_followup_apt_2_to_3		[mc_name]	Don't ask.
world_progression.rpy	talk_followup_apt_2_to_3		Marcus	I'm asking.
world_progression.rpy	talk_followup_apt_2_to_3		narrator	He looks around with an expression that's mostly impressed and somewhat horrified.
world_progression.rpy	talk_followup_apt_2_to_3		Marcus	It's a lot. For a place to sleep and eat.
world_progression.rpy	talk_followup_apt_2_to_3		[mc_name]	And other things.
world_progression.rpy	talk_followup_apt_2_to_3		Marcus	Right. The ambience.
world_progression.rpy	talk_followup_degree_med_bach_lena		Dr. Lena	A bachelor's in medicine means you know enough to know what you don't know.
world_progression.rpy	talk_followup_degree_med_bach_lena		narrator	She says it without condescension.
world_progression.rpy	talk_followup_degree_med_bach_lena		Dr. Lena	That's the right place to be.
world_progression.rpy	talk_followup_degree_med_mast_lena		Dr. Lena	The master's changes the questions people will bring you.
world_progression.rpy	talk_followup_degree_med_mast_lena		narrator	She doesn't seem particularly surprised.
world_progression.rpy	talk_followup_degree_med_mast_lena		Dr. Lena	That's not a warning. It's just what it is.
world_progression.rpy	talk_followup_degree_prog_bach_eli		Eli	The degree doesn't make the code run.
world_progression.rpy	talk_followup_degree_prog_bach_eli		[mc_name]	I know.
world_progression.rpy	talk_followup_degree_prog_bach_eli		Eli	I know you know. I'm saying it anyway — it took me too long to stop caring whether I had the paper.
world_progression.rpy	talk_followup_degree_prog_bach_eli		narrator	She looks at her screen.
world_progression.rpy	talk_followup_degree_prog_bach_eli		Eli	It's worth something. Just not what most people think it is.
world_progression.rpy	talk_followup_degree_prog_mast_eli		Eli	Master's. They're going to assume that means you can architect anything.
world_progression.rpy	talk_followup_degree_prog_mast_eli		[mc_name]	Can't I?
world_progression.rpy	talk_followup_degree_prog_mast_eli		Eli	You can try. Most of what's real you'll learn from the third time something breaks at 2am.
world_progression.rpy	talk_followup_degree_biz_bach_martha		Martha	The bachelor's is a threshold. What's on the other side is on you.
world_progression.rpy	talk_followup_degree_biz_bach_martha		[mc_name]	I assumed that.
world_progression.rpy	talk_followup_degree_biz_bach_martha		Martha	Most people do. Fewer are prepared for it.
world_progression.rpy	talk_followup_degree_biz_bach_martha		narrator	She returns to what she was doing.
world_progression.rpy	talk_followup_degree_biz_mast_martha		Martha	MBA done.
world_progression.rpy	talk_followup_degree_biz_mast_martha		narrator	She doesn't elaborate immediately.
world_progression.rpy	talk_followup_degree_biz_mast_martha		Martha	Now people will assume you have opinions on things you've never touched. Have them anyway — or admit you don't. Pick one and be consistent.
world_progression.rpy	talk_followup_degree_biz_bach_caroline		Caroline	You finished the degree.
world_progression.rpy	talk_followup_degree_biz_bach_caroline		narrator	She says it the way she says most things — neutral, informational.
world_progression.rpy	talk_followup_degree_biz_bach_caroline		Caroline	That gets you further than people expect. Less than they'll tell you.
world_progression.rpy	talk_followup_degree_biz_mast_caroline		Caroline	Master's done. The credential carries weight in certain rooms.
world_progression.rpy	talk_followup_degree_biz_mast_caroline		narrator	She doesn't specify which rooms.
world_progression.rpy	talk_followup_degree_biz_mast_caroline		Caroline	You'll find out which ones.
world_progression.rpy	aftermath_rena_culinary_crisis		Rena	You caught it early.
world_progression.rpy	aftermath_rena_culinary_crisis		[mc_name]	The team noticed it first.
world_progression.rpy	aftermath_rena_culinary_crisis		Rena	Someone had to act on it. You did.
world_progression.rpy	aftermath_rena_culinary_crisis		narrator	She refills her glass without offering an opinion on how it should have gone differently.
world_progression.rpy	aftermath_rena_culinary_crisis		Rena	That's the thing with service. The problem happens. What matters is when you decide to move.
world_progression.rpy	aftermath_rena_culinary_crisis		narrator	She's quiet for a moment. Not occupied — considering.
world_progression.rpy	aftermath_rena_culinary_crisis		Rena	The service ran.
world_progression.rpy	aftermath_rena_culinary_crisis		[mc_name]	Yes.
world_progression.rpy	aftermath_rena_culinary_crisis		Rena	A service running is not the same as a service handled.
world_progression.rpy	aftermath_rena_culinary_crisis		narrator	She doesn't labour it.
world_progression.rpy	aftermath_rena_culinary_crisis		Rena	You know that. So we don't need to spend more time on it than it deserves.
world_progression.rpy	aftermath_rena_culinary_crisis		Rena	The dish itself was recoverable. You know that.
world_progression.rpy	aftermath_rena_culinary_crisis		[mc_name]	Yes.
world_progression.rpy	aftermath_rena_culinary_crisis		Rena	What wasn't recoverable was the window you let close.
world_progression.rpy	aftermath_rena_culinary_crisis		narrator	She looks at her glass rather than at you.
world_progression.rpy	aftermath_rena_culinary_crisis		Rena	Concealing a problem doesn't protect the service. It delays the damage and removes the option to fix it.
world_progression.rpy	aftermath_rena_culinary_crisis		Rena	We continue. But I'll need to see more over time.
world_progression.rpy	aftermath_kai_trainer_review		Kai	Stopping a client can take more authority than pushing them.
world_progression.rpy	aftermath_kai_trainer_review		[mc_name]	They didn't want to stop.
world_progression.rpy	aftermath_kai_trainer_review		Kai	That's when it's hardest. They came to train. You're the one who has to say no.
world_progression.rpy	aftermath_kai_trainer_review		narrator	She straightens a weight on the rack she's passing.
world_progression.rpy	aftermath_kai_trainer_review		Kai	The clients who push back when you stop them are the ones who need it most.
world_progression.rpy	aftermath_kai_trainer_review		Kai	The documentation was the right call.
world_progression.rpy	aftermath_kai_trainer_review		[mc_name]	I wasn't sure it would matter.
world_progression.rpy	aftermath_kai_trainer_review		Kai	It matters when something develops later and you need a chain of decisions.
world_progression.rpy	aftermath_kai_trainer_review		narrator	She pauses.
world_progression.rpy	aftermath_kai_trainer_review		Kai	Just don't let modification become a habit. It's not permission to keep going. It's a ceiling, not a floor.
world_progression.rpy	aftermath_kai_trainer_review		Kai	You made a wrong call and changed direction when you understood it.
world_progression.rpy	aftermath_kai_trainer_review		narrator	She doesn't say it to console — she says it as a professional observation.
world_progression.rpy	aftermath_kai_trainer_review		Kai	That's a better outcome than the ones who never correct, or the ones who correct but don't know why.
world_progression.rpy	aftermath_kai_trainer_review		[mc_name]	It doesn't undo the harm.
world_progression.rpy	aftermath_kai_trainer_review		Kai	No. But it's where the difference shows up in ten years.
world_progression.rpy	aftermath_kai_trainer_review		Kai	I still don't agree with your reasoning on the knee session.
world_progression.rpy	aftermath_kai_trainer_review		[mc_name]	I understand.
world_progression.rpy	aftermath_kai_trainer_review		Kai	I'm not sure you do yet. But the work continues and we'll see.
world_progression.rpy	aftermath_kai_trainer_review		narrator	She leaves it there. Not warm — open.
world_progression.rpy	aftermath_lena_hard_case		Dr. Lena	You made the call under ambiguous conditions. That's harder than it looks from the outside.
world_progression.rpy	aftermath_lena_hard_case		[mc_name]	The readings weren't definitive.
world_progression.rpy	aftermath_lena_hard_case		Dr. Lena	They rarely are. You don't wait for certainty before you act — you wait long enough to be sure you're not overreacting.
world_progression.rpy	aftermath_lena_hard_case		narrator	She turns a glass on the bar.
world_progression.rpy	aftermath_lena_hard_case		Dr. Lena	You found that line. Don't lose track of where it was.
world_progression.rpy	aftermath_lena_hard_case		[mc_name]	I won't.
world_progression.rpy	aftermath_lena_hard_case		Dr. Lena	I know.
world_progression.rpy	aftermath_lena_hard_case		Dr. Lena	The documentation mattered. I want you to know that.
world_progression.rpy	aftermath_lena_hard_case		[mc_name]	I wasn't sure stopping was the right call.
world_progression.rpy	aftermath_lena_hard_case		Dr. Lena	Stopping to document isn't stopping. It's part of the decision.
world_progression.rpy	aftermath_lena_hard_case		narrator	She's quiet for a moment.
world_progression.rpy	aftermath_lena_hard_case		Dr. Lena	The mistake people make is treating observation and action as opposites. They're not. Observation is an action.
world_progression.rpy	aftermath_lena_hard_case		[mc_name]	I'll remember that.
world_progression.rpy	aftermath_lena_hard_case		Dr. Lena	You told me before I had to ask. That's not a small thing in that environment.
world_progression.rpy	aftermath_lena_hard_case		narrator	She doesn't look away.
world_progression.rpy	aftermath_lena_hard_case		Dr. Lena	I don't excuse the original decision. You know that.
world_progression.rpy	aftermath_lena_hard_case		[mc_name]	Yes.
world_progression.rpy	aftermath_lena_hard_case		Dr. Lena	But what you do after a mistake matters as much as the mistake itself. Sometimes more.
world_progression.rpy	aftermath_lena_hard_case		Dr. Lena	You've shown me you can correct. I need to see you're not making the same call again.
world_progression.rpy	aftermath_lena_hard_case		Dr. Lena	I'm still thinking about your reasoning on that case.
world_progression.rpy	aftermath_lena_hard_case		[mc_name]	I know.
world_progression.rpy	aftermath_lena_hard_case		Dr. Lena	You saw ambiguity and treated it as permission to continue. That's the pattern I'm watching.
world_progression.rpy	aftermath_lena_hard_case		narrator	She holds her drink.
world_progression.rpy	aftermath_lena_hard_case		Dr. Lena	It's not about that specific patient. It's about how you read uncertainty. I need to see it change.
world_progression.rpy	aftermath_lena_hard_case		[mc_name]	I'm working on it.
world_progression.rpy	aftermath_lena_hard_case		Dr. Lena	Good.
world_progression.rpy	aftermath_it_production_incident		Eli	You had nine hundred records with an irregular pattern and a colleague telling you to let it run.
world_progression.rpy	aftermath_it_production_incident		[mc_name]	I didn't like the shape of it.
world_progression.rpy	aftermath_it_production_incident		Eli	That's what judgment looks like before it's confirmed as right. You don't always get the confirmation.
world_progression.rpy	aftermath_it_production_incident		[mc_name]	This time we got it.
world_progression.rpy	aftermath_it_production_incident		Eli	This time. File the shape of that feeling away.
world_progression.rpy	aftermath_it_production_incident		Eli	The partition held because the documentation was complete.
world_progression.rpy	aftermath_it_production_incident		[mc_name]	I wasn't certain the boundary would hold.
world_progression.rpy	aftermath_it_production_incident		Eli	Most of the time it won't. You document it anyway.
world_progression.rpy	aftermath_it_production_incident		[mc_name]	For the next person.
world_progression.rpy	aftermath_it_production_incident		Eli	For you, in three months, when you've forgotten what you were thinking.
world_progression.rpy	aftermath_it_production_incident		Eli	You got what you were trying to avoid — the user impact — and you owned it.
world_progression.rpy	aftermath_it_production_incident		[mc_name]	Not the order I'd have chosen.
world_progression.rpy	aftermath_it_production_incident		Eli	No. What changed?
world_progression.rpy	aftermath_it_production_incident		[mc_name]	I know what the delay actually costs versus what the impact costs.
world_progression.rpy	aftermath_it_production_incident		Eli	That's the part you can only learn the hard way. You've learned it.
world_progression.rpy	aftermath_it_production_incident		Eli	The deadline reasoning didn't hold up.
world_progression.rpy	aftermath_it_production_incident		[mc_name]	The scope looked contained.
world_progression.rpy	aftermath_it_production_incident		Eli	You flagged it yourself before you suppressed it.
world_progression.rpy	aftermath_it_production_incident		narrator	She doesn't say it unkindly.
world_progression.rpy	aftermath_it_production_incident		Eli	You knew. That's the part worth sitting with.
world_progression.rpy	aftermath_corp_reporting_integrity		Caroline	The reporting situation. The data turned out to be wrong at the source.
world_progression.rpy	aftermath_corp_reporting_integrity		[mc_name]	I didn't know that at the time.
world_progression.rpy	aftermath_corp_reporting_integrity		Caroline	No. You stopped a number from going to the board because you weren't certain it was correct.
world_progression.rpy	aftermath_corp_reporting_integrity		[mc_name]	That's what I'm supposed to do.
world_progression.rpy	aftermath_corp_reporting_integrity		Caroline	Yes. I'm telling you it was noticed.
world_progression.rpy	aftermath_corp_reporting_integrity		Caroline	The reconciliation note.
world_progression.rpy	aftermath_corp_reporting_integrity		[mc_name]	It held the figure from being treated as final.
world_progression.rpy	aftermath_corp_reporting_integrity		Caroline	People use what's in those decks to make decisions. Your note drew the right line.
world_progression.rpy	aftermath_corp_reporting_integrity		[mc_name]	It was the only defensible one.
world_progression.rpy	aftermath_corp_reporting_integrity		Caroline	That's the right way to think about it.
world_progression.rpy	aftermath_corp_reporting_integrity		Caroline	The written account you submitted.
world_progression.rpy	aftermath_corp_reporting_integrity		[mc_name]	It was complete.
world_progression.rpy	aftermath_corp_reporting_integrity		Caroline	It was. That's not a small thing.
world_progression.rpy	aftermath_corp_reporting_integrity		[mc_name]	The alteration was still wrong.
world_progression.rpy	aftermath_corp_reporting_integrity		Caroline	Yes. But how you handled what came after matters. Both things are on record.
world_progression.rpy	aftermath_corp_reporting_integrity		Caroline	Target pressure is real. I understand why you made the call you made.
world_progression.rpy	aftermath_corp_reporting_integrity		[mc_name]	You asked me to reconcile it.
world_progression.rpy	aftermath_corp_reporting_integrity		Caroline	I asked you to reconcile the discrepancy. Not replace the source figure.
world_progression.rpy	aftermath_corp_reporting_integrity		narrator	A pause.
world_progression.rpy	aftermath_corp_reporting_integrity		Caroline	What you submit is what others act on. That's the weight of it.
world_progression.rpy	aftermath_wh_damaged_shipment		Natalie	The pallet failed sitting still.
world_progression.rpy	aftermath_wh_damaged_shipment		[mc_name]	I know.
world_progression.rpy	aftermath_wh_damaged_shipment		Natalie	You said stop, and it stopped.
world_progression.rpy	aftermath_wh_damaged_shipment		[mc_name]	I didn't know it would fail while stationary.
world_progression.rpy	aftermath_wh_damaged_shipment		Natalie	That's why we have the rule. You don't need to know. You need to see the shape and call it.
world_progression.rpy	aftermath_wh_damaged_shipment		[mc_name]	I called it.
world_progression.rpy	aftermath_wh_damaged_shipment		Natalie	Yeah.
world_progression.rpy	aftermath_wh_damaged_shipment		Natalie	The process audit came back.
world_progression.rpy	aftermath_wh_damaged_shipment		[mc_name]	Did they find what caused the near-misses?
world_progression.rpy	aftermath_wh_damaged_shipment		Natalie	Same loading sequence, different pallets. Your dispatch note is in the report.
world_progression.rpy	aftermath_wh_damaged_shipment		[mc_name]	It seemed worth documenting.
world_progression.rpy	aftermath_wh_damaged_shipment		Natalie	It was. Things like that sit in the near-miss list for years if no one writes them down.
world_progression.rpy	aftermath_wh_damaged_shipment		Natalie	The written account.
world_progression.rpy	aftermath_wh_damaged_shipment		[mc_name]	I moved it knowing it wasn't secure. I wanted to make the window.
world_progression.rpy	aftermath_wh_damaged_shipment		Natalie	Did the deadline change when the shipment was damaged?
world_progression.rpy	aftermath_wh_damaged_shipment		[mc_name]	No.
world_progression.rpy	aftermath_wh_damaged_shipment		Natalie	Deadlines don't move when the job goes wrong. That's the part that changes how you look at them.
world_progression.rpy	aftermath_wh_damaged_shipment		Natalie	The schedule was behind.
world_progression.rpy	aftermath_wh_damaged_shipment		[mc_name]	I know that's not the point.
world_progression.rpy	aftermath_wh_damaged_shipment		Natalie	You flagged the corner. You moved it anyway.
world_progression.rpy	aftermath_wh_damaged_shipment		[mc_name]	I thought the risk was manageable.
world_progression.rpy	aftermath_wh_damaged_shipment		Natalie	Did the window change your definition of manageable?
world_progression.rpy	aftermath_wh_damaged_shipment		narrator	She doesn't wait for an answer.
world_pulse.rpy	unknown		narrator	art_market_park
world_pulse.rpy	unknown		narrator	name
world_pulse.rpy	unknown		narrator	location
world_pulse.rpy	unknown		narrator	hours
world_pulse.rpy	unknown		narrator	day_weights
world_pulse.rpy	unknown		narrator	cooldown_days
world_pulse.rpy	unknown		narrator	npc_affinities
world_pulse.rpy	unknown		narrator	ambient_count
world_pulse.rpy	unknown		narrator	location_modifiers
world_pulse.rpy	unknown		narrator	busking_crowd
world_pulse.rpy	unknown		narrator	announcement
world_pulse.rpy	unknown		narrator	aftermath
world_pulse.rpy	unknown		narrator	blurb
world_pulse.rpy	unknown		narrator	bar_trivia_night
world_pulse.rpy	unknown		narrator	name
world_pulse.rpy	unknown		narrator	location
world_pulse.rpy	unknown		narrator	hours
world_pulse.rpy	unknown		narrator	day_weights
world_pulse.rpy	unknown		narrator	cooldown_days
world_pulse.rpy	unknown		narrator	npc_affinities
world_pulse.rpy	unknown		narrator	ambient_count
world_pulse.rpy	unknown		narrator	location_modifiers
world_pulse.rpy	unknown		narrator	announcement
world_pulse.rpy	unknown		narrator	blurb
world_pulse.rpy	unknown		narrator	gym_challenge
world_pulse.rpy	unknown		narrator	name
world_pulse.rpy	unknown		narrator	location
world_pulse.rpy	unknown		narrator	hours
world_pulse.rpy	unknown		narrator	day_weights
world_pulse.rpy	unknown		narrator	cooldown_days
world_pulse.rpy	unknown		narrator	npc_affinities
world_pulse.rpy	unknown		narrator	ambient_count
world_pulse.rpy	unknown		narrator	location_modifiers
world_pulse.rpy	unknown		narrator	announcement
world_pulse.rpy	unknown		narrator	blurb
world_pulse.rpy	unknown		narrator	park_busy_afternoon
world_pulse.rpy	unknown		narrator	name
world_pulse.rpy	unknown		narrator	location
world_pulse.rpy	unknown		narrator	hours
world_pulse.rpy	unknown		narrator	day_weights
world_pulse.rpy	unknown		narrator	cooldown_days
world_pulse.rpy	unknown		narrator	npc_affinities
world_pulse.rpy	unknown		narrator	ambient_count
world_pulse.rpy	unknown		narrator	location_modifiers
world_pulse.rpy	unknown		narrator	blurb
world_pulse.rpy	unknown		narrator	library_workshop
world_pulse.rpy	unknown		narrator	name
world_pulse.rpy	unknown		narrator	location
world_pulse.rpy	unknown		narrator	hours
world_pulse.rpy	unknown		narrator	day_weights
world_pulse.rpy	unknown		narrator	cooldown_days
world_pulse.rpy	unknown		narrator	npc_affinities
world_pulse.rpy	unknown		narrator	ambient_count
world_pulse.rpy	unknown		narrator	location_modifiers
world_pulse.rpy	unknown		narrator	announcement
world_pulse.rpy	unknown		narrator	blurb
world_pulse.rpy	unknown		narrator	cafe_tasting
world_pulse.rpy	unknown		narrator	name
world_pulse.rpy	unknown		narrator	location
world_pulse.rpy	unknown		narrator	hours
world_pulse.rpy	unknown		narrator	day_weights
world_pulse.rpy	unknown		narrator	cooldown_days
world_pulse.rpy	unknown		narrator	npc_affinities
world_pulse.rpy	unknown		narrator	ambient_count
world_pulse.rpy	unknown		narrator	location_modifiers
world_pulse.rpy	unknown		narrator	announcement
world_pulse.rpy	unknown		narrator	aftermath
world_pulse.rpy	unknown		narrator	blurb
world_pulse.rpy	unknown		narrator	hub_flea_market
world_pulse.rpy	unknown		narrator	name
world_pulse.rpy	unknown		narrator	location
world_pulse.rpy	unknown		narrator	hours
world_pulse.rpy	unknown		narrator	day_weights
world_pulse.rpy	unknown		narrator	cooldown_days
world_pulse.rpy	unknown		narrator	npc_affinities
world_pulse.rpy	unknown		narrator	ambient_count
world_pulse.rpy	unknown		narrator	location_modifiers
world_pulse.rpy	unknown		narrator	announcement
world_pulse.rpy	unknown		narrator	blurb
world_pulse.rpy	unknown		narrator	beach_evening
world_pulse.rpy	unknown		narrator	name
world_pulse.rpy	unknown		narrator	location
world_pulse.rpy	unknown		narrator	hours
world_pulse.rpy	unknown		narrator	day_weights
world_pulse.rpy	unknown		narrator	cooldown_days
world_pulse.rpy	unknown		narrator	npc_affinities
world_pulse.rpy	unknown		narrator	ambient_count
world_pulse.rpy	unknown		narrator	location_modifiers
world_pulse.rpy	unknown		narrator	announcement
world_pulse.rpy	unknown		narrator	blurb
world_pulse.rpy	unknown		narrator	cafe_musician
world_pulse.rpy	unknown		narrator	location
world_pulse.rpy	unknown		narrator	weight
world_pulse.rpy	unknown		narrator	intro
world_pulse.rpy	unknown		narrator	actions
world_pulse.rpy	unknown		narrator	outcome
world_pulse.rpy	unknown		narrator	cafe_crowded
world_pulse.rpy	unknown		narrator	location
world_pulse.rpy	unknown		narrator	weight
world_pulse.rpy	unknown		narrator	intro
world_pulse.rpy	unknown		narrator	location_modifiers
world_pulse.rpy	unknown		narrator	actions
world_pulse.rpy	unknown		narrator	park_portrait_artist
world_pulse.rpy	unknown		narrator	location
world_pulse.rpy	unknown		narrator	weight
world_pulse.rpy	unknown		narrator	intro
world_pulse.rpy	unknown		narrator	actions
world_pulse.rpy	unknown		narrator	bar_pool_argument
world_pulse.rpy	unknown		narrator	location
world_pulse.rpy	unknown		narrator	weight
world_pulse.rpy	unknown		narrator	intro
world_pulse.rpy	unknown		narrator	actions
world_pulse.rpy	unknown		narrator	gym_trainer_demo
world_pulse.rpy	unknown		narrator	location
world_pulse.rpy	unknown		narrator	weight
world_pulse.rpy	unknown		narrator	intro
world_pulse.rpy	unknown		narrator	actions
world_pulse.rpy	unknown		narrator	library_study_group
world_pulse.rpy	unknown		narrator	location
world_pulse.rpy	unknown		narrator	weight
world_pulse.rpy	unknown		narrator	intro
world_pulse.rpy	unknown		narrator	location_modifiers
world_pulse.rpy	unknown		narrator	actions
world_pulse.rpy	unknown		narrator	hub_pitch_practice
world_pulse.rpy	unknown		narrator	location
world_pulse.rpy	unknown		narrator	weight
world_pulse.rpy	unknown		narrator	intro
world_pulse.rpy	unknown		narrator	actions
world_pulse.rpy	unknown		narrator	outcome
world_pulse.rpy	unknown		narrator	park_lost_dog
world_pulse.rpy	unknown		narrator	location
world_pulse.rpy	unknown		narrator	weight
world_pulse.rpy	unknown		narrator	intro
world_pulse.rpy	unknown		narrator	actions
world_pulse.rpy	unknown		narrator	
world_pulse.rpy	unknown		narrator	
world_pulse.rpy	unknown		narrator	generated
world_pulse.rpy	unknown		narrator	name
world_pulse.rpy	unknown		narrator	hours
world_pulse.rpy	unknown		narrator	blurb
world_pulse.rpy	unknown		narrator	location_modifiers
world_pulse.rpy	unknown		narrator	npcs
world_pulse.rpy	unknown		narrator	id
world_pulse.rpy	unknown		narrator	location
world_pulse.rpy	unknown		narrator	hours
world_pulse.rpy	unknown		narrator	intro
world_pulse.rpy	unknown		narrator	location_modifiers
world_pulse.rpy	unknown		narrator	seen
world_pulse.rpy	unknown		narrator	minor_incidents
world_pulse.rpy	unknown		narrator	
world_pulse.rpy	unknown		narrator	
world_pulse.rpy	unknown		narrator	
world_pulse.rpy	unknown		narrator	text
world_pulse.rpy	unknown		narrator	
world_pulse.rpy	unknown		narrator	%s\n\n%s, %02d:00-%02d:00, in %d day%s.
world_pulse.rpy	unknown		narrator	display_name
world_pulse.rpy	unknown		narrator	city
world_pulse.rpy	unknown		narrator	%s — %s. %s
world_pulse.rpy	unknown		narrator	tomorrow
world_pulse.rpy	unknown		narrator	
world_pulse.rpy	unknown		narrator	%s wrapped up yesterday. Bigger turnout than expected.
world_pulse.rpy	unknown		narrator	programming
world_pulse.rpy	unknown		narrator	mechanics
world_pulse.rpy	unknown		narrator	
world_pulse.rpy	unknown		narrator	cafe_freelance_lead
world_pulse.rpy	unknown		narrator	activity
world_pulse.rpy	unknown		narrator	min_skill
world_pulse.rpy	unknown		narrator	sender
world_pulse.rpy	unknown		narrator	subject
world_pulse.rpy	unknown		narrator	body
world_pulse.rpy	unknown		narrator	small piece of work if you want to talk about it. 
world_pulse.rpy	unknown		narrator	Check the freelance board this week.
world_pulse.rpy	unknown		narrator	busking_venue_contact
world_pulse.rpy	unknown		narrator	activity
world_pulse.rpy	unknown		narrator	min_reputation
world_pulse.rpy	unknown		narrator	chance
world_pulse.rpy	unknown		narrator	sender
world_pulse.rpy	unknown		narrator	subject
world_pulse.rpy	unknown		narrator	body
world_pulse.rpy	unknown		narrator	come find us — the open mic is the usual way in.
world_pulse.rpy	unknown		narrator	art_market_commission
world_pulse.rpy	unknown		narrator	activity
world_pulse.rpy	unknown		narrator	min_reputation
world_pulse.rpy	unknown		narrator	chance
world_pulse.rpy	unknown		narrator	sender
world_pulse.rpy	unknown		narrator	subject
world_pulse.rpy	unknown		narrator	body
world_pulse.rpy	unknown		narrator	board is the right place to arrange it.
world_pulse.rpy	unknown		narrator	
world_pulse.rpy	unknown		narrator	
